record_id,study_label,title,year,journal,doi,publication_status,therapeutic_axis,tumor_site,tumor_site_detail,stage_context,stage_detail,study_design,setting,country,data_source,data_source_detail,n_analytic,n_unit,n_source,n_performance,n_train,n_test,therapeutic_decision,therapeutic_decision_detail,treatment_context,data_modality,data_modality_detail,ai_task,ai_family,algorithm,input_features,comparator,comparator_detail,primary_outcome,performance_metric,performance_value,primary_metric_value,primary_metric_ci_low,primary_metric_ci_high,performance_cohort,performance_source,patient_outcomes_reported,patient_outcomes_detail,validation_level,validation_basis,validation_detail,calibration_reported,explainability_reported,clinical_translation_stage,code_availability,data_availability,reporting_guideline,funding,conflicts_of_interest,key_finding,limitations_as_stated,other_models_outcomes,supplement_needed,extractor_id,extraction_mode,extracted_at,extraction_status,extraction_note,needs_review,batch
REC-AICRCTX-000005,Min2026,MRI radiomics-based machine learning model for complete response classification after chemoradiotherapy in advanced rectal cancer.,2026,Digit Health,10.1177/20552076261484806,peer_reviewed,tox_surg,rectum,Low and mid rectal cancer (upper rectum excluded),locally_advanced_rectal,Advanced / locally advanced rectal cancer treated with NCRT; cTNM not reported,retrospective_cohort,single_center,South Korea,own_cohort,Gachon University Gil Medical Center; 3.0T post-NCRT T2WI MRI of patients diagnosed Dec 2012-Jul 2025,223,patients,"Results section 3 and Table 2 (223 patients: 47 CR, 176 non-CR; 417 ROIs)",NR,NR,NR,organ_preservation_watch_wait,Identify complete responders after NCRT to select candidates for watch-and-wait,Neoadjuvant chemoradiotherapy then watch-and-wait vs surgery,radiology_imaging,Post-NCRT axial T2-weighted 3.0T MRI; 107 PyRadiomics features from manual ROIs,classification,classical_ml,"16 combinations of feature selection (ANOVA, RFE, SBS, LASSO) x classifier (LR, SVM, RF, XGBoost); best RFE+SVM","107 radiomic features (first order, GLCM, GLRLM, GLSZM, GLDM, NGTDM, shape) from post-NCRT T2WI; RFE kept 10",other_ai_model,Other feature-selection/classifier combinations; no clinician or clinical-model comparator,"Complete response (pathologic CR, or sustained CR with >=5y follow-up without surgery) vs non-CR",sensitivity_specificity,"Independent test set, RFE+SVM: sensitivity 0.84 (0.73-0.94), specificity 0.80 (0.72-0.89), accuracy 0.82 (0.76-0.88), F1 0.82 (0.76-0.88), AUC 0.86 (0.80-0.92) (Table 3); training 5-fold CV mean AUC 0.89 (abstract, Fig 3)",0.84,0.73,0.94,internal_test,Table 3 (SVM row) and Abstract; primary_metric_value = sensitivity for CR class,no,No survival or recurrence analysis by predicted class,internal_holdout,performance_metric,Patient-level stratified split into training set and independent test set from the same single-center cohort; 5-fold CV and tuning inside training set; test-set size and split ratio not reported; no external validation,no,yes,research_only,NR,upon_request,TRIPOD-AI,"Korean MOTIE program (RS-202502305698, Digital Medical Products Development Based on Medical Data Synthesis and AI Technologies)",none_declared,"RFE+SVM on post-NCRT MRI radiomics classified CR vs non-CR with test sensitivity 0.84 and specificity 0.80; exploratory, single-center, no external validation.",Retrospective single center; small CR group (47) with class imbalance; no external validation; no calibration or decision curve analysis; single-observer ROI without interobserver testing; TotalEnergy dependence on voxel geometry.,Other test-set results (sens/spec/acc/F1/AUC): LR 0.84/0.78/0.82/0.82/0.88; RF 0.85/0.71/0.78/0.79/0.89; XGB 0.82/0.78/0.80/0.80/0.87,no,REV-ALCIDES,ai_assisted_single_reviewer,2026-10-07,complete,INCONSISTENT: Table 3 test AUC for SVM is 0.86 (RF 0.89) whereas text/abstract cite RFE+SVM AUC 0.89 as 5-fold CV in training set; Methods also say CV was on the entire 223-patient cohort. Test set size and split ratio not reported (n_performance/n_train/n_test NR). Multiple ROIs per CR patient were averaged to patient-level vectors. CR label mixes pCR (43) and 5-year sustained clinical CR (4). Sensitivity chosen as headline (abstract test metrics).,no,batch-01
REC-AICRCTX-000010,Peng2026,Metabolic dynamic score and machine learning: a novel approach to predicting pathological complete response in rectal cancer after neoadjuvant chemoradiotherapy.,2026,Front Oncol,10.3389/fonc.2026.1910909,peer_reviewed,neoadj_pcr_ww,rectum,"Locally advanced rectal cancer, mean distance from anal verge about 5.6 cm",locally_advanced_rectal,"cT1-4 (cT3-4 about 95%), cN0 vs cN+ (about 77% cN+); AJCC 8th; all received preoperative NCRT",retrospective_cohort,multicenter,China,own_cohort,"Two hospitals in Fujian (Center 1 n=846; Center 2 n=454), Jun 2010-Jul 2017; Center 2 used as external validation",1300,patients,Methods 2.1 / Results 3.1 and Table 2,454,650,650,neoadjuvant_response,Predict pCR after NCRT to support MDT decisions (watch-and-wait or organ preservation if high probability; early surgery or intensified adjuvant therapy if low),"Neoadjuvant chemoradiotherapy (IMRT 45 Gy + boost; CapeOX, capecitabine or FOLFOX) followed by TME",clinical_tabular,"Serum biochemistry before and after NCRT (Metabolic Dynamic Score: GGT, ALP, delta-LDL, post-HDL, ApoA) plus cT, cN, tumor size",classification,classical_ml,XGBoost (selected among 10 ML algorithms); MDS built by multivariable logistic regression,"MDS, tumor size, clinical T stage, clinical N stage (MDS requires post-NCRT laboratory values)",other_ai_model,"Nine other ML algorithms (RF, DT, LR, LightGBM, AdaBoost, kNN, SVM, naive Bayes, MLP); logistic nomogram",Pathological complete response (no viable tumor cells in primary and regional nodes),AUC,"XGBoost external validation (Center 2, n=454): AUC 0.92, AUPRC 0.779; training: AUC 0.93, AUPRC 0.732; internal validation (n=196): reported only in figures (Fig 3D-E); external AUC male 0.92 / female 0.91; logistic nomogram AUC 0.929 (0.902-0.956), AP 0.791",0.92,NR,NR,external,Abstract; Results 3.5 (Figures 4B-C),no,No survival or recurrence analysis,external_retrospective,performance_metric,"Random stratified 70/30 split of Center 1 (training n=650, internal validation n=196), 10-fold CV for tuning, and independent retrospective cohort from Center 2 (n=454, same province); one external site only",yes,yes,retrospective_validation,yes,upon_request,other,National Natural Science Foundation of China (82172800); Fujian Provincial special funds (2020B019); Fujian Joint Funds (2020Y9125); First Affiliated Hospital of Fujian Medical University talent program (YJRC3600),none_declared,"XGBoost using a Metabolic Dynamic Score (pre/post-NCRT serum lipids and enzymes) plus cT, cN and tumor size predicted pCR with external AUC 0.92; authors frame it as exploratory pending prospective validation.",Retrospective with selection bias; heterogeneous CRT regimens without stratification; no nutritional covariates; both centers in same Chinese province limiting generalizability; applicability to TNT/short-course RT unproven.,"Logistic nomogram (MDS, cT, cN, tumor size): AUC 0.929 (0.902-0.956), AP 0.791 (Fig 2); nine other ML models compared in figures/heatmaps only",no,REV-ALCIDES,ai_assisted_single_reviewer,2026-10-07,complete,Code at GitHub panzhen1998/MDS; data 'available without undue reservation' coded upon_request; guideline STROCSS (coded other). n_test = 196 internal + 454 external. MDS text formula signs differ from Table 1 (table coefficients used) and Discussion calls variables 'pretreatment baseline' although MDS needs post-NCRT labs. Interactive web tool provided (Supp Fig 1). Primary metric CI not reported in text; internal-validation numbers only in figures.,no,batch-01
REC-AICRCTX-000017,Mens2026,"Prediction of Pathological Complete Response after Chemoradiation for Locally Advanced Rectal Cancer Using Machine Learning with Clinical Features, the INTERCEPTOR Study Preliminary Model.",2026,J Anus Rectum Colon,10.23922/jarc.2025-106,peer_reviewed,neoadj_pcr_ww,rectum,Locally advanced rectal cancer; distance to anorectal junction categories reported,locally_advanced_rectal,"LARC per Dutch guideline (cT4, or cT3 with MRF <1 mm, cN2, EMVI or extra-mesorectal nodes); cT3 about 49%, cT4 about 51%; cN+ about 79%; cM0",retrospective_cohort,single_center,Netherlands,own_cohort,"Prospectively maintained institutional registry, Erasmus MC Cancer Institute, TME 2004-2018 after long-course CRT",238,patients,Results 'Included patients' and Table 1 (238; 30 pCR); 218 in multivariate XGBoost analysis,218,NA,NA,neoadjuvant_response,Pretreatment prediction of pCR after CRT to help patients decide on CRT and to identify candidates for organ preservation / watch-and-wait,Long-course chemoradiotherapy (50-50.4 Gy + capecitabine) followed by TME,clinical_tabular,"Pretreatment clinical and radiological-report variables (positive node count on MRI, cN, cT, weight, BMI, distance to anorectal junction)",classification,classical_ml,XGBoost with handcrafted feature-subset search; 5-fold cross-validation,"Best combination: number of radiologically positive nodes, weight, cN stage",ablation_or_baseline_model,Single-variable XGBoost (positive node count) and other handcrafted feature combinations,"Pathological complete response (ypT0N0M0, Mandard TRG1)",AUC,"Combination 1 (positive nodes + weight + cN), 5-fold CV mean±SD: AUC 0.74±0.11, sensitivity 0.500±0.279, specificity 0.835±0.032, balanced accuracy 0.667±0.130; single positive-node model: AUC 0.65±0.04, sens 0.83±0.15, spec 0.45±0.10",0.74,NR,NR,cross_validation,Table 2 (Case 1); Abstract and Results for single-variable model,no,No survival or recurrence analysis,internal_cv,performance_metric,Internal 5-fold cross-validation only within the same single-center dataset; no independent test or external cohort; metrics reported as mean ± SD across folds,no,yes,research_only,NR,upon_request,none_stated,No specific grant or funding,none_declared,Pretreatment clinical variables gave only poor-to-fair pCR discrimination (single positive-node count AUC 0.65; best combination AUC 0.74) in an XGBoost CV analysis of 238 LARC patients.,No external validation; class imbalance (12.6% pCR) and small sample with overfitting risk; no lateral lymph node data; clinical-only features without imaging/pathology/molecular data.,Other handcrafted combinations (AUC): positive nodes+weight 0.72; positive nodes+distance 0.62; positive nodes+number nodes 0.65; positive nodes+cT 0.65; cN stage 0.63,no,REV-ALCIDES,ai_assisted_single_reviewer,2026-10-07,complete,"Main model choice: abstract anchors on single positive-node model (AUC 0.65) while Methods/Results single out the best multivariate model (Combination 1, AUC 0.74); by rule 2(b) Combination 1 taken as primary and the single-variable model recorded in performance_value. Table 2 label 'Case 6: cN stage' vs footnote 'Combination 6: positive nodes with cT and cN' differ. 20 of 238 patients excluded from multivariate analysis for missing data (median imputation for continuous). Feature subset chosen by handcrafted search on the same CV data (possible optimistic bias). Figure/supplement references (Figures X, Z) are placeholders in the text.",yes,batch-01
REC-AICRCTX-000019,Shen2026,Tumour cell density quantified by artificial intelligence is associated with differential benefit from irinotecan-based chemo-radiotherapy in locally advanced rectal cancer: a post-hoc study of the phase 3 ARISTOTLE trial.,2026,EBioMedicine,10.1016/j.ebiom.2026.106397,peer_reviewed,neoadj_pcr_ww,rectum,MRI-defined locally advanced rectal cancer,locally_advanced_rectal,"MRI T2 6%, T3 78%, T4 17%; N0 24%, N1 46%, N2 30%; LARC in long-course nCRT",trial_secondary_analysis,multicenter,United Kingdom,trial_data,"ARISTOTLE phase 3 trial (ISRCTN09351447), 414 of 564 participants with digitised pre-treatment biopsy H&E WSIs; AI quality assessed on 116 external WSIs and 100 ARISTOTLE resection WSIs",414,patients,Abstract and Methods 'Study design'; pCR analysis restricted to 355 (Table 3),116,NR,116,treatment_intensification,Candidate predictive biomarker (TCD) to select patients for irinotecan-intensified neoadjuvant CRT vs standard CRT,Capecitabine + RT (CRT) vs capecitabine + irinotecan + RT (IrCRT),digital_pathology,H&E whole-slide images of pre-treatment biopsies (20x); tissue classifier plus cell detector,segmentation_plus_prediction,deep_learning,EfficientNet tissue classifier (trained on NCT-CRC-HE-100K) + pre-trained SoftCTM cell detector; TCD = tumour cells / classifiable cells in tumour and stroma regions; cut-off 0.5 (cohort median),Digitised H&E biopsy WSIs; outputs TCD-high (>=0.5) vs TCD-low,clinician_or_expert,AI-derived TCD compared with pathologist-annotated TCD; treatment arm CRT vs IrCRT used for interaction analysis,DFS and OS (primary) and pCR (secondary) by TCD status and treatment arm; AI TCD agreement with manual TCD for tool quality,concordance_agreement,"AI vs manual TCD: Lin CCC 0.831 (0.760-0.886) in 116 external WSIs; CCC 0.801 (0.732-0.857) in 100 ARISTOTLE resection WSIs; categorical agreement 93%, kappa 0.854; tissue classifier precision 0.873, recall 0.984. Treatment-TCD interaction: DFS chi2 6.88 p=0.009, OS chi2 10.61 p=0.001",0.831,0.76,0.886,external,Results 'Tumour cell density identified by AI' and Fig 2a,prognostic_association,"TCD-high: IrCRT vs CRT DFS HR 0.57 (0.36-0.90), OS HR 0.50 (0.30-0.84), pCR 23% vs 11% (adjusted p=0.13); TCD-low: no benefit, OS trend worse (HR 1.55, 0.96-2.51); TCD alone not prognostic",external_retrospective,outcome_association,"AI tools trained on public NCT-CRC-HE-100K (not on ARISTOTLE) then applied to 414 trial biopsies; cut-off 0.5 = median, not outcome-optimised; measurement agreement checked on 116 external WSIs and 100 trial resection WSIs; clinical value tested only as treatment-by-TCD interaction in a post-hoc trial analysis, no prospective test",no,no,retrospective_validation,yes,upon_request,none_stated,Cancer Research UK Radiation Research Network seed funding; CRUK ARISTOTLE sample collection grant (A18745); UKRI Future Leadership Fellowship (MR/T040785/1); CRUK City of London Centre Award (C7893/A2899),"NPW reports grants from Yorkshire Cancer Research, NIHR, GSK, Pierre Fabre, Roche Diagnostics and consulting fees from BMS, Astellas, Pfizer, GSK, Amgen, Servier; other authors none","AI-derived tumour cell density from pre-treatment biopsies showed a significant treatment-by-TCD interaction: irinotecan-intensified CRT improved DFS and OS only in TCD-high patients (post-hoc, hypothesis-generating).",Post-hoc analysis of a trial sub-cohort without prespecified protocol; needs independent and prospective validation; AI measurement could be refined; molecular correlates not comprehensively evaluated.,NR,yes,REV-ALCIDES,ai_assisted_single_reviewer,2026-10-07,complete,"Not a predictive classifier of an outcome: the AI quantifies TCD and the clinical claim is treatment-effect heterogeneity. Primary metric is AI-vs-manual agreement (CCC) in the 116 external WSIs (n_test=116; n_unit mixes patients/WSIs); validation_basis=outcome_association because the 414-patient trial cohort has no TCD reference label. Tissue-classifier training/validation split and metrics only in Table S3 (n_train NR, supplement_needed=yes). The ARISTOTLE trial patients may overlap with other ARISTOTLE post-hoc biomarker studies cited in the paper. Interaction results in abstract (chi2) vs HR 0.44 in Results are different statistics of the same test.",yes,batch-01
REC-AICRCTX-000025,Ambrosini2026,MRI-Based Radiomics to Predict Response to Neoadjuvant Therapy in Locally Advanced Rectal Cancer: A Retrospective Study.,2026,J Pers Med,10.3390/jpm16060282,peer_reviewed,neoadj_pcr_ww,rectum,"Rectal adenocarcinoma, LARC (low-rectal example given; location per baseline MRI)",locally_advanced_rectal,"Baseline MRI T2-T4 (T3 about 72%, T4 about 16%); N0 3.5%, N1 about 34%, N2 62.8%; EMVI present 36%",retrospective_cohort,single_center,Italy,own_cohort,"University of Pisa tertiary center, 2017-2022; 86 of 400 eligible patients with baseline and restaging MRI and surgery",86,patients,Results first paragraph and Table 3,86,NA,NA,neoadjuvant_response,Early identification of non-responders to neoadjuvant therapy (mrTRG>=3 at restaging) to tailor treatment and reduce unnecessary toxicity,"Heterogeneous neoadjuvant therapy: CRT 61.6%, short-course RT 19.8%, induction chemotherapy then CRT 16.3%, chemotherapy 1.2%, RT 1.2%",radiology_imaging,"Baseline oblique axial T2-weighted MRI (3 scanners, 1.5T and 3T); 107 PyRadiomics features with and without N4 bias correction",classification,classical_ml,LASSO feature selection followed by elastic-net logistic regression,107 radiomic features from manually segmented baseline T2w tumour ROI (5-12 selected per iteration); no clinical variables,none,No comparator; clinical models not compared,Non-response on restaging MRI (mrTRG 3-5) vs response (mrTRG 1-2); not pathological response,AUC,"Repeated stratified 5-fold CV (20x), mean (95% CI): AUC 0.73 (0.70-0.76), accuracy 0.72 (0.70-0.75), sensitivity 0.79 (0.77-0.81), specificity 0.50 (0.46-0.54), balanced accuracy 0.64 (0.60-0.69), PPV 0.84, NPV 0.42, F1 0.81",0.73,0.7,0.76,cross_validation,"Results section 3, paragraph after Figure 4 (and Abstract)",no,No survival or pathological outcome analysis,internal_cv,performance_metric,"Repeated stratified 5-fold cross-validation (20 repetitions, 100 test folds) within a single-center cohort; preprocessing, LASSO and tuning inside training folds; no external or hold-out validation",no,no,research_only,NR,upon_request,none_stated,"European Union NextGenerationEU via Italian MUR PNRR, project PE_00000019 HEAL ITALIA (CUP I53C22001440006)",none_declared,"Baseline T2 MRI radiomics with LASSO plus elastic-net logistic regression predicted mrTRG non-response with CV AUC 0.73, sensitivity 0.79 and specificity 0.50; no external validation.",Retrospective single center with small cohort; no external validation; heterogeneous neoadjuvant regimens not modelled; no class balancing; no ComBat harmonization across three scanners; no inter/intra-observer or feature stability analysis; no calibration or clinical-model comparison; mrTRG reference standard may overestimate residual tumour.,NR,no,REV-ALCIDES,ai_assisted_single_reviewer,2026-10-07,complete,"Outcome is mrTRG at restaging (positive class = non-responder), not pathological response. Only 1 patient mrTRG1 and 19 mrTRG2 (23% responders). Data availability: 'included in the article; further inquiries to corresponding authors' coded upon_request. Percentages for T stage derived from Table 3 counts.",no,batch-01
REC-AICRCTX-000026,Xu2026,Development and evaluation of an explainable machine learning selection pipeline for predicting neoadjuvant chemoradiotherapy response in locally advanced rectal cancer.,2026,J Transl Med,10.1186/s12967-026-08307-7,peer_reviewed,neoadj_pcr_ww,rectum,Locally advanced rectal cancer; distance from anal verge reported,locally_advanced_rectal,"cT3/4 or N+, M0; cT3 82%, cT4 18%; cN+ 91%; TNM II 8.6%, III 91.4%",retrospective_cohort,single_center,China,own_cohort,"First Affiliated Hospital of Soochow University, 128 consecutive LARC patients, Sep 2013-Nov 2022, EMR data",128,patients,Methods 'Data selection and pre-processing' (89 train / 39 test) and Results baseline data,39,89,39,neoadjuvant_response,"Predict pathological response (pCR, TRG) to nCRT from pretreatment clinical variables within an explainable ML model-selection pipeline",Long-course nCRT (45-50.4 Gy; XELOX or capecitabine) followed by TME,clinical_tabular,"Pretreatment general indicators, blood counts and inflammatory indices, tumour markers (CEA, CA19-9, CA125, CA153, CA724) and treatment variables; best models used tumour markers only",classification,classical_ml,"Decision tree (selected) among SVM, DT, RF, LR with default hyperparameters; SHAP explanation","Selected pCR model (DT'): tumour markers only (CEA, CA19-9, etc.); all-feature set also tested across 15 feature-group scenarios",other_ai_model,"SVM, random forest and logistic regression compared with DT in the algorithm pool",Pathological complete response (also TRG 0-1 vs 2-3 as parallel endpoint),accuracy,"DT with tumour markers only, hold-out test set (n=39), pCR: accuracy 0.82 (0.68-0.92), F1 0.71, precision 0.90, recall 0.68 (Table 3); 5-fold CV: accuracy 0.65±0.03, AUROC 0.71, AUPRC 0.61. TRG-DT' (tumour markers) test accuracy 0.76, F1 0.72; CV accuracy 0.68±0.03, AUROC 0.64, AUPRC 0.59",0.82,0.68,0.92,internal_test,Abstract and Results 'Experimental results based on all or part of the clinical features'; Table 3 (CI); CV in Table 4,no,No survival or recurrence analysis,internal_holdout,performance_metric,"Stratified 70/30 hold-out split of one single-center cohort (n=89 train, n=39 test) plus five-fold CV and bootstrap CIs; 15 feature-group scenarios compared on the same test set; no external validation",no,yes,research_only,NR,upon_request,none_stated,"National Natural Science Foundation of China (82073476); National Key R&D Program of China (2022YFC2503700, 2022YFC2503703); Jiangsu Province special fund (BE2022727); Jiangsu Provincial Medical Key Discipline (ZDXK202235); Suzhou innovation project (SLJ2021005)",none_declared,"Under a performance-plus-explainability screening pipeline, decision trees using pretreatment tumour markers alone predicted pCR with test accuracy 0.82 (F1 0.71); CEA and CA19-9 were the key predictors.",Clinical and blood variables only (no imaging); modest performance with wide CIs and risk of unstable or optimistic model selection; default hyperparameters; no calibration analysis; single hold-out test from small single-center Asian cohort without external validation.,"TRG 0-1 vs 2-3 DT' (tumour markers): test accuracy 0.76, F1 0.72; TRG-DT (all features): F1 0.63, accuracy 0.68, CV accuracy 0.64±0.06, AUROC 0.64, AUPRC 0.68; all-feature pCR models SVM/RF excluded (F1 <0.60)",yes,REV-ALCIDES,ai_assisted_single_reviewer,2026-10-07,complete,"Co-primary endpoints (pCR and TRG): pCR tumour-marker DT chosen because it leads the abstract/results and gives the headline accuracy 0.82; TRG results in other_models_outcomes. Study is mainly methodological (model-selection pipeline). The tumour-marker-only subset was chosen after comparing 15 scenarios on the same 39-patient test set (selection on test data, as the authors acknowledge). Several CV/AUROC tables are in supplementary tables S1-S4 (supplement_needed=yes). 'Sanity check' adding the other endpoint as a feature is intentional leakage, not performance, and not used. Table 3 is badly extracted; CI for pCR DT' taken from the row matching accuracy 0.82/F1 0.71.",yes,batch-01
REC-AICRCTX-000031,Jingtao2026,Development and validation of an interpretable machine learning model for predicting postoperative complications after transanal total mesorectal excision: a multicenter study.,2026,Tech Coloproctol,10.1007/s10151-026-03344-2,peer_reviewed,tox_surg,rectum,Mid-to-low rectal adenocarcinoma treated with taTME (inferior margin within 10 cm of anal verge or below peritoneal reflection),mixed_all_stages,"Postoperative TNM: stage 0 1.3%, I 40.0%, II 25.3%, III 31.4%, IV 1.3% (as reported); no adjacent organ invasion or distant metastasis at inclusion; neoadjuvant therapy in 26.9%",retrospective_cohort,multicenter,China,own_cohort,"Three Chinese centers (Fujian Medical University First Affiliated Hospital for development; Xiamen University First Affiliated Hospital and Mengchao Hepatobiliary Hospital for external validation), taTME Feb 2017-Dec 2024",245,patients,Abstract and Methods 'Data source' (185 development + 60 external),60,185,60,surgical_approach_or_complications,"Identify high-risk patients for 30-day complications after taTME for targeted perioperative interventions (nutrition support, closer monitoring)",Transanal total mesorectal excision (laparoscopic-assisted taTME),clinical_tabular,"Preoperative clinical/laboratory variables and postoperative day-1 CRP (final 6 predictors: postoperative CRP, preoperative total protein, smoking, age group, neoadjuvant therapy, ASA)",classification,classical_ml,AdaBoost (best of 11 algorithms); LASSO plus multivariable logistic regression for feature selection; 10-fold CV; SHAP,"Six predictors: postoperative CRP, preoperative TP, smoking history, age group (>=80), neoadjuvant therapy, ASA score",other_ai_model,"Ten other ML algorithms compared on development and external sets (RF, GBM, SVM, LR, KNN, NN, XGBoost, NB, discriminant analysis, LASSO); nomogram from logistic regression",Any 30-day postoperative complication (Clavien-Dindo),AUC,"AdaBoost external validation (n=60): AUC 0.872 (0.771-0.972), accuracy 83.3%, sensitivity 56.25%, specificity 94.7%; development (n=185): AUC 0.822 (0.751-0.892), training accuracy 99.4%",0.872,0.771,0.972,external,Abstract and Results 'Model validation and performance on the test set' (Fig 4),no,Outcome is the predicted complication itself; no outcome change from model use,external_multicenter,performance_metric,Development at one center (n=185) with 10-fold CV; temporally unspecified external cohort pooled from two independent centers (n=60); no prospective validation,yes,yes,retrospective_validation,NR,upon_request,none_stated,National Natural Science Foundation of China (82403558); Fujian Joint Funds for Innovation of Science and Technology (2024Y9208); Fujian Provincial Chu Ying Plan (SCYJHJRC-ZGW2024),none_declared,"AdaBoost with six clinical variables (top SHAP predictor: postoperative day-1 CRP) predicted 30-day complications after taTME with external AUC 0.872 (n=60, two centers).","Retrospective design with selection bias; small external cohort (n=60, 17 events); regional data only; composite all-grade endpoint with few severe events (n=16); prospective multiregional validation needed.",Random forest and a boosting method development AUC 0.809; other models' external metrics only in Fig 4A/C,no,REV-ALCIDES,ai_assisted_single_reviewer,2026-10-07,complete,"INCONSISTENT: external cohort stated as 17 complication events in Limitations, but reported sensitivity 56.25% implies 16 positives (9/16). Authors label the design 'multicenter case-control' although patients were consecutive; coded retrospective_cohort. Prediction uses postoperative day-1 CRP (not available preoperatively); the outcome is surgical complication, not an oncologic treatment decision. Training accuracy 99.4% indicates overfitting on the development set. External cohort time period not separated from development.",no,batch-01
REC-AICRCTX-000033,Nie2026,Photoacoustic-ultrasound endoscopy for assessment of rectal cancer treatment response: A prospective study with T2-weighted MRI radiomics comparison.,2026,Photoacoustics,10.1016/j.pacs.2026.100840,peer_reviewed,neoadj_pcr_ww,rectum,"Biopsy-proven rectal cancer within 15 cm of anal verge, scheduled for resection",mixed_all_stages,"ARPAM-US cohort: any stage; post-treatment T0 16%, T2 40%, T3 32%, T4 12%; 3 of 25 untreated (staging only); retrospective MRI cohort mostly nCRT",prospective_cohort,single_center,United States,multiple,"Prospective ARPAM-US endoscopy cohort (n=25, NCT04339374, May 2024-Aug 2025) plus retrospective T2w MRI XNAT cohort (n=119, 2020-2024) used for MRI radiomics comparison; Washington University",25,patients,"Methods 2.2 and 2.4.1, Results 3.1 (25 prospective + 119 retrospective); about 400 selected B-scans in the prospective cohort",25,NA,NA,organ_preservation_watch_wait,Accurate identification of pCR after nCRT for non-operative watch-and-wait strategies,Neoadjuvant chemoradiotherapy followed by surgery (all imaged patients proceeded to resection),endoscopy,Co-registered acoustic-resolution photoacoustic microscopy and ultrasound (ARPAM-US) endoscopic B-scans acquired intraoperatively; comparison arm used T2w MRI radiomics,classification,deep_learning,"ResNet50 (RadImageNet-pretrained) with CORAL ordinal head on whole B-scans, 5-fold CV ensemble with patient-level majority vote; pCR taken as probability of TRG 0",Whole 512x512 co-registered PA and US B-scans (about 8 tumour-bed and 8 normal-rectum scans per patient),other_ai_model,T2w MRI radiomics logistic regression models (RFpre/post/delta/joint) and radiomics plus ResNet-18 features SVM trained on retrospective cohort; US-only and PA-only models,"Pathological complete response (ypT0N0, TRG 0) on surgical specimen",AUC,"ARPAM-US early fusion 5-fold CV mean AUC 0.956 (0.912-1.000); PA-only 0.947 (0.896-0.998); US-only 0.881 (0.767-0.995). MRI radiomics (trained on XNAT, tested on prospective cohort): RFjoint 0.877 internal CV -> 0.654 prospective; RFpre 0.777->0.543; RFpost 0.816->0.537; RFdelta 0.642->0.569; radiomics+DL SVM 0.929->0.720",0.956,0.912,1.0,cross_validation,Abstract; Results 3.3 and Fig 6; MRI results in Table 3,no,Reference is surgical pathology; no survival or watch-and-wait outcomes,internal_cv,performance_metric,"ARPAM-US model: patient-level 5-fold CV within one single-center prospective cohort (n=25, 3 pCR); MRI radiomics models separately tested on the prospective cohort as external test (n=19-24) after training on the retrospective cohort; no independent test of the ARPAM-US model",no,no,research_only,NR,upon_request,none_stated,NIH R01EB034398; Alvin J. Siteman Cancer Center institutional support,none_declared,"Deep-learning ARPAM-US endoscopy identified pCR with CV AUC 0.956 in 25 prospective patients (3 pCR), while T2w MRI radiomics models lost accuracy on prospective testing (AUC 0.54-0.65).","Very small cohort (25 patients, ~400 B-scans) with few pCRs; all patients proceeded to surgery; no external validation of ARPAM-US; MRI comparison confounded by different training paradigms, T2w only and domain shift; single-wavelength system.",Late fusion ARPAM-US+MRI (Table 4): best PA+RFpost AUC 0.967 (0.92-1.00); PAUS+RFpost 0.967; RFdelta degraded to 0.51-0.72; MRI-only retrained on prospective cohort AUC about 0.5,no,REV-ALCIDES,ai_assisted_single_reviewer,2026-10-07,complete,"Main model = ARPAM-US early-fusion ResNet50 (anchors title/abstract/conclusion). Data collected prospectively but ARPAM-US performance is internal CV only (validation_level=internal_cv); clinical_translation_stage coded research_only because the ARPAM-US model has internal CV only (data were collected prospectively; rule 13 ambiguity between prospective design and internal-only validation). Only 3 pCR in 25 patients; AUC CI upper bound capped at 1.000; 3 of 25 patients had no neoadjuvant treatment. n_analytic = 25 prospective + 119 retrospective MRI. Minor numeric inconsistencies in text (SVM 0.929 vs 0.925; fusion 0.967 vs 0.968). Code link is for the acquisition/annotation interface (ArpamGui), not the model; data 'available on request'. [Blind-QA adjudication 2026-10-07: n_analytic: 144 -> 25; code_availability: yes -> NR]",yes,batch-01
REC-AICRCTX-000034,Ambrosini2026,Radiomics analysis of restaging MRI for detection of pathological complete response in locally advanced rectal cancer.,2026,Eur J Radiol Open,10.1016/j.ejro.2026.100762,peer_reviewed,neoadj_pcr_ww,rectum,"Locally advanced rectal cancer, histologically confirmed",locally_advanced_rectal,"Staging T2 8%, T3 ~72% (T3-T3d), T4 ~16%; N0 3.5%, N1 34%, N2 63%; M1 14% (Table 2)",retrospective_cohort,single_center,Italy,own_cohort,"University of Pisa tertiary center, 2017-2022; 86 selected from 400 eligible patients; 3 MRI scanners (3T GE, 1.5T GE, 1.5T Siemens)",86,patients,"Abstract; Results (86 patients, 33 pCR)",86,NA,NA,neoadjuvant_response,"Identify pCR after neoadjuvant therapy to support treatment stratification, organ-preserving strategies (watch-and-wait) or intensification of non-responders","Neoadjuvant therapy (CT-RT 61.6%, short-course RT 19.8%, induction CT then CT-RT 16.3%, CT 1.2%, RT 1.2%), followed by surgery",radiology_imaging,"Restaging (post-neoadjuvant) oblique axial T2-weighted MRI, manual tumor segmentation (ITK-SNAP), 107 PyRadiomics features",classification,classical_ml,"z-score normalization, LASSO feature selection, logistic regression with Elastic Net regularization; hyperparameters by grid search","107 radiomic features (first-order, shape, GLCM, GLRLM, GLSZM, NGTDM, GLDM) from restaging T2w MRI",none,No comparator (only published studies discussed),Pathological complete response (pCR) at surgery,AUC,"Repeated stratified 5-fold CV (20 repeats, 100 folds), mean: AUC 0.74; accuracy 67.4%; sensitivity 60.1%; specificity 71.0%",0.74,NR,NR,cross_validation,Abstract; Results p.3 (Fig. 2 histograms),no,NA,internal_cv,performance_metric,"Repeated stratified 5-fold CV x20; feature standardization, LASSO selection and tuning done within training folds; no external or holdout set",no,no,research_only,NR,NR,none_stated,"European Union NextGenerationEU via Italian MUR PNRR (HEAL ITALIA, PE_00000019); some authors recipients",none_declared,"Restaging-MRI radiomics model showed moderate discrimination for pCR (mean CV AUC 0.74, sensitivity 60%, specificity 71%), better at identifying non-responders.","Retrospective single-center, small sample, no external validation; possible center-specific bias; no feature reproducibility/segmentation variability analysis; specific acquisition protocols limit applicability.","None; metrics such as PPV, NPV, F1 stated as computed but not reported in text",no,REV-ALCIDES,ai_assisted_single_reviewer,2026-10-07,complete,"No CI reported for AUC (means over 100 CV folds). Study states the Elastic Net model was repeated across folds; no final single model reported. Cohort selected 86 of 400 eligible, selection criteria exclude poor image quality/missing data. Limited bias of selection not otherwise described. No data/code availability statement found in text.",no,batch-02
REC-AICRCTX-000037,Liu2026,KRAS<sup>G12V/A146T</sup> mutations are associated with nCRT resistance via enhanced DNA double-strand break repair and support a deep learning prediction framework in LARC.,2026,Cell Mol Biol Lett,10.1186/s11658-026-00947-3,peer_reviewed,biomarker_actionable,rectum,Locally advanced rectal adenocarcinoma treated with nCRT then TME,locally_advanced_rectal,cT3-T4 and/or N+ on CT/MRI (all patients),retrospective_cohort,mixed,China,multiple,"Internal cohort: 115 patients, National Cancer Center/Cancer Hospital CAMS (WES n=67 tumor-blood pairs; H&E WSI n=106); external WES-only cohort: 22 published cases (Gu et al.; Lin et al.), no WSI. Plus in vitro (RKO, Caco-2) and mouse xenograft experiments",137,patients,Methods 'Sample collection and grouping'; Results 'Patient cohort' (115 internal + 22 external),38,99,38,neoadjuvant_response,Pretreatment prediction of response to neoadjuvant chemoradiotherapy for risk-adapted treatment selection and escalation/de-escalation; adjunct to MDT discussion,Neoadjuvant chemoradiotherapy followed by TME,multimodal,"Whole-exome sequencing-derived features (mutations M, mutational signatures S, base substitutions B, ubiquitin-proteolysis pathway U) plus H&E whole-slide images (P); optimal model M/S/P fusion",classification,deep_learning,"Cascaded multimodal fusion of unimodal predictors; pathology model = CLAM weakly supervised attention MIL with ResNet50 patch encoder (Adam, 200 epochs); unimodal genomic model types not described; uncertain-abstention option","WES-derived mutations, mutational signatures and H&E WSI patches (M/S/P fusion)",ablation_or_baseline_model,"Unimodal models (M,S,P,U,B) and alternative fusion combinations (e.g., M+P) compared internally; no clinician or clinical-model comparator",Pathologic response to nCRT by Dworak TRG: responders TRG 3-4 vs non-responders TRG 0-1,AUC,"M/S/P fusion, test set (n=38; 14 R/24 NR): AUC 0.882, accuracy 0.931, coverage 100%, cost index 2; M+P fusion: AUC 0.815, accuracy 0.913. Unimodal ACC (training CV) ranked M > S > P > U > B",0.882,NR,NR,external,Results 'Development and evaluation of the fusion model' p.19; Fig. 3C-D; Abstract,no,NA,external_retrospective,performance_metric,99 train / 38 test split at patient level; test set comprises the 22-patient external WES-only cohort (published) plus 16 internal patients; five-fold CV within training for selection. Authors state no external WSI so full WES+WSI fusion not independently validated,no,no,retrospective_validation,NR,upon_request,none_stated,"National Key Research and Development Program of China (2024ZD0520303, 2016YFC0905303); State Key Laboratory of Traditional Chinese Medicine Syndrome (SKLKY2025C0011); State Key Laboratory of Systems Medicine for Cancer (KF2422-93)",none_declared,"Genome-pathology M/S/P fusion model predicted nCRT response in LARC (test AUC 0.882, accuracy 0.931); KRAS G12V and A146T were candidate resistance-associated variants supported by functional assays in cell and mouse models.",Single-center retrospective cohort of limited size; no external WSI so full fusion model not independently validated; no calibration or threshold-dependent metrics; incomplete WES/WSI overlap may cause selection bias; MIL/ResNet overfitting risk in small samples; low-frequency KRAS events precluded multivariable adjustment.,"Unimodal models M,S,P,U,B; M+P fusion AUC 0.815 / ACC 0.913; exploratory WES differential analysis (41 hotspot codon events, KRAS G12V/A146T enriched in non-responders), multiomics and in vitro/in vivo functional assays (not predictive models)",yes,REV-ALCIDES,ai_assisted_single_reviewer,2026-10-07,complete,"Test set (n=38) pools 16 internal and the 22 external WES-only published patients (derived: 137-99=38; 115-99=16); performance not reported separately by origin, so performance_cohort=external and validation_level=external_retrospective are a coding choice (external sites not enumerated; Gu et al. and Lin et al. cohorts, country not stated, coded China). The external patients lack WSI so the fusion model could not use P for them. Model selection among fusion combinations used test-set metrics (Supplementary Table S5) despite statement that test sets were not used for selection. Unimodal M/S model algorithms not described in text (S-tables). Exploratory mechanistic KRAS work is not a prediction model. Data availability: all data stated in article/supplement, further inquiries to corresponding author.",yes,batch-02
REC-AICRCTX-000038,Liu2026a,Personalized neoadjuvant treatment regimen selection in locally advanced rectal cancer based on regimen-specific response modeling.,2026,NPJ Digit Med,10.1038/s41746-026-02798-w,peer_reviewed,neoadj_pcr_ww,rectum,Locally advanced rectal adenocarcinoma,locally_advanced_rectal,"MRI-confirmed T3-4 or node-positive; training cohort cT3 ~55-94% / cT4 ~6-43%, cN0 6-41% by regimen (Table 1)",retrospective_cohort,multicenter,China,own_cohort,"Retrospective: West China Hospital, Sun Yat-sen Univ Cancer Center, Sixth Affiliated Hospital of SYSU (2015-2022; n=760); prospective non-interventional test cohort: West China, SYSUCC, Yunnan Cancer Hospital (2024-2025; n=95; ChiCTR2400085797)",855,patients,Results 'Patient clinical characteristics' and Table 1 (760 retrospective + 95 prospective),95,618,95,treatment_intensification,"Regimen-specific pCR probabilities to support clinician-led selection among TNT, standard nCRT and nCT, i.e. escalation or de-intensification of neoadjuvant treatment","Neoadjuvant TNT (long-course RT + CAPOX), standard nCRT (RT + capecitabine) or nCT (4 cycles CAPOX), followed by TME",radiology_imaging,"Pretreatment multiparametric MRI (T2WI + ADC, tumor and mesorectum ROIs); clinical variables (cT, cN, EMVI, CRM, LLNM, location) added to the image model",classification,deep_learning,"UNet-MoE-Cli: multi-task nnUNet encoder (segmentation + features) with hard-gated mixture-of-experts (one expert per regimen), prior-guided multi-path training, regimen-specific Youden thresholds","Pretreatment T2WI and ADC (10 central slices, tumor+mesorectum ROIs) plus clinical features (cT, cN, EMVI, CRM, LLNM, tumor location) and regimen encoding",clinical_model,"Clinical-only models (best LightGBM, AUC 0.584 validation / 0.639 test); also ablations/baselines (UNet, UNet-MoE, ResNet-2D/3D, PoE therapy selection)",Pathological complete response (pCR) under the received regimen; regimen-specific pCR probability used for escalation/de-intensification recommendation,AUC,"Prospective test (n=95): AUC 0.790 (0.667-0.900), ACC 0.874, sens 0.526, spec 0.961, PPV 0.769, NPV 0.890; validation (n=142): AUC 0.827 (0.742-0.904), ACC 0.796, sens 0.455, spec 0.899, PPV 0.577, NPV 0.845",0.790,0.667,0.900,prospective,Table 2 (test cohort); Results 'Neoadjuvant therapy response prediction performance'; Abstract,prognostic_association,"Model risk score separated DFS by Kaplan-Meier (log-rank p=0.0158 training, 0.0297 validation) and was independently associated with DFS in multivariable Cox (median follow-up 40 months). Counterfactual estimated pCR under model-supported regimen (11.11% observed vs 30.95% estimated in escalation group) is model-derived, not observed",prospective,performance_metric,"Random split of 760 retrospective patients into training (618) and validation (142); independent prospective non-interventional test cohort (n=95, 3 centers incl. one new site), clinicians blinded to model output; IPTW sensitivity analysis",no,yes,prospective_validation,upon_request,upon_request,none_stated,"National Key R&D Program of China (2024YFF1207400); NSFC (62333022, 92359302, 92259301, 62576361); Beijing NSF (JQ23034); Shaanxi NSF; Sichuan S&T Support Project; China Postdoctoral Science Foundation; Fundamental Research Funds for Central Universities. Funders had no role in the study",none_declared,"Hard-gated MoE deep learning model on pretreatment MRI + clinical data predicted regimen-specific pCR (AUC 0.827 validation, 0.790 prospective test) and produced escalation/de-intensification recommendations; benefit estimates are counterfactual and hypothesis-generating.","Non-randomized real-world allocation, counterfactual estimates unobserved and hypothesis-generating, residual confounding; immunotherapy/MSI-H not modeled; nCT patients from a single center; no dynamic response information; no multimodal (WSI, genomics) inputs; need prospective randomized validation.","Per-regimen AUC of UNet-MoE-Cli: TNT 0.804, nCRT 0.820, nCT 0.748; ablations UNet AUC 0.730/0.650, UNet-MoE 0.755/0.702 (validation/test); model-supported escalation 53.16% and de-intensification 5.91% of combined validation+test",yes,REV-ALCIDES,ai_assisted_single_reviewer,2026-10-07,complete,"Article-in-press (accepted) unedited manuscript. Study design coded retrospective_cohort because 760/855 patients are retrospective, with a prospective registered test cohort captured in validation_level. Validation cohort (n=142) is a random split, so not counted in n_test. Per-regimen AUC cohort not explicitly stated. Image model with clinical variables kept as radiology_imaging (rule 9). Code to be released after acceptance (coded upon_request). Supplementary tables S1-S8 not available (clinical-only model details, MRI parameters).",no,batch-02
REC-AICRCTX-000039,Moi2026,Integrating CT-Based Radiomics Analysis With Serum CEA Level to Predict Neoadjuvant Chemoradiotherapy Response in Colorectal Cancer.,2026,Kaohsiung J Med Sci,10.1002/kjm2.70241,peer_reviewed,neoadj_pcr_ww,colorectal,"Predominantly rectal (upper 51, lower/middle 39) with 2 colon (A-colon) cases",locally_advanced_resectable,"Clinical AJCC 8 stage II 20%, III 80%; cT2 1%, cT3 80%, cT4 18%; no distant metastasis",retrospective_cohort,single_center,Taiwan,own_cohort,"Kaohsiung Medical University Chung-Ho Memorial Hospital, Jan 2015-Dec 2023; planning CT at Kaohsiung Medical University Hospital",92,patients,Abstract; Methods 2.1; Table 1,27,65,27,neoadjuvant_response,Predict pCR after NACRT to identify poor responders for timely treatment modification and candidates for organ-preserving strategies,Neoadjuvant chemoradiotherapy followed by curative resection,radiology_imaging,"Pre-treatment non-contrast radiotherapy planning CT, manual GTV, 111 LIFEx radiomic features; serum CEA added to the Rad-score in the nomogram (clinical variable added to an imaging model)",classification,classical_ml,LASSO logistic regression (10-fold CV) to build 7-feature Rad-score; multivariable logistic regression nomogram combining Rad-score and CEA,7 LASSO-selected CT radiomic features (Rad-score) plus pretreatment serum CEA (low vs high),ablation_or_baseline_model,Rad-score alone and CEA alone as component models,Pathological complete response (modified Ryan TRG 0) vs non-pCR,AUC,"Integrated nomogram: AUC 0.898 (0.823-0.974) derivation, 0.853 (0.705-1.000) validation; Rad-score alone 0.854 derivation, 0.818 validation; CEA alone 0.662 derivation, 0.724 validation; calibration MAE 0.042 derivation, 0.045 validation",0.853,0.705,1.000,internal_test,Results 3.5 (p.6); Figure 3B for Rad-score; abstract reports Rad-score AUCs,no,NA,internal_holdout,performance_metric,Random 7:3 split of single-center cohort into derivation (65) and validation (27; 10 pCR); LASSO 10-fold CV and bootstrap calibration in derivation,yes,no,research_only,NR,upon_request,none_stated,"Kaohsiung Medical University Hospital grants (KMUH112-2R70, KMUH113-3R61, KMUH112-M206, KMUH113-M303, KMUH114-4R76); Kaohsiung Medical University (KMU-M112016); National Science and Technology Council Taiwan (NSTC113-2314-B-037-065)",none_declared,"CT planning-image radiomics combined with pretreatment CEA in a nomogram predicted pCR after NACRT (validation AUC 0.853, n=27) better than Rad-score or CEA alone; hyperglycemia markers added nothing.","Retrospective single-center, modest sample (validation n=27) with risk of instability and selection bias; no multicenter prospective or external validation; no inflammatory indices or molecular biomarkers (ctDNA, KRAS) included.","Rad-score alone (AUC 0.854 derivation, 0.818 validation; the abstract headline); CEA alone (0.662/0.724); multivariable ORs: Rad-score 10.20 (95% CI 3.14-68.80), low CEA 15.20 (2.05-289.00)",no,REV-ALCIDES,ai_assisted_single_reviewer,2026-10-07,complete,"Principal model = integrated Rad-score + CEA nomogram (title and conclusion); abstract headline AUC 0.818 is the Rad-score alone, not the combined model. Mixed colon/rectum cohort (2 colon of 92) coded colorectal; stage_context chosen as locally_advanced_resectable (clinical stage II-III, 98% rectal). CEA added to imaging model, so not coded multimodal (rule 9). Validation n=27 with 10 pCR, wide CI. Feature selection by LASSO inside derivation set only.",no,batch-02
REC-AICRCTX-000041,MartinArevalo2026,Automated deep learning model for predicting pathological complete response in rectal cancer: A tool to organ-preserving strategies.,2026,Int J Colorectal Dis,10.1007/s00384-026-05155-1,peer_reviewed,neoadj_pcr_ww,rectum,Locally advanced rectal adenocarcinoma (upper/middle/lower third),locally_advanced_rectal,"Text: clinical stage II-III; Table 1 lists stage II 13-24%, III 59-74%, IV 13-16% (train+valid / test)",retrospective_cohort,single_center,Spain,own_cohort,"Clinic Universitary Hospital of Valencia, consecutive patients Jan 2018-Dec 2024 (nCRT, restaging MRI, TME)",195,patients,"Abstract; Results 'Patient cohort'; Table 1 (146 train+valid, 49 test)",49,146,49,neoadjuvant_response,Post-nCRT restaging prediction of pCR (ypT0N0) as screening/triage tool to support MDT assessment and identify candidates for organ-preserving strategies,"Neoadjuvant chemoradiotherapy (short course 41-45%, long course 55-59%) followed by TME",radiology_imaging,Paired pre- and post-nCRT whole-pelvis axial T2-weighted MRI volumes plus signed voxel-wise difference map; segmentation-free,classification,deep_learning,"Longitudinal 3D siamese CNN, multitask (rectal wall response, nodal status, pCR derived as joint probability); focal loss, Adam","Pre-nCRT T2 MRI, post-nCRT T2 MRI, normalized difference map (42x128x128 volumes)",none,No comparator model or clinician reading,"Pathological complete response (ypT0N0, modified Ryan 0 with ypN0)",AUC,"Independent test (n=49, 9 pCR), Table 2: pCR AUC 0.708 (0.38-1.00), AUC-PR 0.294 (0.15-0.55), sens 100% (70.1-100), spec 42.5% (28.5-57.8), NPV 100% (81.6-100) at threshold 0.247; text/abstract AUC 0.71 (0.55-0.85), bootstrap mean 0.703/0.715; wall response AUC 0.713; nodal AUC 0.680; Brier 0.152",0.708,0.38,1.00,internal_test,Table 2 (Combined pCR); Abstract and Fig. 6 report 0.71 (0.55-0.85),no,NA,internal_holdout,performance_metric,"Single-center random 75/25 split stratified by pCR (146 train, with 20% internal validation subset for early stopping; 49 independent test); 1,000-iteration bootstrap on test set for CIs",yes,yes,research_only,NR,upon_request,TRIPOD-AI,NR (only open access funding by CRUE-CSIC agreement with Springer Nature stated),none_declared,"Segmentation-free longitudinal 3D siamese CNN on paired pre/post-nCRT T2 MRI gave moderate discrimination for pCR (test AUC about 0.71, wide CI) with 100% sensitivity/NPV at a screening threshold but only 42.5% specificity.","Single-center retrospective, small test set with wide CIs; T2-only; no external validation; no prospective assessment; calibration limited by sample size; sensitivity to scanner/protocol, TNT vs nCRT heterogeneity and pCR prevalence; high NPV prevalence-dependent.","Rectal wall response (Ryan 0) AUC 0.713 (0.41-1.00), sens 54.5%, spec 84.2%, NPV 86.5%; nodal status ypN AUC 0.680 (0.38-0.98), sens 50.0%, spec 91.9%, NPV 85.0%; Youden operating point vs high-sensitivity point for pCR",no,REV-ALCIDES,ai_assisted_single_reviewer,2026-10-07,complete,INCONSISTENT: (1) pCR AUC reported as 0.71 (0.55-0.85) in abstract/Fig. 6 but 0.708 (0.38-1.00) in Table 2 and 0.703/0.715 as bootstrap means; Table value used. (2) Fig. 1 legend gives training 116/validation 20/test 59 whereas text and Table 1 give 146 (train+valid)/49 test; text/Table 1 used. (3) Inclusion criteria say clinical stage II-III but Table 1 lists stage IV in 13-16%. Decision coded neoadjuvant_response (predicts pCR after nCRT) although framed for organ preservation. Post-treatment MRI is an input by design. Test sensitivity 100% is at a secondary high-sensitivity operating point.,no,batch-02
REC-AICRCTX-000042,Puppalwar2026,MRI Based Radiomics as an Imaging Biomarker for Locally Advanced Carcinoma Rectum: Predicting Tumor Response Following Neoadjuvant Chemoradiotherapy as an Organ Preservation Strategy.,2026,Cancer Rep (Hoboken),10.1002/cnr2.70574,peer_reviewed,neoadj_pcr_ww,rectum,Locally advanced rectal adenocarcinoma,locally_advanced_rectal,"AJCC 8 stage II 6, III 94; T3 73%; mean tumor size 6.2 cm",retrospective_cohort,single_center,India,own_cohort,"Tata Memorial Centre, Mumbai; 614 rectal cancer patients screened (2015-2018), 100 included; GE Signa 1.5T",100,patients,Abstract; Methods 2.3 and Table 1 / Fig. 1,100,NR,NR,neoadjuvant_response,Predict tumor response to NACTRT to identify patients suitable for organ-preserving (watch-and-wait) strategies versus more intensive therapy,"Long-course chemoradiotherapy (capecitabine in 95, 5-FU in 5; capecitabine-oxaliplatin as described; 45-55 Gy)",radiology_imaging,"T2-weighted MRI at baseline and post-NACTRT, manual ROI, TexRAD filtration-histogram, shape and GLCM features (124 features)",classification,classical_ml,"Random forest classifier (best) with RFE feature selection; compared with SVM, gradient boosting, Naive Bayes, AdaBoost; stratified 10-fold CV","5 radiomic features selected by RFE-RF: SD (SSF2, SSF3) and skewness (SSF2) baseline MRI; GLCM-IDMN and differential entropy post-NACTRT MRI",other_ai_model,"Four alternative ML classifiers (SVM, GBC, NBC, AdaBoost) on same features","Tumor response: complete response (cCR by MRI/endoscopy/DRE, or pCR in operated patients; n=33) vs partial/no response (n=67)",AUC,"RF, 10-fold CV mean +/- SD: AUC 0.79 +/- 0.15, accuracy 0.72 +/- 0.12, precision 0.77 +/- 0.10, recall 0.87 +/- 0.11, F1 0.81 +/- 0.07; SVM AUC 0.69, GBC 0.68, NBC 0.62, AdaBoost 0.73",0.79,NR,NR,cross_validation,Table 3; Abstract; Results 3.2,no,NA,internal_cv,performance_metric,Stratified 10-fold cross-validation on 100 patients; RFE feature selection performed on a pilot dataset of 30 patients,no,no,research_only,NR,upon_request,none_stated,NR (authors have nothing to report),none_declared,"Random forest on 5 baseline and post-NACTRT T2 MRI radiomic features gave AUC 0.79 +/- 0.15 (10-fold CV) for complete vs partial/no response in LARC, outperforming four other classifiers.","Retrospective single-institution small dataset (N=100), no external validation; internal cross-validation may inflate metrics; T2-only (no DWI/ADC); results require larger multicentre validation.",SVM AUC 0.69/acc 0.68; GBC 0.68/0.67; NBC 0.62/0.67; AdaBoost 0.73/0.71 (10-fold CV),yes,REV-ALCIDES,ai_assisted_single_reviewer,2026-10-07,complete,"Mixed endpoint: CR = clinical complete response (MRI, endoscopy, DRE) for non-operated patients (e.g. 5 W&W) and pCR for operated patients; only 74 operated. Dispersion given as SD across folds, not CI (CI NR). Post-treatment MRI features are model inputs. RFE feature selection ran on a 30-patient pilot dataset; text does not clarify whether these patients overlap with the 100 used for CV (possible selection-before-CV optimism). Test set sizes per fold not separate (n_train/n_test NR). Treatment text partly inconsistent (capecitabine-oxaliplatin regimen vs Table 1 capecitabine 95, 5-FU 5). Supplementary Tables S1-S3 not available.",no,batch-02
REC-AICRCTX-000043,Javed2026,Use of artificial intelligence in analysis of endoscopic images to detect residual disease or regrowth in rectal patients with complete clinical response to neoadjuvant chemoradiotherapy.,2026,Tech Coloproctol,10.1007/s10151-026-03333-5,peer_reviewed,neoadj_pcr_ww,rectum,Rectal adenocarcinoma on watch-and-wait after cCR (upper/middle/low); plus normal rectum controls,locally_advanced_rectal,Table 2: stage I-IV reported across controls/disease/complete-response groups (text does not give a single stage range),retrospective_cohort,single_center,United Kingdom,own_cohort,"University Hospitals Liverpool and Clatterbridge Cancer Centre proctosigmoidoscopy images, Jan 2020-Dec 2024; model trained at University of Porto",97,patients,"Abstract; Results 'Cohort overview' (97 patients, 1795 frames; 24 residual/regrowth, 73 normal/cCR)",1795,87,10,organ_preservation_watch_wait,"Detect residual disease or regrowth during endoscopic surveillance of patients on watch-and-wait after cCR, to guide decisions and enable salvage treatment","Watch-and-wait after neoadjuvant chemo/radiotherapy (SCRT, LCCRT, TNT, with or without Papillon contact RT) with cCR",endoscopy,White-light high-resolution proctosigmoidoscopy frames (1795 frames),classification,deep_learning,"Wide ResNet-101-2 CNN (ImageNet pretrained, spatial attention, dropout 0.3, categorical cross-entropy, 50 epochs with early stopping)",Preprocessed endoscopic frames resized to 224x224,none,No clinician or model comparator (benchmark table cites other published AI studies),Frame-level classification of residual disease/regrowth (histology-confirmed) vs normal mucosa/sustained cCR (>=24 months),AUC,"AUROC 0.886 (0.863-0.910); accuracy 92.8% (91.4-94.1); sensitivity 80.0% (75.2-84.6); specificity 97.3% (96.1-98.4); PPV 90.9% (87.2-94.6); NPV 94.0% (92.5-95.5); confusion matrix TP 290, FN 73, FP 39, TN 1393 (all 1795 frames)",0.886,0.863,0.910,NR,Results 'Statistical significance and confidence intervals'; Fig. 3-4,no,NA,internal_holdout,performance_metric,"Patient-level 90/10 split (87 train / 10 test patients; 1615/180 frames), augmentation; but reported metrics cover all 1795 frames",no,no,research_only,NR,upon_request,none_stated,No external funding,none_declared,"Wide ResNet-101-2 on endoscopic frames detected residual/regrown rectal cancer after cCR with reported AUROC 0.886, sensitivity 80.0% and specificity 97.3%, but metrics were computed on all 1795 frames.","Retrospective single tertiary center; small number of recurrence-positive cases; endoscopist confidence not captured; 2-year follow-up for cCR may miss later regrowth; false negatives and scar/radiation-change false positives; no external or prospective validation; black-box model, XAI planned.",None,no,REV-ALCIDES,ai_assisted_single_reviewer,2026-10-07,complete,"INCONSISTENT: methods state a patient-level 90/10 split (10 test patients, 180 frames), but the confusion matrix (TP 290+FN 73+FP 39+TN 1393=1795) and 'approximately 1667 of 1795 frames correct' show that reported metrics were computed on all frames, including training data; held-out test performance is therefore not separately reported (performance_cohort=NR, n_performance=1795 frames). Limitations text cites 48 false negatives vs 73 in confusion matrix. Metrics are frame-level, not patient-level. Cohort mixes 24 residual/regrowth, 42 sustained cCR and 31 normal-rectum controls (Table 2); controls not rectal cancer patients. validation_level coded internal_holdout from the design as described. n_performance (1795) exceeds n_analytic (97) because analytic unit is patients while metrics are frame-level (1795 frames); validator flag is an expected unit mismatch.",yes,batch-02
REC-AICRCTX-000046,Sha2026,Prediction of tumor regression grading in rectal cancer neoadjuvant chemoradiotherapy: a habitat radiomics analysis of imaging biomarker.,2026,BMC Med Imaging,10.1186/s12880-026-02397-x,peer_reviewed,tox_surg,rectum,Rectal adenocarcinoma treated with standard nCRT then radical surgery,locally_advanced_rectal,"Table 1 coded clinical T (T3 about 63%, T4 about 29% by code), node status N0 12%, N1 52%, N2 36%; stage labels not given in text",retrospective_cohort,single_center,China,own_cohort,"Shandong Cancer Hospital, March 2018-September 2024",121,patients,"Results 'Baseline patient characteristics' and Table 1 (training 85, test 36)",36,85,36,neoadjuvant_response,Preoperative prediction of tumor regression grade/pCR after nCRT to optimize individualized neoadjuvant strategy and organ-preservation selection,Standard neoadjuvant chemoradiotherapy followed by radical surgery,radiology_imaging,"Pretreatment contrast-enhanced portal-venous CT, manual 3D tumor ROI, voxel-level K-means habitat clustering (3 habitats), PyRadiomics features; clinical model probability combined by logistic regression (clinical added to imaging model)",classification,classical_ml,"Habitat radiomics with mRMR + LASSO feature selection and ExtraTrees (best), SVM, Random Forest; SMOTE; Combined model = logistic regression of habitat-model and clinical-model probabilities",Habitat-subregion radiomic features (27 retained) from 3 CT habitats plus clinical variables (combined model); conventional whole-tumor radiomics (19 features) as baseline,ablation_or_baseline_model,"Conventional whole-tumor radiomics model, clinical-only model and habitat-only model (DeLong comparisons)",Pathologic complete response (TRG0) vs TRG1-2 (key focus task); also TRG0-1 vs TRG2 and 3-class TRG,AUC,"Combined model, TRG0 vs TRG1-2 (Table 3): train AUC 0.929 (0.868-0.990), test AUC 0.929 (0.846-1.000), test accuracy 0.861, sens 1.000, spec 0.821, PPV 0.615, NPV 1.000; Habitat test AUC 0.884 (0.751-1.000), clinical 0.848, radiomics 0.603; broader TRG task (Table 2) combined train 0.916 / test 0.833 (0.755-0.911), habitat 0.912/0.817",0.929,0.846,1.000,internal_test,"Table 3 (TRG0 vs others, test); Results 'TRG0 vs. others'; Abstract",no,NA,internal_holdout,performance_metric,Random 70/30 split (85 train/36 test) repeated until clinical baseline variables did not differ; 5-fold CV grid search and LASSO 10-fold CV in training; no external cohort,yes,yes,research_only,NR,upon_request,none_stated,"NSFC Youth (12305394), NSFC (12275162), Taishan Scholars Project of Shandong (ts201712098), Youth Fund of Shandong First Medical University (342613)",none_declared,"CT habitat radiomics outperformed conventional radiomics for preoperative TRG prediction after nCRT, and combining habitat features with clinical variables gave the best performance (test AUC 0.833 overall; 0.929 for pCR vs non-pCR; n=36 test).","Single-center retrospective with no external multicenter validation; manual segmentation (interobserver variability); only pretreatment CT, no longitudinal/delta imaging; small test set; calibration deviation of conventional radiomics model.",Habitat-only TRG0 vs 1-2 test AUC 0.884; clinical 0.848; radiomics 0.603; other tasks: TRG0-1 vs TRG2 and 3-class (details in Table 2/supplement); clinical model ExtraTrees test AUC 0.659 (0.551-0.768) in Table 2 task; DeLong: combined vs habitat not significant (p=0.453 test),yes,REV-ALCIDES,ai_assisted_single_reviewer,2026-10-07,complete,"INCONSISTENT: abstract attributes ExtraTrees AUCs 0.912/0.817 to the conventional radiomics model, whereas Results/Table 2 show these are the habitat model (conventional radiomics 0.784/0.603; ExtraTrees radiomics test AUC 0.504 in text); Table 2 values used. Table 2 task is not labelled (likely the multi-class/TRG task); primary metric taken from the TRG0 vs TRG1-2 task that the Methods call the key focus (Table 3; test pCR count not stated). Test split was re-partitioned repeatedly until baseline variables were balanced; SMOTE applied but order relative to split not stated. Axis tox_surg kept per input although content is nCRT response (TRG/pCR). Supplementary Materials 1-2 and Tables S1-S3 not available.",no,batch-02
REC-AICRCTX-000047,Jin2026,Macro Habitat-Based T2-Weighted MRI Radiomics and Deep Learning Fusion for Predicting Treatment Response and Prognosis After Neoadjuvant Chemoradiotherapy in Locally Advanced Rectal Cancer.,2026,Cancer Med,10.1002/cam4.71773,peer_reviewed,neoadj_pcr_ww,rectum,Locally advanced rectal cancer,locally_advanced_rectal,"Clinical stage II-III LARC (AJCC 8th), standard nCRT then TME",retrospective_cohort,multicenter,China,own_cohort,"SAHZU (n=304), GDPH (n=102), GZFPH (n=28)",434,patients,Results 3.1 (text),130,243,191,neoadjuvant_response,Predict TRG after nCRT to guide organ preservation/watch-and-wait vs treatment intensification,Neoadjuvant chemoradiotherapy (50-57.5 Gy + 5-FU based),radiology_imaging,"Pretreatment T2-weighted MRI; habitat-based radiomics (PyRadiomics) + 3D ResNet-101 deep features, intratumoral habitats + 3 mm peritumoral",classification,hybrid,K-means habitats; PyRadiomics + Med3D 3D ResNet-101 features; LASSO; SVM / LR / MLP classifiers (MLP chosen as main: best external AUC),"1198 radiomic + 256 deep features per region (whole tumor + 5 habitats, 3 mm peritumoral); 38 selected by LASSO",ablation_or_baseline_model,"Intratumoral, peritumoral, and habitat-only models; SVM vs LR vs MLP",TRG 0-1 (low) vs TRG 2-3 (high) after nCRT,AUC,"External (n=130): MLP 0.830 (0.759-0.902), SVM 0.807 (0.734-0.881), LR 0.796 (0.720-0.872); internal validation (n=61): SVM 0.770, LR 0.765, MLP 0.756",0.830,0.759,0.902,external,"Results 3.5 (text), Table S7 (supplement)",prognostic_association,"Risk score associated with PFS by Kaplan-Meier: p=0.011 (training), p=0.030 (internal validation)",external_multicenter,performance_metric,"Training 243 + internal random 8:2 validation 61 (SAHZU); external cohort of 130 from two other hospitals (GDPH 102, GZFPH 28)",yes,yes,retrospective_validation,upon_request,upon_request,none_stated,National Natural Science Foundation of China (82303742); Zhejiang Provincial Natural Science Foundation (LQN26H160030),none_declared,Macro habitat (intratumoral habitats + 3 mm peritumoral) radiomics/deep fusion improved TRG prediction over intra- or peritumoral models; external AUC 0.807-0.830; risk score associated with PFS.,Scanner/protocol heterogeneity across centers; internal AUC higher than external suggests possible overfitting; retrospective selection bias; only T2WI; prospective multi-ethnic validation needed,"SVM and LR macrohabitat models (external AUC 0.807, 0.796); intratumoral-only external AUC 0.505-0.566; intra+peritumoral 0.627-0.655; habitat-only 0.707-0.746",yes,REV-ALCIDES,ai_assisted_single_reviewer,2026-10-07,complete,Three co-primary classifiers (SVM/LR/MLP) with no declared winner; MLP chosen by rule 2b (best external AUC); SHAP shown for LR. Calibration curves stated in methods; sensitivity/specificity/accuracy and performance tables (S4-S7) only in supplement. Internal-validation AUCs of the macrohabitat model (0.756-0.770) lower than external. External cohort has different TRG distribution (p<0.001). PFS analysis performed in training and internal validation cohorts only.,yes,batch-03
REC-AICRCTX-000048,Xu2026,Transformer-based Siamese multimodal imaging model for predicting pathological complete response after neoadjuvant chemoradiotherapy in locally advanced rectal cancer.,2026,BMC Cancer,10.1186/s12885-026-16049-4,peer_reviewed,neoadj_pcr_ww,rectum,Locally advanced rectal cancer,locally_advanced_rectal,"Clinical stage II-III LARC (AJCC 8th), nCRT then curative resection",retrospective_cohort,multicenter,China,own_cohort,"Three tertiary hospitals (SAHZU, GDPH, GZFPH); training and validation cohorts drawn from the pooled multicenter cohort",440,patients,Abstract; Results Patient characteristics (text),135,305,135,neoadjuvant_response,Predict pCR after nCRT to identify candidates for organ preservation/watch-and-wait or intensification,Neoadjuvant chemoradiotherapy (50-57.5 Gy + 5-FU based),radiology_imaging,"Pre- and post-nCRT T2WI and gadolinium T1 MRI (Siamese), PyRadiomics + Med3D ResNet-101 features",classification,deep_learning,"Transformer (multi-head attention encoder) Siamese multimodal framework on radiomics + PCA-reduced ResNet-101 features; baseline early-fusion ML (Naive Bayes, KNN, ExtraTrees with LASSO)","1197 radiomic + 256 deep features per sequence/timepoint (pre/post T2WI and GD), 1453-dim input",ablation_or_baseline_model,Pre-treatment-only and post-treatment-only transformer models; early fusion ML models; no comparison with mrTRG/radiologists,Pathological complete response (ypT0N0),AUC,"Validation (n=135): Siamese multimodal transformer 0.789; pre-treatment transformer 0.739; post-treatment transformer 0.728; early fusion Naive Bayes 0.629 (training, best ML)",0.789,NR,NR,internal_test,"Abstract; Results Transformer-based framework (Table S5, Fig. 4A)",prognostic_association,"Kaplan-Meier PFS stratification in training cohort only: Siamese p=0.040, post-treatment p=0.0004, pre-treatment p=0.037",internal_holdout,performance_metric,Training n=305 and validation n=135 from the pooled three-center cohort; method of split (random vs by center) not described; called independent validation by authors,yes,no,research_only,upon_request,upon_request,none_stated,National Natural Science Foundation of China (82303742); Zhejiang Provincial Natural Science Foundation (LQN26H160030),none_declared,"Siamese transformer fusing pre- and post-nCRT multimodal MRI features predicted pCR with validation AUC 0.789, above single-timepoint transformers and early-fusion ML (0.629).","Retrospective; scanner heterogeneity; baseline imbalance (T/N stage, pCR 20.0% vs 11.9%); possible overfitting; no external cohort; no mrTRG comparison; PFS analysis only in training cohort (exploratory)","Pre-treatment transformer AUC 0.739; post-treatment transformer 0.728; early-fusion ML (Naive Bayes 0.629, KNN, ExtraTrees ~0.60 training)",yes,REV-ALCIDES,ai_assisted_single_reviewer,2026-10-07,complete,"Uses post-treatment MRI as input (model not purely baseline predictive). Validation cohort is a hold-out within the pooled 3-center cohort (split method not stated), coded internal_holdout rather than external. CI of AUC not reported in text (supplement tables S4-S5 not available); sensitivity/specificity only in supplement. Early-fusion AUC 0.629 reported for training cohort in Results but cited as validation in Abstract.",no,batch-03
REC-AICRCTX-000049,Yang2026,Variant-to-Biomarker Integration and Mechanistic Validation Identify CES1 as a Copy Number-Linked Predictor of Radiotherapy Response in Rectal Cancer.,2026,Hum Mutat,10.1155/humu/9790288,peer_reviewed,other,rectum,Rectal cancer; GEO pre-treatment biopsy transcriptomes; TCGA-READ for CNV/mutation; HT-29 and SW480 cell lines,locally_advanced_rectal,Stage not reported; coded from neoadjuvant chemoradiotherapy treatment population,bioinformatic_public_data,public_database,NR,public_database,"GEO GSE46862 (n=69), GSE35452 (n=46) for modeling; GSE94104 (paired pre/post) for differential expression; TCGA-READ for copy number/mutation; in vitro experiments",115,samples,Results 3.1 (text): GSE46862 n=69 + GSE35452 n=46,115,NA,NA,neoadjuvant_response,Predict radiotherapy/chemoradiotherapy response and identify CES1 as radiosensitivity biomarker; may support stratification within nCRT/TNT workflows (hypothesis-generating),Neoadjuvant radiotherapy/chemoradiotherapy for rectal cancer,transcriptomics,Pre-treatment tumor gene expression microarrays (Affymetrix) from GEO; copy number (GISTIC2) and somatic mutation from TCGA-READ,classification,classical_ml,"Multi-algorithm consensus feature selection (LASSO, Elastic Net, Random Forest, XGBoost, information gain) then XGBoost five-gene model under nested CV; logistic regression nomogram","Five genes: HAL, CES1, SLC9A3, SMAD9, PRIMA1 (from top 300 -> 40 consensus genes)",ablation_or_baseline_model,"Elastic Net, SVM and XGBoost classifiers compared in cross-validation",Responder vs non-responder to neoadjuvant radiotherapy/chemoradiotherapy,AUC,"Pooled out-of-fold AUC 0.893 (95% CI 0.831-0.947); ACC 0.817, sens 0.797, spec 0.861, PPV 0.926 at Youden cutoff 0.512; Fig 3 mean CV ROC AUC 0.890 (0.829-0.941); Fig 5A AUC 0.93 (0.87-0.98); per-cohort AUCs only in forest plot (Fig 4D)",0.893,0.831,0.947,cross_validation,"Results 3.4 text, Figure 4A/B; CI from Figure 4A",no,NR,internal_cv,performance_metric,"Nested cross-validation on two pooled GEO cohorts with out-of-fold predictions; authors call the two cohorts independent validation, but per-cohort AUCs derive from the pooled OOF predictions; no separate external test set; biological validation via in vitro assays",yes,yes,research_only,NR,yes,none_stated,No funding received,none_declared,"Five-gene ML model from pooled GEO cohorts discriminated responders (pooled OOF AUC 0.893); CES1 was the top contributor, copy-number linked, and CES1 knockdown caused radioresistance in vitro.",Functional validation limited to HT-29 and SW480; no in vivo work; CES1 mutation analyses descriptive; prospective validation required; scenarios for nCRT/TNT stratification are hypothesis-generating,Elastic Net and SVM CV comparisons; Fig 5A AUC 0.93 for final model; risk-group OR 24.41 (95% CI 8.19-72.78); in vitro CES1 functional assays and TCGA-READ CNV/mutation results,no,REV-ALCIDES,ai_assisted_single_reviewer,2026-10-07,complete,"INCONSISTENT: final model AUC reported as 0.893 (text, Fig 4A; mean CV 0.890 in Fig 3) but 0.93 (0.87-0.98) in Fig 5A; 0.893 used. Stage not reported; stage_context inferred from neoadjuvant chemoradiotherapy rectal cancer setting. Clinical details (sample type, treatment regimen, response definition per GEO cohort) minimal; response labels merged from responder/complete/partial. Only 115 samples; mixed discovery plus functional-biology study, so decision relevance is exploratory. Fig 3 text says 5-fold CV while methods state 10-fold repeated CV.",no,batch-03
REC-AICRCTX-000056,Dhar2026,Exploring Machine Learning Approaches for Decision Support in Neoadjuvant Therapy of Locally Advanced Rectal Cancer.,2026,Oncol Res,10.32604/or.2026.074385,peer_reviewed,llm_dss,rectum,Locally advanced rectal adenocarcinoma,locally_advanced_rectal,"cT3-4 or node-positive (372 cT3-4; 317 N1-2), no metastases",retrospective_cohort,multicenter,Taiwan,own_cohort,"Three hospitals affiliated with Taipei Medical University, 2016-2022",409,patients,Abstract; Results 3.1,182,NA,NA,neoadjuvant_response,Support individualised decisions on adding chemotherapy after nCCRT by predicting downstaging under nCCRT alone vs nCCRT plus CT,Neoadjuvant concurrent chemoradiotherapy (nCCRT) alone (n=182) vs nCCRT plus additional chemotherapy (n=227) before surgery,clinical_tabular,"34 baseline demographic, tumor and laboratory variables (hematologic, biochemical, renal, liver, CEA)",classification,classical_ml,"K-Star (best for nCCRT alone), Random Forest, MLP, Random Committee (best for nCCRT+CT) with SMOTE; Decision Stump and AdaBoostM1 for thresholds","34 baseline variables minus 3 with ~47% missing; cN ranked highest, then Na, GPT, eGFR, weight, RBC, MCHC, BUN",other_ai_model,Four ML algorithms compared within each treatment group,Improvement (tumor downstaging) after nCCRT alone (K-Star model),AUC,"nCCRT alone (n=182), 10-fold CV: K-Star AUC 0.89 (0.83-0.94), accuracy 80.8% (76.7-84.3); RF 0.88; RC 0.83; MLP 0.82. nCCRT+CT (n=227): RC AUC 0.84 (0.79-0.89), accuracy 77.3%; RF 0.84; K-Star 0.82; MLP 0.74",0.89,0.83,0.94,cross_validation,Table 4 (nCCRT alone); Table 3 (nCCRT+CT); abstract,no,NR,internal_cv,performance_metric,10-fold cross-validation within each treatment group; SMOTE applied to training folds only; no external cohort,no,yes,research_only,NR,no,none_stated,Australian NHMRC (GNT1192469); UNSW Research Technology Services; Google Cloud Research (GCP19980904),none_declared,"Separate ML models predicted improvement (downstaging) with AUC up to 0.89 for nCCRT alone and 0.84 for nCCRT+CT; cN, sodium, GPT, eGFR were top-ranked predictors; threshold patterns are exploratory.",Retrospective with limited sample size; no external validation cohort (10-fold CV only); larger and prospective studies needed; SHAP not feasible with sample size,"nCCRT plus CT group best model Random Committee AUC 0.84 (accuracy 77.3%); Decision Stump/AdaBoostM1 threshold patterns (lymphocyte %, PDW, eGFR, GPT, cN) from improved patients (n=217)",no,REV-ALCIDES,ai_assisted_single_reviewer,2026-10-07,complete,"Two co-primary models (nCCRT-alone K-Star and nCCRT+CT Random Committee) with no declared winner; K-Star chosen as best AUC (rule 2b, listed first in abstract). Outcome ""improvement"" operationalised as downstaging (217/409). The two models are fit separately per treatment arm and do not estimate a treatment effect; decision framing (whether to add CT) coded as neoadjuvant_response because the target is downstaging. Hyperparameters/SMOTE before CV at group level (stated within training folds only). Axis llm_dss inherited but study is classical ML.",yes,batch-03
REC-AICRCTX-000059,Li2026,Interpretable machine learning models based on CT radiomics for predicting chemoradiotherapy response in rectal cancer.,2026,BMC Med Imaging,10.1186/s12880-026-02269-4,peer_reviewed,neoadj_pcr_ww,rectum,Locally advanced rectal cancer (low/mid/high),locally_advanced_rectal,"LARC receiving nCRT then TME; T2-T4, N0-N3 (mostly T3-4)",retrospective_cohort,multicenter,China,own_cohort,Chongqing University Cancer Hospital (n=223; random 7:3 train/internal) and Second Affiliated Hospital of Chongqing Medical University (n=49 external),272,patients,Abstract; Results Baseline characteristics (Table 1),49,156,116,neoadjuvant_response,Predict nCRT response (TRG) to stratify patients for organ preservation vs intensified treatment,Neoadjuvant chemoradiotherapy (50.4 Gy IMRT + capecitabine),radiology_imaging,Pretreatment contrast-enhanced CT radiomics (107 PyRadiomics features); CEA and CA19-9 added to the combined model,classification,classical_ml,"LASSO R-score (logistic regression) combined with CEA and CA19-9 in XGBoost (also LR, RF, SVM, DT compared); SHAP","R-score from 10 LASSO-selected radiomic features, CEA, CA19-9",ablation_or_baseline_model,"Clinical-only (CEA, CA19-9) and imaging-only (R-score) models; other ML algorithms",nCRT response: TRG 0-1 (responder) vs TRG 2-3,AUC,"Combined XGBoost model AUC: external 0.800 (0.665-0.918), internal 0.844 (0.729-0.934), training 0.858 (0.791-0.924); external sens 95.0 / spec 65.5; internal sens 100.0 / spec 56.6; imaging model 0.781-0.820; clinical model 0.747-0.776",0.800,0.665,0.918,external,Table 3; Results Performance of different models,no,NR,external_retrospective,performance_metric,Random 7:3 split of Chongqing University Cancer Hospital (156 train/67 internal) plus a single external hospital (n=49),yes,yes,retrospective_validation,NR,upon_request,none_stated,"Science and Health Joint Project of Shapingba District, Chongqing (2025SQKWLHMS045; 2023SQKWLH028)",none_declared,"XGBoost model combining CT radiomics R-score with CEA and CA19-9 outperformed clinical-only and imaging-only models for nCRT response (external AUC 0.800, internal 0.844); R-score most influential by SHAP.",Retrospective with institutional selection bias; manual ROI delineation; CT only; external set <50 patients; no long-term outcomes; no ctDNA/immune markers; not yet implemented as an interactive tool,Imaging-only R-score AUC 0.820/0.796/0.781 (train/internal/external); clinical model 0.776/0.768/0.747; R-score higher in responders in all sets,no,REV-ALCIDES,ai_assisted_single_reviewer,2026-10-07,complete,"Clinical variables (CEA, CA19-9) added to a CT radiomics model, so coded radiology_imaging not multimodal (rule 9). External cohort has 40.8% responders vs ~21-22% in training/internal (Table 1); text labels this rate as pCR although response is defined as TRG 0-1. Selection of XGBoost as best by training AUC. Table 3 sensitivity/specificity layout is garbled in text extraction; combined-model values read as listed.",no,batch-03
REC-AICRCTX-000074,Pang2026,"Interpretable Artificial Intelligence in Assisting Treatment Response Prediction for Locally Advanced Rectal Cancer After Neoadjuvant Chemoradiotherapy: A Prospective, Multicenter, Human-Model Interaction Study.",2026,Int J Radiat Oncol Biol Phys,10.1016/j.ijrobp.2025.12.025,peer_reviewed,tox_surg,rectum,"Locally advanced rectal cancer, cT3-4 or node-positive, non-metastatic",locally_advanced_rectal,cT3-T4 or N+ non-metastatic LARC treated with neoadjuvant chemo(radio)therapy then TME,prospective_cohort,multicenter,China,own_cohort,Retrospective cohort 2010-2018 from 2 tertiary institutions (n=823; random split 575/248); prospective consecutive cohort 2020-2023 from the same 2 institutions (n=207; NCT04278274),1030,patients,Abstract; Results Patient characteristics (823 retrospective + 207 prospective),207,575,455,neoadjuvant_response,Preoperative pCR assessment after neoadjuvant therapy to support anorectal organ preservation and individualised therapy,"Neoadjuvant chemotherapy with or without radiotherapy (post-treatment, pre-TME MRI)",radiology_imaging,"Post-neoadjuvant/pre-TME multiparametric MRI (T2WI, DWI, DCE) radiomics; cT, cN, pre- and post-treatment CEA added to the model (authors call it multimodality)",classification,hybrid,RAPIDS-II: Deep Residual Shrinkage Network on 19 selected radiomic features (Radscore) integrated with clinicopathological factors by XGBoost; SHAP,"Radscore (944 PyRadiomics features per sequence -> 19 selected), cT, cN, pre-CEA, post-CEA",clinician_or_expert,"Six radiologists (junior 3, senior 3) visual assessment alone and with RAPIDS-II assistance; DRSN-only and single-sequence radiomics models",Pathological complete response (ypT0N0),AUC,"Prospective (n=207): AUC 0.795 (0.723-0.859), sens 0.661 (0.526-0.779), spec 0.764 (0.687-0.829), PPV 0.527, NPV 0.85; testing (n=248): AUC 0.813 (0.736-0.874), sens 0.759, spec 0.799; training (n=575): AUC 0.930; DRSN prospective 0.754; junior radiologists 0.673, senior 0.829 (prospective)",0.795,0.723,0.859,prospective,Abstract; Results RAPIDS-II performance in prospective validation; Table 2,prognostic_association,"In the retrospective cohort (n=823, median follow-up 40 mo) predicted pCR associated with better OS (P=0.0031), DFS, LRFS and DMFS (all P<0.0001)",prospective,performance_metric,Random 575/248 train/test split of retrospective cohort; prospective consecutive cohort (n=207) at the same 2 institutions with blinded prediction and pathology as reference; human-model interaction substudy with 6 radiologists re-reviewing discordant cases,no,yes,prospective_validation,NR,no,TRIPOD-AI,National Key R&D Program of China; National Science Fund for Distinguished Young Scholars (82225040); Natural Science Foundation of Guangdong Province; National Science Fund for Outstanding Young Scholars (82122057); NSFC (82302307); National Postdoctoral Program for Innovative Talents,none_declared,"Post-neoadjuvant MRI radiomics (DRSN Radscore) plus CEA and cT/cN gave prospective AUC 0.795 for pCR; model assistance improved radiologists AUC and sensitivity, especially junior readers.",Manual segmentation of tumor bed; difficulty separating TRG0 from TRG1; small heterogeneous reader panel and discordant-case design introduces selection bias; prospective validation limited to domestic institutions; results preliminary,"DRSN-only model AUC 0.806 (testing), 0.754 (prospective); single-sequence T2WI/DWI/DCE models lower; radiologist-with-AI AUC improved by 0.039-0.130 (all P<0.05 except senior R6)",no,REV-ALCIDES,ai_assisted_single_reviewer,2026-10-07,complete,"Prospective validation was run at the same 2 institutions that contributed the retrospective development cohort (not independent sites). Human-model interaction changed radiologists diagnostic calls (diagnostic performance), not documented treatment decisions or patient outcomes, so validation_level coded prospective rather than decision_impact. Uses post-treatment MRI (not baseline prediction). Clinical variables added to MRI model so coded radiology_imaging per rule 9 although authors say multimodality. Axis tox_surg inherited. Prospective-cohort Table 2 values read from layout mode. Abstract says RAPIDS-II AUC ""comparable"" to DRSN in testing set (P=0.020).",no,batch-03
REC-AICRCTX-000076,Corro2026,Integrative analysis of transcriptomic data reveals a predictive gene signature for chemoradiotherapy response in rectal cancer.,2026,iScience,10.1016/j.isci.2025.114455,peer_reviewed,neoadj_pcr_ww,rectum,"Locally advanced rectal cancer, pre-treatment biopsies",locally_advanced_rectal,LARC (stage II-III per introduction) treated with nCRT; TNM/cT/cN annotation inconsistent or absent in GEO datasets,bioinformatic_public_data,mixed,Switzerland (in-house GeoMx cohort); public GEO cohorts NR,multiple,"Six GEO datasets (GSE94104, GSE93375, GSE150082, GSE133057, GSE209746, GSE145037); external Domingo et al. 2024 dataset; in-house GeoMx spatial cohort (Geneva, n=53; GSE279942)",226,patients,STAR Methods (Differential gene expression: 226 samples retained from 266; 338 identified); in-house GeoMx n=53 and external Domingo n=NR additional,NR,NA,NA,neoadjuvant_response,"Predict response (pCR/TRG) to nCRT to tailor treatment (avoid unnecessary intensification, enable intensification/watch-and-wait); exploratory, hypothesis-generating",Neoadjuvant chemoradiotherapy (regimens heterogeneous across datasets),transcriptomics,Bulk gene expression (microarray and RNA-seq) from GEO pre-treatment biopsies; GeoMx spatial transcriptomics (tumor/stroma) for in-house cohort,classification,classical_ml,186-gene signature fed to glmnet (L2-regularized logistic regression) and Random Forest; limma DEA in cross-validation loop for feature selection,186 genes selected by differential expression (intersection of 6- and 4-dataset analyses),other_ai_model,glmnet vs Random Forest; correlation compared with 10 published signatures (not performance comparison),Responder vs non-responder to nCRT (pathologic TRG; mid-responders excluded),AUC,5-fold CV on pooled six datasets (n=226): AUC 0.80 for both glmnet and Random Forest (no CI/SD in text); external Domingo et al. dataset AUC 0.62; in-house GeoMx pseudo-bulk (n=53) random forest AUC 0.6071,0.62,NR,NR,external,Results: Evaluating performance on an external dataset (Figure S3); CV AUC 0.80 in Results and Figures 1C/1D,no,NR,external_retrospective,performance_metric,"5-fold CV on six pooled GEO datasets; external validation on Domingo et al. 2024 microarray dataset (AUC 0.62, no batch correction) and on in-house GeoMx pseudo-bulk (AUC 0.61)",no,no,retrospective_validation,yes,yes,none_stated,Research Fund of the Dept of Internal Medicine (HUG) and Faculty of Medicine (UNIGE); Fondation pour l innovation sur le cancer et la biologie; Swiss Cancer League KFS5786-02-2023,none_declared,186-gene transcriptomic signature from six pooled GEO datasets reached CV AUC 0.80 for nCRT response but only 0.62 on an external dataset; associated with CMS4/iCMS3 in responders; spatial analysis identified compartment-specific genes.,"Batch effects between public datasets not fully resolved; spatial cohort moderate size; no functional validation; exploratory, prospective larger studies required","glmnet and Random Forest both CV AUC 0.80; GeoMx pseudo-bulk RF AUC 0.6071; tumor-compartment genes had greater predictive value; CMS4 and iCMS3 enriched in responders (chi-square p=0.0043, 0.0006)",no,REV-ALCIDES,ai_assisted_single_reviewer,2026-10-07,complete,"Two co-primary classifiers (glmnet, RF) with identical CV AUC 0.80; no single model declared. Headline CV AUC 0.80 is in-sample-cohort cross-validation; per rule 4 the most demanding reported cohort (external Domingo, AUC 0.62, n not reported) is coded as primary metric, with CV 0.80 in performance_value. The 186 genes were selected by averaging DEA p-values over CV runs and intersecting two analyses on the full pooled set before the 5-fold ML CV, which may leak information into CV performance. n_analytic counts the 226 samples used for modeling (266 after filtering, 338 identified); external and GeoMx cohorts additional. Stage not annotated in datasets; coded from LARC setting.",yes,batch-03
REC-AICRCTX-000078,Yang2026,"A noninvasive AI model based on multi-dimensional MRI features for predicting tertiary lymphoid structures, immunotherapy response, and prognosis in rectal cancer.",2026,Int J Surg,10.1097/js9.0000000000003845,peer_reviewed,biomarker_actionable,rectum,"Rectal cancer (upper/mid/low), surgically treated without neoadjuvant therapy before MRI; separate neoadjuvant immunotherapy cohort",mixed_all_stages,"Development cohort cT: 11% T2 or less, 89% >T2; cN+ 65%; no staging restriction (immunotherapy cohort: all >T2, 90% cN+)",prospective_cohort,multicenter,China,own_cohort,"Sixth Affiliated Hospital of Sun Yat-sen University (development n=314, prospective n=89, immunotherapy n=94) and First Hospital of Jilin University (validation n=109)",606,patients,Abstract; Results Baseline characteristics; Table 1,89,251,261,immunotherapy_msi_selection,Noninvasive prediction of TLS status to guide immunotherapy and prognosis assessment; TLS score tested for predicting pCR to neoadjuvant immunotherapy,Neoadjuvant immunotherapy (alone or with chemotherapy) in the secondary immunotherapy cohort,radiology_imaging,"Pretreatment multisequence MRI (T2WI, DWI, CE-T1WI); whole-tumor radiomics, PCA/SVD reduced features, and habitat subregion features",classification,classical_ml,"XGBoost (compared with AdaBoost, LightGBM) on combined radiomic, PCA/SVD and habitat features; SHAP; 3D U-Net used only for pre-segmentation","321 whole-tumor radiomic, 300 PCA/SVD matrix features, 1070 subregional heterogeneity features from 10 supervoxel subregions",ablation_or_baseline_model,AdaBoost and LightGBM; models with radiomics alone and radiomics + matrix features,Tertiary lymphoid structure (TLS) status positive vs negative on postoperative pathology,AUC,"TLS model AUROC: prospective external test set 2 (n=89) 0.84 (0.76-0.92), sens 0.67, spec 0.92, PPV 0.92, NPV 0.67; external test set 1 (n=109, other hospital) 0.81 (0.70-0.91), sens 0.85, spec 0.64; internal validation (n=63) 0.88 (0.80-0.97); TLS score for pCR to immunotherapy (n=94) AUROC 0.74 (0.64-0.84)",0.84,0.76,0.92,prospective,Abstract; Results; Table 2 (layout mode),prognostic_association,High TLS score associated with better disease-free survival by Kaplan-Meier in internal validation and external test sets (log-rank P<0.05),prospective,performance_metric,Development cohort split 4:1 randomly (251/63); external test set 1 from a second hospital (retrospective); external test set 2 is a prospective cohort from the same hospital as development; immunotherapy cohort tested association with pCR using TLS score,yes,yes,prospective_validation,NR,upon_request,TRIPOD,"National Natural Science Foundation of China (82430062); Natural Science Foundation of Guangdong Province (2023A1515011292, 2025A1515011575)",none_declared,MRI-based XGBoost TLS classifier reached AUROC 0.84 in a prospective cohort (0.81 at an external hospital); the TLS score predicted pCR to neoadjuvant immunotherapy (AUROC 0.74) and stratified DFS.,"Observational data, randomized trials needed; heterogeneous immunotherapy regimens in the immunotherapy cohort; MRI scanner variation across cohorts; biological interpretation for prognosis/immunotherapy lacks molecular validation; RC-specific model needs cross-cancer testing","TLS score predicts pCR to neoadjuvant immunotherapy (n=94): AUROC 0.74 (0.64-0.84); pure immunotherapy subgroup 0.77 (0.56-0.97), immunotherapy plus chemotherapy 0.74 (0.62-0.86); DFS stratification by TLS score",no,REV-ALCIDES,ai_assisted_single_reviewer,2026-10-07,complete,"Primary model is the TLS classification model (immunotherapy pCR is a secondary use of its score in a separate cohort, 94 patients with no TLS label). Therapeutic decision coded immunotherapy_msi_selection because the stated clinical use is selecting immunotherapy; no MSI/dMMR status reported. Prospective cohort is from the same hospital as the development cohort; the only external-site cohort is retrospective. Intended-use population heterogeneous (surgery-only cohorts vs neoadjuvant immunotherapy). Flowchart shows 857 screened, 606 analysed.",no,batch-03
REC-AICRCTX-000079,Xia2025,Integrating single-cell and bulk transcriptomes identifies B cell features associated with neoadjuvant chemoradiotherapy sensitivity in rectal cancer.,2026,Sci Rep,10.1038/s41598-025-31068-0,peer_reviewed,neoadj_pcr_ww,rectum,Rectal adenocarcinoma (LARC),locally_advanced_rectal,"Own cohort: cT2 3.1%, cT3 45.3%, cT4 51.6%, N+ 98.4%, no distant metastasis (Table 1); GEO cohorts NR",bioinformatic_public_data,mixed,China (own cohort); GEO cohorts NR,multiple,"scRNA-seq GSE132465 (23 tumor + 10 normal samples, 9,146 B cells); bulk GSE40492 (training) and GSE45404 (validation); own cohort of 64 LARC patients, Fujian Medical University Union Hospital 2015-2018",NR,patients,"NR: GSE40492/GSE45404 sample sizes not reported; own cohort 64 (Methods, Patients and samples; Table 1)",64,NR,64,neoadjuvant_response,Identify B cell features/subtypes of nCRT sensitivity and predict pCR to guide patient stratification and personalized therapy selection,Neoadjuvant capecitabine chemoradiotherapy (50.4 Gy/28 fx) followed by TME,transcriptomics,Bulk RNA expression of nCRT-responsive B cell genes (derived from scRNA-seq via Scissor); fresh-frozen biopsy samples in own cohort,classification,statistical_model,"Logistic regression selected among kNN, LDA, logistic regression, naive Bayes, random forest, decision tree, SVM (mlr3, 3x repeated 5-fold CV on GSE40492)",nCRT-responsive B cell genes (19 genes via univariate Cox-LASSO; Supplementary Table 2),ablation_or_baseline_model,Other ML classifiers compared in internal CV only,Pathological complete response (TRG 0 vs others),AUC,AUC 0.911 train (GSE40492); 0.651 GSE45404; 0.819 own hospital cohort (n=64),0.819,NR,NR,external,"Results, Predicting pCR section; Figure 6B-D; Abstract",prognostic_association,KM by predicted class in GSE40492: 5-yr OS 65% non-pCR vs 100% pCR; own cohort DFS/PFS not significant; molecular subtypes associated with OS (HR 2.93 B vs C),external_retrospective,performance_metric,"Training on GSE40492 with repeated CV; external test on GSE45404 (AUC 0.651) and own single-center cohort (n=64, AUC 0.819). Site/number of GEO cohorts NR.",no,no,retrospective_validation,no,upon_request,none_stated,National Natural Science Foundation of Fujian Province (2022J02037); Fujian Medical University Union Hospital Excellent Young Scholars project (2022XH034Z); Fujian Provincial Health and Youth Talent Overseas Study Program,none_declared,"Scissor-identified B cell subpopulation (HLA-DRB5, HLA-DQA2, HLA-DQB1, CD74, ACTG1) associated with nCRT response; logistic regression pCR model AUC 0.911 train, 0.819 in 64-patient own cohort but only 0.651 in GSE45404.",Primarily computational analyses with model-dependent bias; lack of mechanistic experiments; short follow-up for survival.,Three consensus-clustering molecular subtypes (A/B/C): responders 52%/46%/76%; OS HR B vs C 2.93 (1.12-7.65); other ML classifiers had lower mean CV AUC (values NR in text). Manuscript is accepted-article-in-press unedited version.,yes,REV-ALCIDES,ai_assisted_single_reviewer,2026-10-07,partial,"Discovery-oriented study with secondary pCR classifier (principal model per abstract). GSE40492/GSE45404 sample sizes and number of own-cohort pCR (10/64) only in Table 1; n_analytic NR so cannot be complete. Performance cohort chosen as own-hospital external cohort (best-claimed validation); GEO external AUC 0.651 listed. External cohort number of sites for GEO not stated, so not coded multicenter. Gene list and CV AUC per model only in supplement/figure. n_train NR.",yes,batch-04
REC-AICRCTX-000083,Cao2026,MR-DELTAnet: A Longitudinal MRI-Transformer Model Predicting Pathological Complete Response and Revealing Immune Microenvironment via scRNA-seq in Locally Advanced Rectal Cancer.,2026,Adv Sci (Weinh),10.1002/advs.202517721,peer_reviewed,neoadj_pcr_ww,rectum,Locally advanced rectal cancer,locally_advanced_rectal,"cT3-4Nany or cT2N+, no distant metastases (Methods)",retrospective_cohort,multicenter,China,own_cohort,"Four Chinese hospitals, Jul 2012-Jul 2023: center A (n=845; random 75:25 split into training 633 / internal validation 212); external validation 181 from centers B (113), C (42), D (26); separate scRNA-seq cohort of 26 patients from center A (2021)",1026,patients,Abstract; Results 2.1; Methods Study Design (845 + 181); excludes 26-patient scRNA-seq cohort,181,633,393,neoadjuvant_response,Non-invasive preoperative identification of pCR likelihood after NCRT to inform individualized treatment strategies (organ preservation mentioned in introduction),Neoadjuvant chemoradiotherapy followed by TME (regimens in Appendix S3),radiology_imaging,Longitudinal pre- and post-NCRT T2-weighted MRI with manual tumor ROI; clinical variables only in a separate fusion model; scRNA-seq used only for post hoc biological interpretation,classification,deep_learning,MR-DELTAnet: Transformer with cross-attention and Delta module (multi-scale feature differences) on pre-/post-treatment MRI; Class-Balanced Focal Loss + cross-time contrastive regularization; AdamW,Paired pre- and post-NCRT T2-weighted MRI ROIs,ablation_or_baseline_model,Ablation studies (Table S3) and fusion model adding DTA and CEA (no improvement; Table S2),Pathological complete response (no viable tumor in primary and sampled nodes),AUC,AUC 0.93 (0.90-0.96) training n=633; 0.88 (0.82-0.94) internal validation n=212; 0.90 (0.79-1.00) external validation n=181,0.90,0.79,1.00,external,Abstract; Results 2.2; Figure 3; Table S2 (not available),prognostic_association,"KM by predicted class: predicted pCR had better OS (HR 0.51) and DFS (HR 0.70), both p<0.05; model independent predictor in multivariable Cox",external_multicenter,performance_metric,"Random 75:25 split at center A (internal holdout) plus external cohort from 3 other centers (B, C, D); retrospective",yes,yes,retrospective_validation,yes,upon_request,none_stated,"National Natural Science Foundation of China (82472051, 82001765); Natural Science Foundation of Guangdong Province for Distinguished Young Scholars (2022B1515020003); funders had no role in the study",none_declared,Longitudinal MRI Transformer predicted pCR with AUC 0.90 in the 3-center external cohort (0.88 internal); predicted scores stratified OS/DFS and high-score tumors were myeloid-rich/immunosuppressive on scRNA-seq (n=26).,Retrospective with selection bias; small scRNA-seq sample; manual ROI delineation without reproducibility metrics; T2-weighted only.,"Fusion model with DTA and CEA: no improvement over MR-DELTAnet (Table S2); ablations in Table S3; Guided Grad-CAM; scRNA-seq cohort (n=26, 7 pCR) stratified by score threshold 0.5.",no,REV-ALCIDES,ai_assisted_single_reviewer,2026-10-07,complete,External cohort CI wide (0.79-1.00) because few pCR events. n_test=393 combines internal 212 and external 181. Sensitivity/specificity/accuracy and per-center AUC in Table S2 (not available).,no,batch-04
REC-AICRCTX-000090,Rahimi2025,A comprehensive feature importance analysis of surgical site infection following colorectal cancer surgery.,2025,Sci Rep,10.1038/s41598-025-23722-4,peer_reviewed,tox_surg,colorectal,"Colon and rectum (curative resections; includes low/middle/upper rectum, rectosigmoid/sigmoid, colon)",mixed_all_stages,Pathological stage 0 to metastatic (Table 1); ASA II-III,retrospective_cohort,single_center,Iran,own_cohort,"CRC surgery registry, Ghaem Hospital (Mashhad University of Medical Sciences), Sep 2017-Aug 2024; 621 registered, 528 eligible",528,patients,Abstract; Methods inclusion/exclusion; Fig. 1; Results,528,NR,NR,surgical_approach_or_complications,Identify risk factors for surgical site infection after CRC surgery to support personalized preoperative risk assessment and infection prevention strategies,Curative CRC resection (various techniques; 30-day SSI),clinical_tabular,"Demographic, clinical, perioperative variables and preoperative laboratory values (CBC, creatinine, urea, sodium)",classification,classical_ml,"Random Forest, XGBoost, Decision Tree, KNN (caret, tuned); LOOCV (k=3); ROSE over/undersampling; averaged min-max normalized feature importance","Age, gender, surgical approach, tumor location, surgical technique, operation time, stoma, transfusion, neoadjuvant therapy, pTNM, intraoperative complications, comorbidities, smoking, prior surgery, preoperative laboratory values (WBC, PMN, lymphocytes, Hb, RDW, PLT, PDW, creatinine, urea, sodium)",ablation_or_baseline_model,Four ML algorithms compared with each other; conventional univariate/ROC analysis alongside,Surgical site infection within 30 days (CDC definition),accuracy,Accuracy/sensitivity/specificity: RF 0.71/0.81/0.37; XGBoost 0.64/0.65/0.70; Decision tree 0.58/0.64/0.37; KNN 0.58/0.64/0.37 (LOOCV). Univariate ROC AUCs 0.56-0.62 (Table 3),0.71,NR,NR,cross_validation,Figure 2 legend (RF accuracy 0.71); Table 3 for ROC of single variables,no,NA; outcome is the predicted SSI event itself,internal_cv,performance_metric,Leave-one-out cross-validation (stated k=3) on the whole single-center dataset; no holdout or external validation; class imbalance handled with ROSE sampling,no,yes,research_only,no,upon_request,none_stated,NR (Funding section: Not applicable),none_declared,"SSI occurred in 17.6% (93/528). Tumor location, surgical technique, stoma and neoadjuvant therapy were associated with SSI; PDW, PMN, WBC and lymphocyte counts topped combined ML feature importance. RF accuracy 0.71 (specificity 0.37).",Single-center retrospective design limiting generalizability; cutoffs need validation in larger studies; unmeasured lab confounders; steroid use and nutritional indices not included; ML needs external validation.,"XGBoost acc 0.64, sens 0.65, spec 0.70; decision tree and KNN acc 0.58. Univariate ROC cutoffs: WBC <=5, lymphocytes <=1.32, PMN <=3.3, PDW <=11.2, creatinine <=0.9 (AUC 0.56-0.62).",no,REV-ALCIDES,ai_assisted_single_reviewer,2026-10-07,complete,"No single principal model declared (four algorithms, focus on feature importance); chose Random Forest as best accuracy (rule 2b). Not a treatment decision model per se; coded as surgical complication risk. Authors state LOOCV with k as 3 (ambiguous); coded cross_validation. Whether performance metrics come from LOOCV or training data is unclear. No train/test sizes. Funding stated as Not applicable.",yes,batch-04
REC-AICRCTX-000094,Zhang2025,Exploring radiomic and topological features to evaluate treatment response in rectal cancer.,2025,Phys Med Biol,10.1088/1361-6560/ae117f,peer_reviewed,other,rectum,Locally advanced rectal cancer,locally_advanced_rectal,LARC patients in INNATE trial (cTNM not reported in text),trial_secondary_analysis,single_center,United States,trial_data,"INNATE trial (NCT04130854), UT Southwestern; 30 enrolled Jul 2020-Jun 2022, 21 analysed (Arm1 n=12 SCRT+mFOLFOX6+anti-CD40 sotigalimab; Arm2 n=9 SCRT+mFOLFOX6)",21,patients,Abstract; Methods 2.1,21,NR,NR,discovery_no_decision,Exploratory imaging biomarkers (delta radiomics and topological features) to evaluate response to neoadjuvant therapy; authors mention future personalized treatment and organ preservation,Short-course RT (5x5 Gy) + mFOLFOX6 x6 with or without anti-CD40 (sotigalimab),radiology_imaging,Paired pre-/post-treatment T2-weighted MRI; delta 3D/2D radiomics and persistent-homology topological features,signature_discovery,statistical_model,"Permutation-based Mann-Whitney tests with Cliff delta and FDR for feature discovery; exploratory classifiers (radiomics-only, topology-only, combined) described only in supplement S2","Delta radiomics (93 3D, 75 2D) and 84 topological features (Betti numbers, persistence lifetimes); 252 retained after variance filter",ablation_or_baseline_model,Radiomics-only vs topology-only vs combined exploratory models,"Maximal response (pCR/cCR/nCR, n=9) vs partial response (n=12)",AUC,Exploratory models (Discussion 4.4): radiomics-only AUC 0.556/acc 55.6%; topology-only AUC 0.861/acc 86.1%; combined AUC 0.944/acc 94.4% (19/21 correct); evaluation scheme NR in main text,0.944,NR,NR,NR,Discussion 4.4 (modeling details in supplementary S2),no,Response groups used as label only; no survival analysis,none,NA,No independent validation; evaluation scheme of exploratory classifiers not described in main text (supplement S2); authors warn of overfitting with n=21,no,no,research_only,no,upon_request,other,NR,NR,Delta-Volume separated treatment arms and delta-Betti2 and other topological features separated maximal from partial responders (n=21); exploratory combined radiomics-topology model AUC 0.944 likely overfit.,Small sample (n=21) limiting power; manual segmentation difficult with fibrosis; variable timing between therapy and post-treatment MRI; speculative biological interpretation; external validation needed.,Radiomics-only AUC 0.556; topology-only AUC 0.861. Radiomics Quality Score 2.0 overall compliance 67% (8/12). Main analysis is statistical feature comparison (Arm1 vs Arm2; MR vs PR).,yes,REV-ALCIDES,ai_assisted_single_reviewer,2026-10-07,partial,"Coded therapeutic_decision=other because the codebook value discovery_no_decision (rule 8) is rejected by the validator vocabulary; this is an exploratory discovery study without an operable decision. Exploratory feature-discovery study; the predictive models are secondary and only summarized in Discussion with details in supplement S2 (not available). Combined model chosen as principal by best AUC (rule 2b). Reporting guideline coded other because radiomics quality score (RQS 2.0 / RRL) was assessed, but no TRIPOD/CLAIM adherence stated. Funding and COI sections not found in PDF text. Response label mixes pCR, cCR and nCR (clinical, radiological, pathological). [Recoded other -> discovery_no_decision after validator vocabulary fix.]",yes,batch-04
REC-AICRCTX-000098,Chen2025,Development and validation of machine-learning model based on dynamic tumor markers in predicting pathological complete response after neoadjuvant chemoradiotherapy in patients with locally advanced rectal cancer: a multicenter cohort study.,2025,Int J Colorectal Dis,10.1007/s00384-025-04993-9,peer_reviewed,neoadj_pcr_ww,rectum,Locally advanced rectal cancer,locally_advanced_rectal,"cT1-cT4 (Table 1), cN0/cN+; no distant metastasis at surgery",retrospective_cohort,multicenter,China,own_cohort,"Three hospitals, Sep 2010-Oct 2017: FJMUFAH (n=892; 624 train / 268 internal test, 7:3), FJMUUH (n=228) and FJPH (n=196) as external validation sets",1316,patients,"Results, Patient characteristics; Fig. 1",228,624,692,neoadjuvant_response,Predict pCR after NCRT as practical tool for treatment decision-making in LARC,"NCRT 45 Gy/25 fx + 5.4 Gy boost with capecitabine+oxaliplatin, capecitabine, or 5-FU+oxaliplatin, then TME",clinical_tabular,"CEA and CA19-9 dynamic changes (DTMS) plus tumor size, distance from anal verge, cN stage",classification,classical_ml,"XGBoost (DTMS-XGB) selected among 10 algorithms (XGB, RF, DT, LR, LightGBM, AdaBoost, KNN, SVM, naive Bayes, MLP); random hyperparameter search, 10-fold CV; website tool","DTMS (logistic-derived score from change in CEA and CA19-9 pre/post NCRT), tumor size, distance from anal verge, clinical N stage",ablation_or_baseline_model,Nine other ML algorithms including logistic regression,Pathological complete response (no residual tumor cells or nodal metastases),AUC,"XGB: AUC 0.86 (10-fold CV mean, train n=624; AUPRC 0.732; sens 0.86, spec 0.85, PPV 0.68, NPV 0.76); external FJMUUH AUC 0.80 (AUPRC 0.519); external FJPH AUC 0.82 (AUPRC 0.593); internal test AUC in Fig. 3C/4 only",0.80,NR,NR,external,Abstract; Results (Model performance and website); Fig. 3C/4,no,NA,external_multicenter,performance_metric,"Random 7:3 split at FJMUFAH (10-fold CV in training) plus two external hospitals at different sites (FJMUUH n=228 and FJPH n=196; 2 external sites), retrospective",yes,yes,retrospective_validation,NR,upon_request,none_stated,"National Natural Science Foundation of China (82172800); Special Financial Foundation of Fujian Province (2020B019); Joint Funds for Innovation of Science and Technology, Fujian (2020Y9125); FJMU First Affiliated Hospital talent program (YJRC3600); FJMU startup fund (2022QH1925)",none_declared,"DTMS (dynamic CEA and CA19-9 change) plus size, distance and cN fed an XGBoost model for pCR: CV AUC 0.86 in training and AUC 0.80/0.82 in two external hospitals; web tool provided.",Retrospective design prone to selection bias; differing chemotherapy regimens and durations may affect validity.,Nine other ML algorithms had mean CV AUC 0.78-0.86 in training and lower external AUC/AUPRC than XGB; DTMS was the most important SHAP predictor; DTMS univariate/multivariable logistic factors.,no,REV-ALCIDES,ai_assisted_single_reviewer,2026-10-07,complete,"INCONSISTENT: DTMS coefficients differ between text (-1.928 x dCEA, -1.017 x dCA19-9) and Table 2 (-1.882, -1.039); table values preferred. Two external cohorts reported; headline AUC taken as the lower (0.80, FJMUUH n=228) and 0.82 (FJPH n=196) listed in performance_value; internal test AUC only in figures. n_test=268+228+196. Abstract says XGB trained on 892 patients while training set is 624.",no,batch-04
REC-AICRCTX-000103,Li2025,Deep Learning-Based Multimodal Prediction of NAC Response in LARC by Integrating MRI and Proteomics.,2025,Cancer Res Treat,10.4143/crt.2025.707,peer_reviewed,other,rectum,Locally advanced rectal cancer,locally_advanced_rectal,LARC treated with neoadjuvant chemotherapy; cTNM not reported,retrospective_cohort,single_center,China,own_cohort,"Harbin Medical University Cancer Hospital, Jan 2012-Dec 2021; 274 patients (91 with MRI+proteomics, 175 MRI only, 8 proteomics only)",274,patients,Abstract; Results 1; Fig. 1,16,242,16,neoadjuvant_response,Predict response to neoadjuvant chemotherapy (without radiotherapy) to enable early organ preservation strategies and avoid delayed treatment/toxicity in poor responders,"Neoadjuvant chemotherapy (capecitabine 89.8%, 5-FU 7.7%, both 2.5%) without radiotherapy",multimodal,"Pretreatment T2-weighted MRI (3D VOI 128^3) + FFPE tissue proteomics (4D-DIA) + clinical features (age, sex, tumor diameter, anal distance); zero-imputation for missing modality",classification,hybrid,3D ResNet152 with spatial attention (MRI) and GATv2 graph attention network on proteomics/KEGG-GO/PPI as feature extractors; LightGBM multimodal classifier,"MRI deep probability score, proteomic probability score (203 DEPs; simplified 10-protein version), baseline clinical features",ablation_or_baseline_model,"MRI-only, proteomics-only (full and 10-protein) models; ablation without clinical variables (test AUC 0.781)",Objective response by RECIST 1.1 (CR+PR vs SD+PD) after NAC,AUC,"Multimodal AUC: train 0.938 (0.909-0.967), validation 0.905 (0.752-1.000), test 0.828 (0.617-1.000); test sens 0.875, spec 0.750, F1 0.824, acc 0.812. MRI-only AUC 0.911/0.810/0.719; proteomics 0.858/0.825/0.719; 10-protein 0.773/0.730/0.703",0.828,0.617,1.000,internal_test,Abstract; Results 2.4 LightGBM multimodal classifier; Table 2; Fig. 5A,no,NA,internal_holdout,performance_metric,Single-center random allocation of patients with complete multimodal data to validation (n=16) and test (n=16) sets; single-modal data only used for training; no external validation,no,yes,research_only,NR,NR,none_stated,"National Natural Science Foundation of China (82473735, 82073666)",none_declared,"MRI+proteomics+clinical LightGBM fusion predicted RECIST response to NAC with test AUC 0.828 (n=16; CI 0.62-1.00), above single-modal models; MRI contributed 57.7% of SHAP importance; 10 key proteins identified.",Single-center cohort with overfitting risk and scanner/protocol variability; incomplete multimodal data and modality imbalance; some Grad-CAM attention outside tumor.,"MRI-only test AUC 0.719; proteomics test AUC 0.719 (0.703 with top-10 proteins); ablation (MRI+proteomics scores only) test AUC 0.781; SHAP: MRI 57.7%, proteomics 26.0%. Decision curve analysis reported.",no,REV-ALCIDES,ai_assisted_single_reviewer,2026-10-07,complete,"Outcome is RECIST objective response to neoadjuvant chemotherapy without radiotherapy (not pCR); coded neoadjuvant_response as closest category. Test set n=16 only (very wide CI); n_test=16 and validation set 16 separate. Text says model exceeded 0.80 in calibration but no calibration curve shown, coded no. Of 91 patients with both modalities only 32 used for validation/test.",no,batch-04
REC-AICRCTX-000107,Kang2025,Interpretable machine learning model for predicting perioperative Clavien-Dindo III/IV complications of rectal cancer anterior resection after neoadjuvant therapy: a real-world study.,2025,Eur J Surg Oncol,10.1016/j.ejso.2025.110365,peer_reviewed,tox_surg,rectum,"Rectal adenocarcinoma, anterior resection after neoadjuvant therapy",locally_advanced_rectal,Rectal cancer receiving neoadjuvant radiotherapy/chemotherapy/chemoradiotherapy; T and N stage in Table 1 (values not extractable),retrospective_cohort,single_center,China,own_cohort,"Xijing Hospital of Digestive Diseases, Air Force Medical University, Jan 2011-Dec 2021 (electronic medical records)",3255,patients,Abstract/Methods 2.1/Results 3.1; train 2277 from Results 3.3,978,2277,978,surgical_approach_or_complications,Predict perioperative Clavien-Dindo III/IV complications after anterior resection following neoadjuvant therapy to guide clinical practice,Neoadjuvant chemoradiotherapy/chemotherapy/radiotherapy then low anterior resection,clinical_tabular,"58 variables: demographics, comorbidities, pathology, operative data and pre-/post-operative hematological and biochemical ratios",classification,classical_ml,"Gradient Boosting Machine (best of 10: logistic, SVM, GBM, neural network, RF, XGBoost, KNN, AdaBoost, LightGBM, CatBoost); features via LASSO, stepwise logistic, Boruta; 10-fold CV; SHAP","12 selected key factors incl. pre-to-postoperative ratios of hemoglobin, red blood cells, calcium, GGT, platelets",ablation_or_baseline_model,Nine other ML algorithms (Table 3),"Perioperative Clavien-Dindo grade III/IV complications (5.56%, 181/3255)",AUC,"GBM test: AUC 0.939 (0.905-0.972), accuracy 0.903, sensitivity 0.836, specificity 0.907, F1 0.842; with SMOTE (supplement) AUC 0.994, F1 0.910",0.939,0.905,0.972,internal_test,Abstract; Results 3.3; Table 3; Fig. 3,no,NA,internal_holdout,performance_metric,Random 7:3 split of single-center cohort (train 2277 / test 978) with 10-fold CV tuning; no temporal or external validation,yes,yes,research_only,NR,upon_request,TRIPOD,National Natural Science Foundation of China (82172781); Shaanxi Province Special Support Plan for Science and Technology Innovation Leading Talents (4457475042BR2200OY); Shaanxi Health Scientific Research Innovation Team Project (2024TD-06),none_declared,"GBM on dynamic pre/post-operative hematological ratios predicted CD III/IV complications with test AUC 0.939; SHAP highlighted hemoglobin, red blood cell and calcium ratios.",Single-center retrospective study with information bias and no external validation; random-forest imputation may affect data; model cannot distinguish complication types; software interface not yet built.,"Other models test accuracy 0.732-0.950 (LightGBM acc 0.950, logistic 0.917); per-model AUC only in Fig. 3A; SMOTE-resampled GBM AUC 0.994 (supplement).",no,REV-ALCIDES,ai_assisted_single_reviewer,2026-10-07,complete,"n_test derived as 3255-2277=978 (30% of cohort). Key predictors include postoperative laboratory values measured within 24 h after surgery, so the model is not purely preoperative (factual). Text gives complication rate as 5.50% and 5.56%; 181/3255=5.56%. Coded GBM as principal (authors chose it; logistic and LightGBM had higher accuracy). Study registered ChiCTR2300070629 (retrospective data).",no,batch-04
REC-AICRCTX-000109,Canturk2026,Comparative analysis of tumor and mesorectum radiomics in predicting neoadjuvant chemoradiotherapy response in locally advanced rectal cancer.,2026,Diagn Interv Radiol,10.4274/dir.2025.253270,peer_reviewed,neoadj_pcr_ww,rectum,Locally advanced rectal cancer,locally_advanced_rectal,"Pre-CRT MRI T stage: T2 15.8%, T3b 41.6%, T3c 20.8%, T3d 11.9%, T4a 6%, T4b 4%",retrospective_cohort,single_center,Turkiye,own_cohort,"Dokuz Eylul University Hospital, CRT followed by TME, Mar 2017-May 2022",101,patients,Abstract; Results,101,NR,NR,neoadjuvant_response,Predict tumor response (modified Ryan score) to neoadjuvant CRT for personalized treatment and organ-sparing strategies,Long-course neoadjuvant CRT (with 5.4 Gy boost) followed by TME,radiology_imaging,Pre-CRT MRI radiomics (LIFEx): tumor T2WI/DWI/ADC and mesorectum T2WI,classification,classical_ml,"Logistic regression (best combined model) among LR, random forest, XGBoost, SVM-RBF, KNN; LASSO top-5 feature selection; SMOTE in training folds; 10-fold CV",Top 5 LASSO-selected radiomic features from tumor and mesorectum (ICC>=0.60),ablation_or_baseline_model,Tumor-only and mesorectum-only radiomics models; multiple classifiers,"Response to CRT: responders (modified Ryan 0-1, n=36) vs non-responders (2-3, n=65)",AUC,"Combined tumor+mesorectum LR: AUC 0.837, accuracy 81%, precision 82.1%, recall 81.4%, F1 81.9%; tumor-only RF AUC 0.781 (acc 69.2%); mesorectum-only LR AUC 0.726 (acc 66.7%) (10-fold CV)",0.837,NR,NR,cross_validation,Abstract; Results Prediction of treatment response; Table 4,no,NA,internal_cv,performance_metric,10-fold cross-validation only; no holdout or external validation (authors state not feasible due to small cohort),no,no,research_only,no,no,other,NR,none_declared,Combining tumor and mesorectum radiomics improved response prediction (CV AUC 0.837 vs 0.781 tumor-only and 0.726 mesorectum-only) in 101 LARC patients.,"Retrospective, single-center, small sample; no external validation or holdout set; one mucinous tumor not excluded; heterogeneous pixel/FOV sizes in PACS.","Combined model other classifiers AUC: RF 0.816, SVM 0.811, XGBoost 0.789, KNN 0.754. Tumor-only: XGB 0.737, LR 0.714, KNN 0.700, SVM 0.676. Mesorectum-only: SVM 0.711, XGB 0.708, RF 0.700, KNN 0.661. METRICS score 80.3% (self-assessed).",no,REV-ALCIDES,ai_assisted_single_reviewer,2026-10-07,complete,Reporting guideline coded other: authors self-assessed with METRICS (80.3%) but no TRIPOD/CLAIM adherence stated. Funding statement not found in PDF text. Order of LASSO feature selection relative to CV folds is described before the CV step and not stated to be nested; SMOTE restricted to training folds. Model chosen per feature set by best AUC in the same CV (selection on evaluation data). [Blind-QA adjudication 2026-10-07: code_availability: NR -> no; data_availability: NR -> no],no,batch-04
REC-AICRCTX-000110,Li2025,Development and Cross-Institutional Validation of a Comprehensive Machine Learning Model Predicting Response to Neoadjuvant Therapy for Rectal Cancer.,2025,Cancer Manag Res,10.2147/cmar.s517949,peer_reviewed,neoadj_pcr_ww,rectum,"Locally advanced rectal adenocarcinoma (T3-T4 or N+, no distant metastasis) treated with preoperative nCRT",locally_advanced_rectal,"cT3-T4 or any T N+, M0 (AJCC 7th)",retrospective_cohort,multicenter,China,own_cohort,"Development: 183 LARC pts at Beijing Cancer Hospital 2019-2022 (5-fold CV); internal test BZ set n=20 (same institution); external test GW set n=26 (Guowen Hospital, Jilin; incomplete clinical features, MRI in 22)",229,patients,Methods Patient Selection (183 + 20 + 26),26,183,46,neoadjuvant_response,Predict pCR before surgery to help decide surgery vs watch-and-wait/organ preservation and avoid overtreatment,Preoperative (chemo)radiotherapy (capecitabine or XELOX) followed by TME,multimodal,Clinical (incl. pre/post-treatment CEA and MRI diagnostic descriptors) + CT radiomics + T1WI and T2WI MRI radiomics + dosiomics (RT dose maps),classification,statistical_model,"Logistic regression per modality (C_model, CT_model, T1_model, T2_model, D_model) integrated into F_model; t-test/non-parametric prescreen, backward stepwise selection, PCA, 5-fold CV","14 features in F_model: 6 clinical, 6 radiomic (PyRadiomics, 609 features pre-selection), 2 dosiomic",ablation_or_baseline_model,"Single-modality models (clinical, CT, T1, T2, dosiomics) vs integrated F_model",Pathological complete response (ypT0N0) after nCRT,AUC,"F_model AUC: train 0.90+/-0.02, CV validation 0.88+/-0.09, internal test (BZ, n=20) 0.77, external test (GW, n=26) 0.74; ACC val 0.85, internal 0.75, external 0.77. External AUC single models: C 0.67, CT 0.65, T1 0.62, T2 0.67, D 0.74",0.74,NR,NR,external,Table 4 (GW test AUC F_model 0.74); Table 3; Results text,no,Only pCR prediction; no survival/decision outcomes,external_retrospective,performance_metric,5-fold CV on 183 pts; internal test set of 20 pts from same institution; external test set of 26 pts from one other hospital (Guowen) with incomplete clinical/MRI data (single external site),no,yes,retrospective_validation,NR,NR,none_stated,"Natural Science Foundation of China (multiple grants), Beijing Natural Science Foundation, Peking University Cancer Hospital and other Chinese programmes",none_declared,Multi-omics F_model outperformed single-modality models in CV (AUC 0.88) but dropped to 0.77 (internal test) and 0.74 (external test); clinical C_model alone reached AUC 0.85 in CV.,"Small sample (183) due to incomplete clinical data; logistic regression only, needs other algorithms; clinical stage, DWI, contrast-enhanced T1 not included; drop in test performance possibly from overfitting, data source and scanning differences; external set lacked some clinical/MRI features.","Validation AUC (CV): C 0.85, CT 0.66, T1 0.67, T2 0.64, D 0.75. Internal test AUC: C 0.73, CT 0.64, T1 0.62, T2 0.64, D 0.71. External test AUC: C 0.67, CT 0.65, T1 0.62, T2 0.67, D 0.74.",no,REV-ALCIDES,ai_assisted_single_reviewer,2026-10-07,complete,"External test set is a single hospital with n=26 (4 pCR) and incomplete features, so level coded external_retrospective not multicenter. Discussion text says external AUC 0.74 consistent with Table 4. pre-/post-treatment MRI diagnostic info used as clinical inputs (post-treatment variables; timing not pre-treatment only). Abstract describes conference-abstract overlap (published in Phys Eng Sci Med proceedings).",no,batch-05
REC-AICRCTX-000111,Mateus2025,Predicting near-complete pathological response to (chemo)radiotherapy in patients with rectal cancer: A federated learning study.,2025,Med Phys,10.1002/mp.18034,peer_reviewed,neoadj_pcr_ww,rectum,Rectal cancer treated with short-course or long-course (chemo)radiotherapy,locally_advanced_rectal,"Described as locally advanced rectal cancer; Table 1 includes T1-T4, N0-N3 and M1 (9.1% Maastro) cases",retrospective_cohort,multicenter,Netherlands; Italy,own_cohort,EHR data from Maastro (N=439) and Policlinico Gemelli (N=866); outcome available for about half of patients,1305,patients,Abstract; Table 1 (439 + 866),NR,NR,NR,neoadjuvant_response,Predict near-complete response (NCR) after (chemo)radiotherapy to identify patients who may benefit from a radiotherapy boost and organ preservation,Short (5x5 Gy) or long (25x2 / 28x1.8 Gy) (chemo)radiotherapy,clinical_tabular,"EHR variables: age, sex, WHO status, T/N/M stage, treatment type, MRF involvement, distance to anal verge, GTV",classification,classical_ml,"Federated Bayesian network (novel federated structure learning via bootstrapped arc strengths; hill climbing, BDe score; MICE imputation) on Vantage6","Age, gender, WHO, T, N, M stage, treatment type, MRF, distance to anal verge, GTV (discretized to terciles)",ablation_or_baseline_model,"Expert-elicited structures, single-clinic models, naive Bayes, logistic regression",Near complete response (residual tumor <2 cm and ypT1-2N0M0) or complete response on pathology,AUC,"Algorithm 2 federated, structure learnt from data: CV AUC 0.77 [0.72, 0.82] (algorithm 1: 0.65 [0.58, 0.71]); expert structure 0.68 [0.61, 0.74]; expert + data 0.72 [0.66, 0.78]; trained in Maastro 0.48 CV / 0.67 holdout (Alg 2); trained in Gemelli 0.68 CV / 0.58 holdout (Alg 2); Alg 1 single clinic holdout 0.50 and 0.59",0.77,0.72,0.82,cross_validation,"Table 2 (a) Federated learning, Algorithm 2 cross-validation; abstract",no,Only response prediction,internal_cv,performance_metric,Stratified 5-fold CV on pooled data from two clinics (95% CI by bootstrap); one-time 20% holdout for some configurations; cross-clinic holdout only for single-clinic models. Authors call it internal validation and state external validation is needed.,no,no,research_only,yes,NR,none_stated,Bowel Research UK; SURF Cooperative (EINF-8086),A. Dekker is founder and employee of Medical Data Works B.V.; others none,Federated Bayesian network with learnt structure achieved CV AUC 0.77 for NCR; expert structure lowered AUC to 0.68; single-clinic models failed to generalize (AUC 0.50-0.59).,Missing-not-at-random outcome data due to W&W policy; policy differences between clinics; optimized AUC rather than an operating point; needs external validation; sensitivity analyses on W&W not reported.,Also modelled complete response (cCR) with AUC about 0.70 (learnt structure) and 0.71 (expert) (supplement); naive Bayes 0.68 and logistic regression 0.61 for NCR; Algorithm 3 (EM) abandoned.,no,REV-ALCIDES,ai_assisted_single_reviewer,2026-10-07,complete,"Outcome known for only around half of patients; exact n for the modelling subset not reported (n_performance, n_train, n_test = NR). Main-text discussion cites expert+data AUC 0.71 vs Table 2 0.72 (Table value used). Docker image and R code public repository (code yes); no patient data shared. Pathology outcome (post-treatment) with some M1 patients in cohort.",no,batch-05
REC-AICRCTX-000113,Zhang2025,Immunophenotype-guided interpretable radiomics model for predicting neoadjuvant anti-PD-1 response in stage III-IV d-MMR/MSI-H colorectal cancer.,2025,J Immunother Cancer,10.1136/jitc-2025-011569,peer_reviewed,biomarker_actionable,colorectal,d-MMR/MSI-H colorectal cancer (colon and rectum) receiving neoadjuvant anti-PD-1,locally_advanced_resectable,Stage III-IV d-MMR/MSI-H CRC (AJCC 8th) in title; all immunotherapy patients underwent radical resection,retrospective_cohort,multicenter,China,own_cohort,"Center I (n=108, CT + bulk RNA-seq, 2015-2017; used to derive immunophenotype-related radiomic features, no immunotherapy); center II (n=19, training) and center III (n=22, validation) with neoadjuvant anti-PD-1, 2019-2022",41,patients,Abstract/Results: center II n=19 + center III n=22 (center I n=108 used only for immunophenotype-guided feature pre-selection),22,19,22,immunotherapy_msi_selection,Predict pCR to neoadjuvant anti-PD-1 therapy to identify responders and guide personalized immunotherapy,"Neoadjuvant single-agent PD-1 inhibitor (pembrolizumab, sintilimab, tislelizumab) 200 mg q3w, then radical resection",radiology_imaging,"Pretreatment contrast-enhanced venous-phase CT radiomics (PyRadiomics); RNA-seq/IHC immunophenotype only used in center I to pre-select features, not a model input",classification,classical_ml,"Decision tree (depth 3, Gini) on 3 radiomic features after Mann-Whitney, univariate logistic and elastic-net selection; SHAP; ComBat harmonization","3 wavelet CT radiomic features (LLH gldm LargeDependenceEmphasis, HHH firstorder Variance, LHH firstorder Variance)",ablation_or_baseline_model,Multivariable logistic regression on same features,Pathological complete response (TRG 0) after neoadjuvant immunotherapy,AUC,"Decision tree AUC: training (center II, n=19) 0.965 (95% CI 0.900-1.000); validation (center III, n=22) 0.904 (0.679-1.000). Logistic: training 0.812 (0.589-0.965), validation 0.782 (0.500-0.986)",0.904,0.679,1.000,external,"Results, Model performance and interpretability analysis (fig 5H-I); abstract",no,Only pCR prediction,external_retrospective,performance_metric,"Train on center II (n=19), validate on center III (n=22), one external site, ComBat harmonization applied across the two cohorts (data from validation set used in harmonization); no CV reported for final model",no,yes,retrospective_validation,NR,upon_request,none_stated,"First-Class Discipline Team of Kunming Medical University; Innovative Research Team of Yunnan Province; NSFC (82360345, 82001986); Yunnan Provincial Science and Technology Dept - Kunming Medical University joint project",none_declared,Three-feature CT radiomics decision tree predicted pCR to neoadjuvant anti-PD-1 with AUC 0.904 in the center III validation cohort; SHAP highlighted large dependence emphasis and variance.,Small sample size; variations in CT acquisition and equipment across centers; biological significance of immune-related radiomic features requires further investigation.,Logistic regression validation AUC 0.782; accuracy/sensitivity/specificity/F1 in supplementary table S5; immunophenotyping (immune-hot vs cold) discovered in center I and validated by CD3/CD8 IHC.,yes,REV-ALCIDES,ai_assisted_single_reviewer,2026-10-07,complete,"n_analytic=41 counts the immunotherapy-treated modelling cohorts; center I (n=108, no ICI) contributed only to feature pre-selection (total 149 patients). Validation cohort has 22 patients (14 pCR); validation CI very wide (lower bound 0.679). Max_features text inconsistency in paper (one vs max_features=3) not material. Accuracy/sens/spec only in supplement S5. Harmonization with ComBat applied across both cohorts jointly (training cohort as reference).",no,batch-05
REC-AICRCTX-000115,Ma2025,Radiation enteritis associated with temporal sequencing of total neoadjuvant therapy in locally advanced rectal cancer: a preliminary study.,2025,Radiat Oncol,10.1186/s13014-025-02701-z,peer_reviewed,tox_surg,rectum,"Rectal adenocarcinoma, LARC, TNT with concurrent chemoradiotherapy (FOLFOX n=16, XELOX n=76) then TME",locally_advanced_rectal,"cT3 64.1%, cT4 35.9%; N positive 72.8%; clinically LARC (c/pT3-4b, N+) ",retrospective_cohort,single_center,China,own_cohort,"First Affiliated Hospital of Soochow University, Jan 2021-Sep 2023; 138 reviewed, 92 included",92,patients,Methods Study participants / Fig. 2; Table 1,19,73,19,toxicity_prediction,Early prediction of severe acute radiation enteritis to guide individualized TNT sequencing and proactive toxicity management,"Total neoadjuvant therapy: IMRT 50.4 Gy with concurrent FOLFOX/XELOX, surgery 6-8 weeks later",radiology_imaging,"T2WI MRI delta-radiomics (baseline and week-2 of RT, delta-fusion concatenation); clinical variables (NLR_post, albumin decrease, anal distension score) added to the imaging model, not counted as separate modality per codebook rule 9",classification,classical_ml,SVM (SVM_Combined1) on LASSO-selected delta-fusion radiomic features + 3 clinical variables; SHAP; DCA,"Delta-fusion radiomic features (PyRadiomics, ICC>=0.75, Spearman, LASSO) from pre- and week-2 T2WI MRI plus NLR_post, decrease in albumin, anal bloating score",ablation_or_baseline_model,"SVM_Pre, SVM_Post, SVM_Delta, SVM_Clinic, SVM_Combined2 (pre-radiomics + clinical)",Severe acute radiation enteritis (SARE-S composite CTCAE score >=3 within first 2 weeks of RT),AUC,"SVM_Combined1 AUC: training (n=73) 0.961 (0.921-0.989), test (n=19) 0.711 (0.468-0.954); test accuracy 0.632, sensitivity 0.889, specificity 0.550, PPV 0.571, NPV 0.800, F1 0.696",0.711,0.468,0.954,internal_test,Table 4; Results Model performance comparison; abstract,no,Only toxicity prediction,internal_holdout,performance_metric,Random 70/30 split (73 training with 5-fold CV for lambda; 19 internal test); no external or temporal validation; DeLong differences vs other models not significant in test cohort (P>0.10),yes,yes,research_only,NR,upon_request,none_stated,NSFC (81602792); Jiangsu Provincial Medical Key Discipline; Jiangsu Higher Education Natural Science Foundation; Jiangsu Provincial Health Commission; Jiangsu Maternal and Child Health project; First Affiliated Hospital of Soochow University youth project,none_declared,"Delta-fusion MRI radiomics plus clinical variables gave the best SARE prediction (test AUC 0.711, sensitivity 88.9%), but the test set was only 19 patients with wide CI and non-significant DeLong differences.",Single-center retrospective design; preliminary and exploratory; small sample with possible over-fitting; need for larger prospective multicenter validation with external data.,"Test AUC: SVM_Delta 0.633 (0.361-0.906), SVM_Combined2 0.656 (0.411-0.900), SVM_Post 0.589, SVM_Clinic 0.550 (0.276-0.824), SVM_Pre 0.478. Training AUC: Delta 0.943, Post 0.926, Pre 0.783, Clinic 0.776, Combined2 0.906.",no,REV-ALCIDES,ai_assisted_single_reviewer,2026-10-07,complete,"Timing: model uses MRI after about 2 weeks of RT and week-2 laboratory/symptom data (including anal bloating score, a component of the SARE-S symptom set), while SARE is defined within the first 2 weeks of RT; i.e. not a purely pre-treatment prediction. Calibration and DCA curves shown for the training cohort (Fig 5C-D). Test accuracy 0.632 in Table 4/text for Combined1. 138 patients reviewed, 46 excluded; test set 19 (about 21%, text says approx 30%). Primary ML family coded classical_ml (SVM, LASSO).",no,batch-05
REC-AICRCTX-000116,He2025,Baseline MRI habitat imaging for predicting treatment response to neoadjuvant chemoradiotherapy in locally advanced rectal cancer.,2025,Front Oncol,10.3389/fonc.2025.1551224,peer_reviewed,neoadj_pcr_ww,rectum,Rectal cancer within 15 cm of anal verge (low/middle/high),locally_advanced_rectal,"LARC: T3-T4 or N+, M0 (AJCC); baseline distant metastasis excluded",retrospective_cohort,single_center,China,own_cohort,"Fujian Provincial Hospital, June 2020-June 2024; 3 Siemens 3T MRI scanners",181,patients,Abstract; Results Characteristics of the study sample,54,127,54,neoadjuvant_response,"Predict efficacy of neoadjuvant chemoradiotherapy (good response, TRG 0-1) from baseline MRI to aid personalized treatment decision-making","Mixed neoadjuvant regimens: LCRT + concurrent chemo (n=19), SCRT + chemo (n=11), LCRT then chemo (n=61), chemotherapy alone (n=90)",radiology_imaging,"Baseline T2WI and ADC-map MRI habitat (K-means, K=3) first-order features; clinical variables (tumor length, MRI-N stage, CEA, therapy, MRF) added to the imaging model, not counted as separate modality per codebook rule 9",classification,classical_ml,"K-means habitat clustering + LASSO habitat score, combined with clinical logistic model (ModelClinic+Habitat) via logistic regression","Habitat first-order features (volume, volume ratio, first-order stats per subregion on T2WI/ADC) + 5 clinical variables",ablation_or_baseline_model,"ModelClinic, ModelRadiomics (whole-tumor), ModelHabitat, ModelClinic+Radiomics",Good response to nCRT (AJCC TRG 0-1 vs TRG 2-3),AUC,"ModelClinic+Habitat AUC: training (n=127) 0.896 (0.837-0.954), test (n=54) 0.710 (0.559-0.861); test accuracy 0.741, sensitivity 0.556, specificity 0.833, PPV 0.625, NPV 0.789, F1 0.617",0.710,0.559,0.861,internal_test,Table 3; Results Performance of the models; abstract,no,Only response prediction,internal_holdout,performance_metric,Random 7:3 split of single-center cohort (127 train / 54 test); no external or temporal validation; DeLong tests not significant versus clinical model in the test set (P>0.05),no,no,research_only,NR,upon_request,none_stated,"Joint Funds for the innovation of science and Technology, Fujian province (2023Y9304, 2023Y9322); Natural Science Foundation of Fujian Province (2024J011005)",Author YS employed by Siemens Healthineers Ltd; other authors none,Clinic+Habitat model reached test AUC 0.710 vs 0.656 clinic-only and 0.619 radiomics; training-test drop large and differences not significant by DeLong; DCA net benefit 0.05-0.12 at thresholds 0.2-0.8.,"Single-center retrospective, small sample, no external validation; only T2WI and ADC; class imbalance; need multicenter, prospective validation.","Test AUC: ModelClinic 0.656 (0.502-0.810), ModelRadiomics 0.619 (0.458-0.780), ModelHabitat 0.636 (0.472-0.799), ModelClinic+Radiomics 0.532 (0.366-0.699). Training AUC: 0.788, 0.827, 0.815, 0.938.",no,REV-ALCIDES,ai_assisted_single_reviewer,2026-10-07,complete,"INCONSISTENT: Results text says ModelHabitat (T2/ADC, K=3) had the highest test AUC, but Table 3 shows ModelClinic+Habitat 0.710 highest and ModelHabitat 0.636 below ModelClinic 0.656; Table values used. Main model chosen as ModelClinic+Habitat (title/abstract/conclusion). Cohort mixes regimens including 90 patients with neoadjuvant chemotherapy alone (no radiotherapy). Secondary feature selection was intentionally omitted for combined models. Methods state written consent although retrospective.",no,batch-05
REC-AICRCTX-000118,Ozdemir2025,A comparative study of machine learning models for predicting neoadjuvant chemoradiotheraphy response in rectal cancer patients using radiomics and clinical features.,2025,Medicine (Baltimore),10.1097/md.0000000000043173,peer_reviewed,neoadj_pcr_ww,rectum,Locally advanced rectal cancer treated with long-course nCRT followed by TME,locally_advanced_rectal,Locally advanced rectal cancer (no cTNM breakdown reported),retrospective_cohort,single_center,Turkey,own_cohort,"Adana City Training and Research Hospital EHR, Jan 2018-Sep 2024; training and internal sets with Philips CT from the hospital, external set = patients whose baseline CT was done at outside imaging centers",187,patients,Results 3.1 (112 train + 35 internal + 40 external; 306 screened),40,112,75,neoadjuvant_response,Predict response to nCRT before treatment to identify patients unlikely to benefit and avoid unnecessary toxicity / consider alternative strategies,Long-course neoadjuvant chemoradiotherapy then total mesorectal excision,radiology_imaging,"Pretreatment contrast-enhanced CT radiomics (PyRadiomics, 101 features from 4 annotated 2D slices per patient) plus 8 clinical variables (age, sex, grade, ostomy, CEA, constipation, albumin, hemoglobin) added to the imaging model; clinical variables dominated importance",classification,classical_ml,Extra trees classifier (selected among 15 PyCaret models; gradient boosting best in training),101 CT radiomic features + 8 clinical variables,ablation_or_baseline_model,"14 other PyCaret models including logistic regression, ridge, random forest, LightGBM, XGBoost, gradient boosting",Response to nCRT by Ryan tumor regression grade: responder (partial/complete) vs non-responder,AUC,"ETC AUC: external test (n=40) 0.79; internal test (n=35) 0.9065 (accuracy 0.84, recall 0.92, precision 0.87, F1 0.90); external accuracy 0.75, recall 0.91, precision 0.76, F1 0.83; training CV (gradient boosting best) AUC 0.95; ETC training AUC 0.92",0.79,NR,NR,external,Abstract and Results 3.2; Table 3 (internal); Table 2 (training),no,Only response classification,external_retrospective,performance_metric,10-fold CV on training set (448 slice-samples from 112 patients); internal test 35 patients; external test 40 patients whose CT was acquired at outside imaging centers (number of sites NR; patients appear to come from the same hospital database),no,yes,retrospective_validation,NR,upon_request,none_stated,No funding,none_declared,Extra trees classifier reached AUC 0.90 on the internal test and 0.79 on the external set; tumor grade and constipation were more influential than any radiomic feature.,Exclusion of patients who did not complete nCRT or undergo surgery (selection bias); small internal and external datasets; prospective studies needed.,"Internal test AUC: ridge 0.77, LR 0.80, RF 0.80, LDA 0.78 (Table 3). Training CV AUC: GBC 0.947, LightGBM 0.945, XGBoost 0.946, ETC 0.921.",no,REV-ALCIDES,ai_assisted_single_reviewer,2026-10-07,complete,"Coding judgement: the external set is defined by CT acquired at outside imaging centers; patients come from the same hospital EHR and the number/identity of external sites is NR, so coded external_retrospective (not multicenter). Data are 4 slices per patient (448/140/160 samples); text says the split was by patient, but the CV unit is unclear and slice-level leakage in CV cannot be excluded. ETC was chosen based on internal-test performance (not training CV). Internal-test AUC 0.90 in abstract vs 0.9065 Table 3. Class distribution reported in discussion (320 positive vs 128 negative samples in training).",yes,batch-05
REC-AICRCTX-000119,Xia2025,Rectal-RadioSAM: Large model-assisted multi-parametric magnetic resonance imaging pipeline for predicting response to neoadjuvant chemoradiotherapy in rectal cancer without human intervention.,2025,Phys Imaging Radiat Oncol,10.1016/j.phro.2025.100797,peer_reviewed,tox_surg,rectum,"Locally advanced rectal cancer (>=cT3 or N+), long-course IMRT (22 fractions) with capecitabine, TME 8-10 weeks later",locally_advanced_rectal,>=cT3 or N+ on baseline MRI,retrospective_cohort,single_center,China,own_cohort,"Peking University Cancer Hospital, consecutive LARC patients Oct 2015-Dec 2017, pre- and post-nCRT MRI (GE 3.0T), T2WI and log DWI (b=1000)",378,patients,Abstract; Results 3.1 and Table 1 (264 train + 114 test),114,264,114,neoadjuvant_response,Automated assessment of response (pCR) to nCRT to guide further treatment decisions and surgical planning,Neoadjuvant long-course chemoradiotherapy (IMRT + capecitabine) followed by TME,radiology_imaging,Pre- and post-nCRT multiparametric MRI (T2WI and logarithmic DWI b=1000); fully automated segmentation then radiomics,segmentation_plus_prediction,hybrid,Rectal-RadioSAM: four-channel fine-tuned MedSAM segmentation (deep learning) + radiomics (logistic regression screening) + XGBoost classifier,"44 radiomic features per patient (first-order, GLSZM, shape) from automatic segmentations of pre- and post-nCRT T2WI and DWI",ablation_or_baseline_model,Manual-segmentation radiomics model; pre-only and post-only feature models; nnU-Net 2D benchmark for segmentation,Pathological complete response (T0N0) after nCRT,AUC,"Combined pre+post-nCRT automatic pipeline AUC 0.83+/-0.04 (accuracy 0.79+/-0.04); pre-nCRT only AUC 0.75, accuracy 0.78; post-nCRT only AUC 0.68, accuracy 0.70; manual segmentation AUC 0.91 (combined), 0.91 (pre), 0.72 (post); segmentation Dice 0.74 pre-T2WI, 0.66 post-T2WI, 0.67 pre-DWI, 0.46 post-DWI",0.83,NR,NR,internal_test,Abstract; Results 3.4; Table 3,no,Only pCR prediction and segmentation accuracy,internal_holdout,performance_metric,Independent hold-out test set from the same single center and period; split method not stated in main text; no external or prospective validation,no,no,research_only,yes,NR,none_stated,"Capital Health Improvement and Research joint fund; NSFC (82471958, U24A20752, 82271955); Beijing Natural Science Foundation; Inner Mongolia Academy of Medical Sciences public hospitals and Natural Science Foundation of Inner Mongolia",none_declared,Fully automated MedSAM + XGBoost pipeline predicted pCR with AUC 0.83 on a single-center test set using combined pre- and post-nCRT MRI; automatic segmentation performed below manual (AUC 0.91).,Single center; needs prospective multicenter validation; difficulty of pathology labels with watch-and-wait; future weakly supervised approaches.,"Manual segmentation + XGBoost: AUC 0.91 (combined), 0.91 (pre), 0.72 (post). Segmentation: Dice 0.74/0.66/0.67/0.46 (pre-T2, post-T2, pre-DWI, post-DWI); nnU-Net benchmark in supplement.",yes,REV-ALCIDES,ai_assisted_single_reviewer,2026-10-07,complete,"INCONSISTENT: cohort and test size differ across the paper: 383 consecutive patients enrolled vs 378 analysed; test set is 112 patients (abstract), 114 (Results 3.4, Table 1: 22 pCR, 92 non-pCR) and 144 (Results 3.1, with pCR/non-pCR counts swapped, 92/22); Results 3.4 also says 22 pCR and 112 non-pCR. Table 1 values used (264 train, 114 test). Primary model uses post-nCRT MRI (response assessment after nCRT, before surgery), not a baseline-only prediction; pre-nCRT only AUC 0.75. Higher-performing manual-segmentation arm AUC 0.91 reported separately. Therapeutic axis tox_surg kept from input. Segmentation, feature selection details and nnU-Net comparison in supplement.",yes,batch-05
REC-AICRCTX-000120,Zhang2025b,Predicting acute diarrhoea in rectal cancer chemoradiotherapy: Secondary analysis of the phase III ARISTOTLE trial.,2025,Radiother Oncol,10.1016/j.radonc.2025.111032,peer_reviewed,tox_surg,rectum,"Locally advanced rectal cancer in ARISTOTLE trial (capecitabine vs capecitabine-irinotecan CRT, 45 Gy/25 fx 3D-CRT)",locally_advanced_rectal,"MRI T2 6.8%/5.6%, T3 77.6%/74.8%, T4 14.8%/17.6%; N+ in about 70% (arms A/B)",trial_secondary_analysis,multicenter,United Kingdom,trial_data,"ARISTOTLE phase III trial (ISRCTN09351447), 589 enrolled 2011-2018 at 73 institutions; 500 analysed (Arm A n=250, Arm B n=250)",500,patients,"Methods Patient cohort/imaging; Table 1 (589 enrolled, 567 with toxicity data, 500 after exclusions)",NR,NR,NR,toxicity_prediction,"Predict acute diarrhoea (grade increase >=2) to individualise rectal CRT: reduce small-bowel V10Gy (e.g., proton therapy) and select patients for irinotecan addition","Preoperative capecitabine CRT with or without weekly irinotecan, 3D conformal RT 45 Gy/25 fractions",radiology_imaging,"Small-bowel V10Gy from planning CT/dose using TotalSegmentator AI auto-segmentation; with treatment arm, age and ECOG performance status as additional inputs (rule 9: not multimodal)",segmentation_plus_prediction,hybrid,TotalSegmentator (deep learning small-bowel segmentation) to derive V10Gy + logistic regression; bootstrap resampling (2000 bootstraps x 1000 test splits); SHAP,"Small-bowel V10Gy (cc), treatment arm, age, ECOG performance status",none,No comparator model,"Acute diarrhoea toxicity grade increase from baseline of 2 or more (CTCAE v4.02, worst of weeks 1-10)",AUC,"AUROC training 0.72 (0.67-0.77); held-out-institution test 0.71 (0.58-0.82); test recall 0.66 (0.43-0.86), specificity 0.68 (0.54-0.81), precision 0.40 (0.26-0.55)",0.71,0.58,0.82,internal_test,Abstract; Results Model evaluation; Table 2,no,Simulated treatment-modification scenarios only (hypothetical V10Gy reduction/irinotecan change); no actual outcome impact,internal_holdout,performance_metric,"Random selection of whole institutions (>=10% of patients) as independent test set, repeated 1000 times, model trained on bootstrap samples of remaining institutions; all data from the same trial, no external dataset",no,yes,research_only,NR,no,none_stated,"UKRI Future Leaders Fellowship MR/T040785/1; Cancer Research UK (City of London Centre, RRNPSF, RRNIA, RadNet, ARISTOTLE trial C19942/A10016); NIHR BRC (UCLH, Leeds)",none_declared,"Logistic regression with AI-segmented V10Gy, arm, age and ECOG predicted grade increase >=2 diarrhoea with held-out-site AUROC 0.71; model-guided simulation flagged 14% (71) who could receive irinotecan without dose change and 15% (77) needing V10Gy reduction.","Moderate accuracy; no loperamide/anti-diarrhoeal data (label noise, false positives in Arm B); missing clinical covariates (diet, diabetes, smoking, microbiome); trial report unpublished; test and training from same trial; V10Gy reductions need individual feasibility validation.","Scenario analysis across 500 patients: 71 (14.2%) could add irinotecan without V10Gy reduction, 77 (15.4%) could flip prediction by V10Gy reduction (55 need up to 85% reduction, 23 below 50%).",no,REV-ALCIDES,ai_assisted_single_reviewer,2026-10-07,complete,"INCONSISTENT: discussion states AUROC 0.71 (95% CI 0.60-0.82) vs abstract/Table 2 0.58-0.82; Table 2 used. Coding judgement: test sets are held-out institutions from the same trial (resampled 1000 times), authors claim partial external validity; coded internal_holdout as there is no independent dataset and the number of test sites varies by draw (n_performance, n_train, n_test NR). ai_family coded hybrid (TotalSegmentator DL segmentation feeding a logistic regression); the paper keywords call it machine learning. Counterfactual scenario results (dose/arm changes) are model simulations, not observed outcomes. Data not public due to ethical restrictions.",yes,batch-05
REC-AICRCTX-000125,Bai2025,RCMIX model based on pre-treatment MRI imaging predicts T-downstage in MRI-cT4 stage rectal cancer.,2025,Cancer Lett,10.1016/j.canlet.2025.217871,peer_reviewed,other,rectum,"MRI-defined cT4 rectal cancer (cT4a/cT4b), resectable or potentially resectable, no distant metastases",locally_advanced_rectal,"MRI cT4 (cT4a/b), cN0 or cN1-2, M0; received 3-8 cycles neoadjuvant chemotherapy with or without radiotherapy then TME",retrospective_cohort,multicenter,China,own_cohort,"Center 1 Sixth Affiliated Hospital Sun Yat-sen Univ (2010-2024, training, n=205); Center 2 Sun Yat-sen Univ Cancer Center (2010-2019, test 1, n=109); Center 3 West China Hospital Sichuan Univ (2015-2021, test 2, n=52)",366,patients,Fig. 1 / Table 1 column headers (205+109+52=366); abstract states 363,109,205,161,neoadjuvant_response,Predict T-downstage (cT4 to ypT<=2) after NAT before treatment to guide resection plane/surgical strategy and treatment intensification,Neoadjuvant therapy (chemotherapy +/- radiotherapy) followed by TME,radiology_imaging,"Pre-treatment pelvic MRI T2W and DWI radiomics (PyRadiomics, 2446 features); 2 clinical variables (CEA, tumor location) added to the radiomic signature (composite logistic model)",classification,hybrid,"RCMIX: LASSO-selected radiomic features into multilayer perceptron (32-16-8, ReLU, SGD) combined with clinical logistic model by multivariable logistic regression","19 radiomic features (9 T2W, 10 DWI) + 2 clinical features (pre-NAT CEA, tumor location)",ablation_or_baseline_model,"Clinical-only model, three radiomic models (T2W, DWI, T2W_DWI) as internal baselines",Well T-downstage (cT4 to ypT<=2) vs Poor T-downstage (ypT>=3),AUC,RCMIX AUC: train 0.903 (0.861-0.944); test 1 (Center 2) 0.787 (0.699-0.874); test 2 (Center 3) 0.773 (0.646-0.901). Sens/spec 0.846/0.784 train; 0.667/0.886 test 1; text gives 0.773/0.741 for test 2,0.787,0.699,0.874,external,Abstract; Section 3.4; Table 3 (test cohort 1),prognostic_association,"Predicted Well T-downstage group had significantly better DFS than predicted Poor group (Kaplan-Meier/log-rank, Fig. 4)",external_multicenter,performance_metric,Training at Center 1; two independent external test cohorts from two other centers (different scanners; ComBat harmonization to training); 1000-bootstrap CIs,yes,no,retrospective_validation,NR,NR,TRIPOD,National Key Clinical Discipline of Sixth Affiliated Hospital SYSU; Science and Technology Project of Guangzhou (202201011382); Guangdong Provincial Clinical Research Center for Digestive Diseases (2020B1111170004); Tianshan Talents Cooperative Expert Studio (KSYJ2022001),none_declared,RCMIX (MLP radiomics + CEA + tumor location) predicted T-downstage in cT4 rectal cancer with AUC 0.903 in training and 0.787/0.773 in two external cohorts; predicted groups differed in DFS.,Limited cases because of cT4-only population; retrospective with potential selection bias; generalization to cT<4 uncertain; prospective validation needed,Clinical model AUC 0.692/0.745/0.727 (train/test1/test2); T2W_DWI radiomic model AUC 0.898/0.786/0.741; RCMIX is main model,no,REV-ALCIDES,ai_assisted_single_reviewer,2026-10-07,complete,"INCONSISTENT: abstract total n=363 and text says test cohort 2 n=76 (53/76, 22/76) while Fig.1/Table 1 give 52; used table (366). Both external cohorts are comparable; test cohort 1 (n=109, AUC 0.787) chosen as headline (larger, abstract-first); cohort 2 AUC 0.773 in performance_value. Text sens/spec for test 2 (0.773/0.741) duplicate the AUC values of RCMIX/T2W_DWI model, likely typographic. Registered NCT06314750; also states STROBE. No code/data availability statement found.",yes,batch-06
REC-AICRCTX-000127,Liu2025,Machine learning prediction model of prolonged delay to loop ileostomy closure after rectal cancer surgery: a retrospective study.,2025,World J Surg Oncol,10.1186/s12957-025-03843-w,peer_reviewed,tox_surg,rectum,Rectal cancer after TME with temporary loop ileostomy,mixed_all_stages,Depth of infiltration I-IV and nodal status mixed; distant metastasis present in some patients; no recurrence during follow-up,retrospective_cohort,single_center,China,own_cohort,"Sun Yat-sen University Cancer Center colorectal surgery database, TME + temporary ileostomy Jan 2022-Dec 2023",442,patients,Abstract; Results Patient characteristics; Table 1,NR,NR,NR,surgical_approach_or_complications,"Postoperative decision-making on timing/safety of ileostomy closure; identify patients at risk of delayed closure (>=90 days) for early imaging, closer follow-up or prioritized closure",Temporary loop ileostomy closure after rectal cancer TME,clinical_tabular,"Structured clinical and pathological variables from institutional database (BMI, tumor distance, depth, neoadjuvant/postoperative therapy, anastomotic stenosis)",classification,classical_ml,"LASSO + stepwise logistic feature selection, XGBoost (eta 0.1, max_depth 2, 100 rounds), SHAP interpretation","6 variables: BMI, tumor distance from anal verge, depth of tumor infiltration, neoadjuvant chemoradiotherapy, postoperative chemotherapy, anastomotic stenosis",none,,Delayed ileostomy closure (>=90 days after index operation),AUC,"XGBoost AUC train 0.744 (0.686-0.806; Table 3 lists 0.686-0.802); test 0.809 (0.728-0.889); test sens 0.945, spec 0.415, PPV 0.782, NPV 0.773, F1 0.856; train sens 0.939, spec 0.312, F1 0.836",0.809,0.728,0.889,internal_test,Abstract; Results Model performance; Table 3 (testing set),no,NA - no clinical outcome analysis beyond delayed closure prediction,internal_holdout,performance_metric,Random 75/25 split (caret) of the single-center cohort; no external or temporal validation,yes,yes,research_only,NR,no,none_stated,No funding,none_declared,"XGBoost with six clinical variables predicted delayed (>=90 days) loop ileostomy closure with test AUC 0.809 (high sensitivity, low specificity); BMI most important by SHAP.","Limited variables, no systematic retrieval; single center without external/temporal validation; relatively small sample; SHAP interpretation still challenging for non-experts",Multivariable logistic regression of the six variables reported as ORs (Table 2); no AUC for it,no,REV-ALCIDES,ai_assisted_single_reviewer,2026-10-07,complete,"INCONSISTENT: Methods describe an observational prospective cohort with informed consent, but data were retrospectively collected and the title says retrospective; coded retrospective_cohort. Exact train/test sizes not reported (75%/25% split of 442). Data statement: No datasets generated or analysed. Delayed closure prevalence 305/442 (69%). Table 3 train AUC CI upper 0.802 vs text 0.806.",no,batch-06
REC-AICRCTX-000129,Tian2025,MRI radiomics combined with delta-radiomics model for predicting pathological complete response in locally advanced rectal cancer patients after neoadjuvant chemoradiotherapy: A multi-institutional study.,2025,Appl Radiat Isot,10.1016/j.apradiso.2025.111842,peer_reviewed,neoadj_pcr_ww,rectum,MRI-confirmed cT3-4 locally advanced rectal adenocarcinoma,locally_advanced_rectal,"cT3-4 (AJCC 8th), recurrent/metastatic excluded; nCRT 50.4 Gy/28 fx + fluoropyrimidine +/- oxaliplatin then TME",retrospective_cohort,multicenter,China,own_cohort,"Center I First People's Hospital of Kashi (training 118 + internal validation 30); Center II First Affiliated Hospital of Yangtze University (external, 50); Sep 2020-Sep 2023",198,patients,Abstract; Section 3.1; Table 1,50,118,80,neoadjuvant_response,Predict pCR after nCRT to individualize therapy (organ preservation vs TME),Neoadjuvant chemoradiotherapy followed by TME,radiology_imaging,"Pre- and post-nCRT DWI and T2WI MRI radiomics (PyRadiomics, 702 features/image) and delta-radiomics (relative change pre to post); clinical information added only in a separate +C model",classification,classical_ml,"LASSO or PCA feature selection with XGBoost (best), also DT, RF, SVM; 5-fold CV with random search",Main model: post-nCRT DWI radiomics + DWI delta-radiomics + T2WI delta-radiomics,ablation_or_baseline_model,"Single-modal (DWI/T2 pre, post, delta), DWI-post+DWI-pre, DWI-post+DWI-delta, and +C models; also four classifiers compared",pCR (Mandard TRG 1) vs non-pCR,AUC,"Main model (DWI-post+DWI-delta+T2-delta, XGBoost, PCA): internal validation AUC 0.879; external AUC 0.591 (Discussion). Abstract best external AUC 0.754 (DWI-post+DWI-pre, DT, PCA) and 0.734 (+C, SVM, LASSO)",0.591,NR,NR,external,"Abstract; Section 3.2; Discussion p.9 (external 0.591); Table 4 (rotated, not parseable)",no,,external_retrospective,performance_metric,"Random split of center I into train 118 / internal 30; one external center (n=50, only 2 pCR); ComBat harmonization; 5-fold CV tuning",no,no,retrospective_validation,NR,upon_request,none_stated,Science and Technology Department of Xinjiang Uygur Autonomous Region (2022D03041),none_declared,"Fusion of post-nCRT DWI radiomics with DWI/T2 delta-radiomics gave the best internal AUC (0.879) for pCR, but external AUC for that model dropped to 0.591.",Few pCR cases/data imbalance; manual segmentation; retrospective design without prospective trials,"Internal AUC single-modal: DWI-post 0.824, DWI-pre 0.836, DWI-delta 0.841, T2-delta 0.837. External best: DWI-post+DWI-pre DT PCA 0.754; +C SVM LASSO 0.734; DWI-post XGBoost LASSO 0.801 single-modal",no,REV-ALCIDES,ai_assisted_single_reviewer,2026-10-07,complete,"Main model = DWI-post+DWI-delta+T2-delta (abstract/conclusion). Its external AUC (0.591) appears only in the Discussion; abstract headlines other external models (0.754, 0.734) which are not the main model. Features include post-nCRT MRI, so not a pre-treatment prediction. External cohort has only 2 pCR of 50 (Table 1, 4.0%) and n_test = 30 internal + 50 external. Single-modal DWI-post XGBoost reached external AUC 0.801 (more than main model). Data on request.",no,batch-06
REC-AICRCTX-000143,KorsavidouHult2026,Inclusion of tumor periphery in radiomics analysis of magnetic resonance images does not improve predictions of preoperative therapy response in patients with rectal cancer.,2026,Abdom Radiol (NY),10.1007/s00261-025-04815-0,peer_reviewed,neoadj_pcr_ww,rectum,"Primary non-metastasized rectal adenocarcinoma, locally advanced",locally_advanced_rectal,"Locally advanced non-metastasized RC staged by MRI; short-course RT, CRT or TNT then delayed surgery; NAR low/intermediate/high 22/49/35",retrospective_cohort,multicenter,Sweden,own_cohort,"Consecutive patients 2010-2018 from a prospective database; MRI from three institutions (1.5T and 3.0T, different vendors); 106 of 369 retained after exclusions",106,patients,Abstract; Materials and methods Study population; Results,106,NA,NA,neoadjuvant_response,"Predict response to preoperative RT/CRT/TNT (pCR, NAR score) and recurrence; compare tumor ROI strategies (whole vs central) and T2w vs T2w+DWI","Short-course RT, conventional CRT or TNT (scRT + CAPOX) before surgery",radiology_imaging,"Pretreatment MRI T2w and DWI radiomics (PyRadiomics, 1578 features per image-segmentation pair)",classification,classical_ml,"LASSO feature selection + L1-regularized logistic regression (best of six combinations incl. mRMR, random forest); 4-fold stratified CV",Radiomic features from cROI or wROI on T2w alone or T2w+DWI (about 20-24 selected features),ablation_or_baseline_model,"wROI+T2w (reference), wROI+T2w+DWI, cROI+T2w versus cROI+T2w+DWI; other feature-selection/classifier combinations",pCR (ypT0N0) vs non-pCR,AUC,"pCR AUC by strategy: cROI+T2w+DWI 0.76 (best); wROI+T2w 0.62 (lowest, reference); differences not significant (p>=0.138). NAR score AUC cROI+T2w+DWI 0.84 vs wROI 0.66/0.69 and cROI+T2w 0.73; recurrence AUC 0.69-0.71. Pooled LASSO+LR pCR accuracy 0.85, sensitivity 0.82, precision 0.84",0.76,NR,NR,cross_validation,Abstract; Results Prediction of pCR; Fig. 3a (CIs shown only in figure),no,"Recurrence was a prediction target (AUC about 0.7); recurrence more frequent in NAR-high group (46% vs 18%, p=0.005) but not by model-predicted class",internal_cv,performance_metric,4-fold stratified cross-validation of predictions pooled across folds; no hold-out or external set; 95% CIs by 10^4 bootstraps,no,no,research_only,NR,upon_request,none_stated,Open access funding provided by Uppsala University,H. Ahlstrom and J. Kullberg are co-founders and part-time employees of Antaros Medical AB,"Including the tumor periphery in the radiomics ROI did not improve prediction of pCR, NAR score or recurrence; cROI with T2w+DWI gave the highest AUC (pCR 0.76, NAR 0.84) but pCR differences were not significant.",Retrospective; single manual reader; small sample precluded hold-out set; external validation needed; vendor variability; manual rather than automated segmentation,"NAR score AUC 0.84 (cROI+T2w+DWI), recurrence AUC 0.71; other strategies lower (see performance_value)",no,REV-ALCIDES,ai_assisted_single_reviewer,2026-10-07,complete,"Methodological comparison study with three co-primary outcomes (pCR, NAR, recurrence) and four segmentation/sequence strategies; coded pCR with cROI+T2w+DWI as principal (highest pCR AUC; abstract first) per rule 2; conclusion emphasizes NAR improvement. Only 17 pCR cases (16%) of 106. 264 of 369 patients excluded for heterogeneous acquisition. Possible optimism: feature selection/classifier combination chosen on same CV data (highest precision).",yes,batch-06
REC-AICRCTX-000146,Wu2025,Integration of Deep Learning and Sub-regional Radiomics Improves the Prediction of Pathological Complete Response to Neoadjuvant Chemoradiotherapy in Locally Advanced Rectal Cancer Patients.,2025,Acad Radiol,10.1016/j.acra.2024.12.049,peer_reviewed,neoadj_pcr_ww,rectum,Locally advanced rectal cancer,locally_advanced_rectal,"cT3-4 with cN0-2 or EMVI+, or any cT with cN1-2 or lateral node positive; no distant metastasis; nCRT 50 Gy/25 fx + 5-FU-based then TME",retrospective_cohort,multicenter,China,own_cohort,Training: First Affiliated Hospital of Wenzhou Medical University (401); external test 1: Xiamen Medical College Affiliated Second Hospital (209); external test 2: Wenzhou Hospital of Integrated TCM and Western Medicine (158); 2011-2019,768,patients,Abstract; Methods Study Design and Participants; Fig. 1,209,401,367,neoadjuvant_response,"Predict pCR to nCRT from pretreatment MRI to tailor perioperative treatment (standard vs intensified nCRT, organ-preserving strategies/de-escalation surgery)",Neoadjuvant chemoradiotherapy followed by TME,radiology_imaging,Pretreatment T2-weighted pelvic MRI: whole-tumor and K-means sub-regional radiomics plus 3D ResNet50 deep features; no clinical features in model,classification,hybrid,"SRADL: SVM ensemble of sub-regional radiomics signature (PyRadiomics, K-means subregions, LASSO) and 3D ResNet50 deep-learning signature (LASSO-selected features, SVM)",7 sub-regional radiomics features + 5 deep learning features from T2WI,ablation_or_baseline_model,"Radiomics, sub-regional radiomics, deep learning single signatures and RADL ensemble (DeLong, NRI, IDI)",pCR (AJCC/CAP TRG 0 without positive lymph nodes) vs non-pCR,AUC,"SRADL AUC: train 0.925 (0.894-0.948); external test 1 0.915 (0.869-0.949); external test 2 0.903 (0.846-0.945). Test 1 sens 0.921, spec 0.781, acc 0.823, PPV 0.644, NPV 0.958; test 2 sens 0.805, spec 0.872, acc 0.854",0.915,0.869,0.949,external,Abstract; Results Model Construction; Table 2 (Test 1),prognostic_association,"Predicted pCR group had better OS and DFS than predicted non-pCR in all cohorts (Kaplan-Meier, P<0.05); SRADL independent prognostic factor in multivariate Cox",external_multicenter,performance_metric,Training at one hospital with 10-fold CV for SVM tuning; two independent external hospital test cohorts; threshold 0.486 from training Youden index,no,no,retrospective_validation,NR,upon_request,none_stated,National Natural Science Foundation of China (81970527),none_declared,"SRADL (sub-regional radiomics plus 3D ResNet50 deep features) predicted pCR from pretreatment T2 MRI with AUC 0.925 in training and 0.915/0.903 in two external cohorts, outperforming single-signature models.",Retrospective data; only pre-nCRT MRI; MRI only (no pathology or ultrasound); manual ROI delineation; no clinical variables included,"External test 1 AUC: deep learning 0.822, radiomics 0.764, sub-regional radiomics 0.825, RADL 0.850; test 2: 0.786, 0.794, 0.835, 0.832",no,REV-ALCIDES,ai_assisted_single_reviewer,2026-10-07,complete,"INCONSISTENT: abstract gives test 2 AUC 0.902; text and Table 2 give 0.903 (table used). Two external cohorts; test 1 chosen as headline (larger, listed first in abstract); test 2 AUC in performance_value. Heterogeneous scanners/protocols across centers. Data available on reasonable request (statement present).",no,batch-06
REC-AICRCTX-000147,Crimi2024,A Machine Learning Model Based on MRI Radiomics to Predict Response to Chemoradiation Among Patients with Rectal Cancer.,2024,Life (Basel),10.3390/life14121530,peer_reviewed,neoadj_pcr_ww,rectum,Low-middle rectal cancer (<11 cm from anal verge),locally_advanced_rectal,Baseline cTNM stage II or III; nCRT 50.4 Gy with 5-FU or capecitabine then TME,prospective_cohort,single_center,Italy,own_cohort,"University of Padova, 1 Jan 2016-31 Dec 2022; substudy of a large prospective study; 102 of 174 eligible patients after imaging exclusions",102,patients,Abstract; Section 2.1; Section 2.3,30,72,30,neoadjuvant_response,"Predict pCR to preoperative chemoradiotherapy from staging MRI to identify candidates for rectal-sparing approaches (watch and wait, local excision)",Neoadjuvant chemoradiotherapy followed by TME,radiology_imaging,"Pretreatment high-resolution axial oblique T2-weighted MRI, 802 IBSI radiomic features (Trace4Research)",classification,classical_ml,"Ensemble of random forest classifiers (best of RF, SVM, kNN ensembles) with PCA/FDR/Gini; ADASYN oversampling; nested 10-fold CV",6 selected radiomic features from T2W VOI,other_ai_model,"Random forest vs SVM vs kNN ensembles (SVM internal-test AUC 0.69, kNN 0.51)",pCR vs non-responding (residual disease) at TME,accuracy,"RF ensemble nested-CV: training AUC 1.00, validation 0.74 (72-77), internal test 0.73 (0.65-0.81); internal test accuracy 70, sensitivity 78, specificity 48, PPV 80, NPV 46. Held-out 30 patients: sensitivity 80.8 (21/26), specificity 75.0 (3/4), accuracy 80.0 (24/30); AUC not reported there",80,NR,NR,internal_test,Abstract; Table 1A (internal testing mean); Results text for 30-patient cohort,no,,internal_holdout,performance_metric,"Nested 10-fold CV on 72 patients plus a separate 30-patient cohort from the same single center labelled ""external validation"" by authors (4 pCR); authors call the study a pilot monocentric study",no,yes,research_only,NR,upon_request,STARD,No external funding,none_declared,RF-ensemble radiomics model on pretreatment T2 MRI predicted pCR with nested-CV test AUC 0.73 and 80% accuracy in a 30-patient held-out cohort; authors state performance is not suitable for clinical practice.,Pilot monocentric study with limited cohort; manual segmentation; single T2 sequence; no clinical data; performance not suitable for clinical practice; larger multicenter external validation needed,SVM ensemble internal-test AUC 0.69 (accuracy 63); kNN ensemble AUC 0.51 (accuracy 54),no,REV-ALCIDES,ai_assisted_single_reviewer,2026-10-07,complete,"Authors call the 30-patient cohort ""external"" but the study is single-center (Padova, same period); coded internal_holdout per rule 5. AUC reported only in nested CV; held-out cohort gives sensitivity/specificity/accuracy only, with only 4 pCR (specificity 3/4). Held-out cohort splitting criterion not described. Authors affiliated with DeepTrace Technologies (platform vendor) but declare no conflicts. Study states STARD followed. [Blind-QA adjudication 2026-10-07: performance_metric: AUC -> accuracy; primary_metric_value: 0.73 -> 80; performance_cohort: cross_validation -> internal_test; n_performance: 72 -> 30; primary_metric_ci_low: 0.65 -> NR; primary_metric_ci_high: 0.81 -> NR]",no,batch-06
REC-AICRCTX-000148,Abuliezi2025,Combined transrectal ultrasound and radiomics model for evaluating the therapeutic effects of neoadjuvant chemoradiotherapy in locally advanced rectal cancer.,2025,Int J Colorectal Dis,10.1007/s00384-024-04792-8,peer_reviewed,neoadj_pcr_ww,rectum,"Biopsy-confirmed solitary rectal cancer, locally advanced",locally_advanced_rectal,LARC clinical stage II (T3-4N0M0) or III (T1-4N1-2M0); distant metastasis excluded,retrospective_cohort,single_center,China,own_cohort,"West China Hospital, Jan 2017-Dec 2022; 190 of 478 LARC patients; 3128 TRUS images after screening (two ultrasound systems)",190,patients,Abstract; Patient selection; Results (3128 images),NR,NR,NR,neoadjuvant_response,Predict tumor regression grade after NCRT (good vs poor response) to allow watch-and-wait for pCR and personalize treatment,Neoadjuvant chemoradiotherapy followed by TME,radiology_imaging,Pre- and post-NCRT transrectal ultrasound (2D radiomics plus conventional/CEUS ultrasound parameters); single imaging family,classification,classical_ml,"Combined model: multi-parameter ultrasound logistic regression (MPU-LR) + pre-NCRT RF radiomics + post-NCRT autoencoder radiomics (FeAture Explorer, PCA, RFE), nomogram","8 TRUS parameters (4 independent in MPU-LR: PSVpre, CEUS-IGpost, LD change rate, RI change rate) plus pre- and post-NCRT radiomics scores",ablation_or_baseline_model,"MPU-LR, single TRUS parameters, pre-NCRT and post-NCRT radiomics models, US-RADpre and US-RADpost combinations (DeLong)","Good (TRG 0-1, n=53) vs poor (TRG 2-3, n=137) response by AJCC 7th TRG",AUC,"Combined US-RADpre-RADpost AUC 0.913, accuracy 0.863 (evaluation cohort not specified, no CI); US-RADpre 0.877; US-RADpost 0.902; MPU-LR AUC 0.851 (0.792-0.909), acc 0.816, sens 0.566, spec 0.912; RADpre RF CV 0.601/test 0.740; RADpost AE CV 0.662/test 0.602 (Table 8)",0.913,NR,NR,NR,Abstract; Results Combined model; Fig. 6a; Table 9,no,,none,performance_metric,Radiomics images randomly split 7:3 into train/test at image level with 10-fold CV (patient-level separation not stated); MPU-LR and the combined model have no stated independent test cohort,yes,no,research_only,NR,no,other,Science and Technology Planning Project of Sichuan Province (2021YJ0243),none_declared,Combining multi-parameter TRUS with pre- and post-NCRT ultrasound radiomics yielded AUC 0.913 for TRG (good vs poor) versus 0.851 for MPU-LR alone; radiomics alone performed poorly (CV AUC 0.60-0.66).,"Small sample and image-level heterogeneity from two ultrasound systems; overfitting/model complexity and class imbalance; retrospective, NCRT regimen differences not considered; single center, multicenter study planned",See performance_value; all other models in comparison,no,REV-ALCIDES,ai_assisted_single_reviewer,2026-10-07,complete,"Evaluation cohort of the combined model (AUC 0.913) is not stated; images (n=3128) were randomly split 7:3 at image level, so same-patient images may appear in train and test (not stated otherwise). Model uses post-NCRT TRUS, so it is not a pre-treatment predictor. Coded validation_level=none because no independent test of the combined model/MPU-LR is described. Stated reporting guideline STROBE (coded other). Data statement: no datasets generated or analysed.",yes,batch-06
REC-AICRCTX-000149,Anijdan2024,Computed Tomography Scan and Clinical-based Complete Response Prediction in Locally Advanced Rectal Cancer after Neoadjuvant Chemoradiotherapy: A Machine Learning Approach.,2024,J Med Signals Sens,10.4103/jmss.jmss_46_23,peer_reviewed,neoadj_pcr_ww,rectum,"Rectal adenocarcinoma, AJCC stage II-III, planned nCRT then surgery",locally_advanced_rectal,"AJCC stage II and III; clinical T2 44%, T3 44%, T4 12%; nCRT 50.4 Gy + capecitabine then resection 6-8 weeks later",other,single_center,Iran,own_cohort,"Radiation oncology clinic patients 2019-2021 (Babol University of Medical Sciences); 68 referred, 18 excluded, 50 analysed",50,patients,Abstract; Materials and Methods Patient series,15,35,15,neoadjuvant_response,Predict response (none/partial/complete) to nCRT from pretreatment CT to support organ preservation and treatment escalation,Neoadjuvant chemoradiotherapy (capecitabine) followed by surgical resection,radiology_imaging,"Pretreatment radiotherapy-planning CT radiomics (PyRadiomics, 851 features); 7 clinical/pathological variables added to the model (clinical variables do not make it multimodal per rule 9)",classification,classical_ml,"Random forest on mRMR-selected features, three-class (no/partial/complete response); oversampling; best of 100 random 70/30 splits retained","Top 10 mRMR CT radiomic features + 7 clinical/pathological features (initial T and N, sex, tumor grade, LVI, PNI, age)",ablation_or_baseline_model,Clinical features only and radiomics features only RF models,"Complete response (pCR) vs partial vs no response after nCRT (three-class); 8 complete, 34 partial, 8 no response",AUC,"All-features RF AUC (Table 2): complete response 0.99, no response 0.97, partial response 0.90; complete response sens 0.87, spec 0.95, PPV 0.87, NPV 1.00, F1 0.87. Radiomics alone AUC 0.99/0.94/0.83 (complete/no/partial); clinical alone 0.80/0.74/0.33; accuracy about 80%",0.99,NR,NR,internal_test,Abstract; Table 2; Fig. 5,no,,internal_holdout,performance_metric,Random 70/30 train/test split of 50 patients; internal 70/30 split repeated 100 times selecting highest-accuracy model; oversampling applied to all patients before modeling,no,no,research_only,NR,NR,none_stated,Iran University of Medical Sciences and Babol University of Medical Sciences cooperation grant 14002-68-16729,none_declared,RF on pretreatment CT radiomics plus clinical features predicted complete response (AUC 0.99) and non-response (AUC 0.97) in a 50-patient single-center series; clinical features alone were uninformative.,Small sample (50 patients); more reliable data require larger samples,Radiomics-only and clinical-only RF models (see performance_value),no,REV-ALCIDES,ai_assisted_single_reviewer,2026-10-07,complete,"Design (retrospective vs prospective) not stated, coded other. Clinical features include surgical pathology data (pT, pN, grade, LVI, PNI) described as inputs, i.e. not all available pre-treatment; oversampling (duplicating patients) applied before the train/test split and best model chosen over 100 splits (possible optimism/leakage, stated factually). Test set size derived as 30% of 50 (n=15, only about 2 complete responders); exact test n not reported. Primary metric = complete-response class AUC from three-class task (rule 4). Abstract says ""disturbed forest"" for random forest.",no,batch-06
REC-AICRCTX-000151,Zhang2024,Pathomics-based machine learning models for predicting pathological complete response and prognosis in locally advanced rectal cancer patients post-neoadjuvant chemoradiotherapy: insights from two independent institutional studies.,2024,BMC Cancer,10.1186/s12885-024-13328-w,peer_reviewed,neoadj_pcr_ww,rectum,Locally advanced rectal adenocarcinoma,locally_advanced_rectal,Clinical stage II-III (cT3/4 or cN1/2) by MRI; cT2 present in few (Table 1),retrospective_cohort,multicenter,China,own_cohort,"Fujian Medical University Union Hospital (training, 244 pts, 2012-2018); First Affiliated Hospital of Fujian Medical University (external test, 50 pts, 2020-2022)",294,patients,"Abstract; Methods ""Patient eligibility""; Results ""Patient characteristics""",50,244,50,neoadjuvant_response,Predict pCR and DFS after NCRT to formulate effective treatment plans / personalised strategies and organ preservation,Neoadjuvant chemoradiotherapy (long-course CAPE/CAPOX or short-course RT + CAPOX) followed by TME,digital_pathology,Pre-NCRT biopsy H&E: one 1000x1000 px field at x400 per patient; 684 CellProfiler pathomics features (663 after QC); clinical variables only in the separate DFS Cox/nomogram,classification,classical_ml,"XGBoost (best of LR, Elasticnet, RF, XGB, stacking) on LASSO-selected features",47 LASSO-selected CellProfiler pathomics features,other_ai_model,"LR, Elasticnet, RF, stacking models; nomogram vs XGB for DFS",Pathological complete response (pCR) after NCRT,AUC,"XGB pCR AUC: internal/training 1.000 (CI 0.999-1.000); external 0.908 (CI 0.815-1.000). Other models external: LR 0.571, Elasticnet 0.551, RF 0.600, stack 0.536. DFS nomogram C-index internal 0.721 (0.656-0.786), external 0.658 (0.591-0.725)",0.908,0.815,1.000,external,"Results, ""Selection, construction, and validation of ML models"" (Fig 3A-E); abstract reports 0.950",prognostic_association,"XGB-score risk groups separated DFS/OS in internal set (p=0.002/0.004); not significant externally (DFS p=0.072-0.074, OS p=0.224); XGB score independent DFS predictor (HR 0.128)",external_retrospective,performance_metric,Training set 244 (no CV or holdout reported; training AUC 1.000); one external retrospective center n=50 (8 pCR),yes,yes,retrospective_validation,NR,upon_request,none_stated,Fujian Medical University startup fund; Fujian provincial health and finance funds; hospital talent program,none_declared,"Pathomics XGB model predicted pCR (external AUC 0.908, n=50) and stratified DFS in the training center; prognostic separation not significant in external set","Limited sample size, two centers, retrospective; needs larger prospective multi-ethnic validation; pathology images should be integrated with genomic data","Internal AUC: LR 0.940, Elasticnet 0.923, RF 1.000, stack 1.000; DFS Cox nomogram (tumor length, post-NCRT CEA, XGB score) with time-dependent AUC higher than XGB alone",no,REV-ALCIDES,ai_assisted_single_reviewer,2026-10-07,complete,INCONSISTENT: abstract gives external AUC 0.950 (p=0.001) vs Results 0.908 (CI 0.815-1.000); Results value used. Abstract/Discussion also vary on DFS p (0.074 vs 0.072) and 2- vs 3-year DFS. Training AUC 1.000 for RF/XGB/stack with no internal validation; training metrics are resubstitution. Calibration refers to DFS nomogram only.,no,batch-07
REC-AICRCTX-000152,Kim2024,Artificial Intelligence-Driven Volumetric Analysis of Muscle Mass as a Predictor of Tumor Response to Neoadjuvant Chemoradiotherapy in Patients with Rectal Cancer.,2024,J Clin Med,10.3390/jcm13237018,peer_reviewed,neoadj_pcr_ww,rectum,Rectal cancer within 15 cm of anal verge treated with nCRT then curative resection,locally_advanced_rectal,"cStage I 5, II 23, III 58 (AJCC 8th); nCRT candidates per MDT; stage IV excluded",retrospective_cohort,single_center,South Korea,own_cohort,"Hallym University Sacred Heart Hospital, Mar 2010-Aug 2021 (127 screened, 86 included)",86,patients,Abstract; Figure 1 flowchart; Results 3.1,86,NA,NA,neoadjuvant_response,"Predict nCRT response (good vs poor, MRI T/N downstaging) from pre-nCRT volumetric sarcopenia; prognosis by SMI change","nCRT 50.4 Gy/28 fx with fluorouracil-based chemotherapy, then surgery 6-8 weeks later",radiology_imaging,Pre- and post-nCRT abdominopelvic CT; AI-derived volumetric skeletal muscle index (SMI) dichotomised at sample Q1 (sarcopenia),segmentation_plus_prediction,deep_learning,Commercial DeepCatch v1.3.0 3D U-Net body-composition segmentation (radiologist-adjusted) -> volumetric SMI -> logistic regression (response) and Cox (RFS/OS),"Volumetric SMI (sarcopenia yes/no, Q1 cutoff), SMI change (>5% gain/stable/loss), age, sex, cStage, CEA",none,,nCRT response (good = T or N downstaging on MRI vs poor = no change/worsening),other,"Multivariate OR for good response, sarcopenia vs non-sarcopenia: 0.34 (95% CI 0.12-0.96; p=0.041); univariate OR 0.35 (0.13-0.95). Good response 45.5% vs 70.3% (p=0.043). No discrimination metric (AUC) reported",0.34,0.12,0.96,train,Abstract; Table 2 (multivariate); Results 3.2,prognostic_association,"SMI loss during nCRT associated with worse RFS (aHR gain vs loss 0.26, 0.08-0.83) and OS (aHR 0.41, 0.17-0.99); pre-nCRT sarcopenia not prognostic",none,NA,"Association analysis in the whole single-center cohort (n=86); no split, CV or external data; AI segmentation software itself previously validated (97% vs manual, cited)",no,no,research_only,NR,upon_request,none_stated,Hallym University Research Fund 2020 (HURF-2020-39),none_declared,AI-measured pre-nCRT volumetric sarcopenia was associated with poor nCRT response (multivariate OR 0.34); SMI reduction during nCRT was prognostic for RFS and OS,"Retrospective, selection bias, unmeasured confounders (nutrition, comorbidity); small single-center sample (n=86); mechanisms not elucidated; no comparison with single-slice L3 method",Cox models for RFS and OS by SMI change (Table 3); pre-nCRT sarcopenia not associated with RFS (HR 0.83) or OS (HR 1.42),no,REV-ALCIDES,ai_assisted_single_reviewer,2026-10-07,complete,"AI is used only for CT muscle segmentation (commercial 3D U-Net); the ""prediction"" is a logistic regression association with OR as headline metric (performance_metric=other, cohort=train as apparent whole-sample estimate). stage_context coded locally_advanced_rectal although cStage I (n=5) included. Q1 cutoff derived from the study sample itself.",no,batch-07
REC-AICRCTX-000154,Nie2024,Prediction of T Stage of Rectal Cancer After Neoadjuvant Therapy by Multi-Parameter Magnetic Resonance Radiomics Based on Machine Learning Algorithms.,2024,Technol Cancer Res Treat,10.1177/15330338241305463,peer_reviewed,neoadj_pcr_ww,rectum,Rectal cancer treated with neoadjuvant chemoradiotherapy then TME,locally_advanced_rectal,"Baseline clinical T2 5, T3 75, T4 91; cN0 38, cN1 64, cN2 69 (Table 1; counts summed from low/high pT groups)",retrospective_cohort,single_center,China,own_cohort,"Hubei Cancer Hospital consecutive patients, Jul 2014-Oct 2021",171,patients,"Abstract; Methods ""Patient Characteristics""; Results",34,137,34,neoadjuvant_response,Predict post-neoadjuvant pathological T stage (ypT0-2 vs ypT3-4) to guide clinical decision-making / personalised treatment,Neoadjuvant concurrent chemoradiotherapy (45-50.4 Gy/25-28 fx + capecitabine) then TME,radiology_imaging,"Pretreatment 3T MRI (T2WI and CE-T1WI), Pyradiomics features from manual ROI; fusion model also takes baseline clinical/MRI-morphologic variables (clinical variables added to imaging, not coded multimodal per rule 9)",classification,classical_ml,"Fusion model: logistic regression on LASSO-selected T2WI + CE-T1WI radiomics features + clinical features (best of SVM, KNN, RF, ExtraTrees, XGBoost, LightGBM, LR)","1561 Pyradiomics features per sequence (LASSO-selected), clinical/MRI morphologic variables (age, sex, CEA, CA19-9, tumor size, MRF, EMVI, cT/cN etc.)",ablation_or_baseline_model,"Clinical-only, T2WI-only and CE-T1WI-only models; seven algorithms compared (DeLong tests)",Post-neoadjuvant pathological T stage: ypT3-4 (high) vs ypT0-2 (low),AUC,"Fusion (LR): train AUC 0.967 (0.944-0.991), test AUC 0.932 (0.852-1.000), test ACC 0.882, SEN 0.900, SPE 0.857. Test AUC others: clinical LightGBM 0.702, T2WI SVM 0.839 (Table 2 T2WI), CE-T1WI SVM 0.760 (text) vs 0.736 (Table 2 LR)",0.932,0.852,1.000,internal_test,Abstract; Results; Table 2 (fusion LR test cohort),no,,internal_holdout,performance_metric,"Random 8:2 split (137 train / 34 test), 5-fold CV for LASSO/model selection; algorithm choice reported on the same validation/test set",yes,no,research_only,NR,upon_request,none_stated,Cancer Research Program of National Cancer Center; Hubei Cancer Hospital biomedical research center special project; Hubei Chutian Talents Program; National Key R&D Program of China; Hubei Provincial Key Technology Foundation,none_declared,"Fusion LR model combining T2WI and CE-T1WI radiomics with clinical features best predicted post-neoadjuvant pT stage (test AUC 0.932, n=34)","Single-center retrospective, modest sample, selection bias; manual ROI segmentation; no pathology/genomic data; deep learning not compared",Clinical LightGBM train/test AUC 0.857-0.858/0.702; T2WI SVM 0.969/0.839; CE-T1WI SVM 0.868/0.760 (text); DeLong: fusion superior to clinical in test cohort only,no,REV-ALCIDES,ai_assisted_single_reviewer,2026-10-07,complete,"INCONSISTENT: Table 2 lists CE-T1WI as LR (train AUC 0.928, test 0.736) whereas abstract/text report CE-T1WI SVM (0.868/0.760); T2WI row in Table 2 labelled SVM. Table 2 value used for fusion. Target is ypT stage (T0-2 vs T3-4), not pCR. Test set of 34 also used for algorithm selection; performance on test cohort should be read as optimistic.",no,batch-07
REC-AICRCTX-000155,Zhang2024b,CLIP-based multimodal endorectal ultrasound enhances prediction of neoadjuvant chemoradiotherapy response in locally advanced rectal cancer.,2024,PLoS One,10.1371/journal.pone.0315339,peer_reviewed,neoadj_pcr_ww,rectum,Locally advanced rectal cancer (uT3-4 on ERUS) treated with nCRT then surgery,locally_advanced_rectal,"ERUS uT3 479 (83.0%), uT4 98 (17.0%)",retrospective_cohort,single_center,China,own_cohort,"Sixth Affiliated Hospital of Sun Yat-sen University, Jan 2018-Dec 2023",577,patients,"Abstract; Methods ""Patient selection""; Results (Table 1)",251,585,251,neoadjuvant_response,Predict TRG (good TRG0 vs poor TRG1-3) before nCRT to tailor treatment and identify poor responders for early plan adjustment,Neoadjuvant chemoradiotherapy followed by TME,multimodal,"Endorectal ultrasound images (grayscale + Doppler) plus ERUS report text (size, echotexture, nodes, staging; age/sex in text) as paired CLIP inputs",classification,hybrid,"Chinese-CLIP (RN50+RBT3 or ViT-B/16+RoBERTa-wwm) feature extraction, SMOTETomek balancing, Boruta selection, LightGBM classifier","Concatenated CLIP image (grayscale, Doppler) and text embeddings (171 RN50 / 120 VB16 features after Boruta)",other_ai_model,"Manual radiomics (Pyradiomics, 3D Slicer ROI) with LR, SVM, RF on 100-patient subset",Good responder (TRG 0) vs poor responder (TRG 1-3) to nCRT,AUC,"Test set AUC: RN50 0.928 (0.90-0.96), VB16 0.900 (0.86-0.93); acc/precision/recall/F1 RN50 0.86/0.88/0.88/0.88, VB16 0.90 across; manual radiomics AUC LR 0.781, SVM 0.902, RF 0.886",0.928,0.90,0.96,internal_test,"Abstract; Results ""Performance of models"" (Fig 2); Table 2",no,,internal_holdout,performance_metric,Random 7:3 split after balancing and feature selection; single center; no external or temporal cohort,yes,yes,research_only,NR,upon_request,none_stated,Guangdong Provincial Clinical Center for Digestive Diseases; NSFC (82371996); Guangdong Basic and Applied Basic Research Foundation; funders had no role in study,none_declared,CLIP image-text features from ERUS with LightGBM predicted good vs poor nCRT response (RN50 test AUC 0.928) and outperformed manual radiomics models,Single-center retrospective with risk of bias/overfitting; CLIP requires clear image-text pairs; external multicenter validation needed,"VB16 model AUC 0.900 (0.86-0.93), acc 0.90; manual radiomics LR 0.781, SVM 0.902, RF 0.886",no,REV-ALCIDES,ai_assisted_single_reviewer,2026-10-07,complete,"INCONSISTENT: Table 1 column headers give CLIP training N=652 and testing N=280, but row counts sum to 585 and 251 (used). 585+251=836=2x418 poor responders, indicating SMOTETomek class balancing (synthetic samples) was applied before the 7:3 split, and Boruta feature selection also preceded the split, so the test set contains resampled data (possible leakage); n_train/n_test are post-balancing counts, n_analytic is original patients. RN50 chosen as principal (abstract first, highest AUC). IRB-restricted images/text; extracted feature data in supplementary xlsx.",yes,batch-07
REC-AICRCTX-000156,Zhang2025,ResNet-Vision Transformer based MRI-endoscopy fusion model for predicting treatment response to neoadjuvant chemoradiotherapy in locally advanced rectal cancer: A multicenter study.,2025,Chin Med J (Engl),10.1097/cm9.0000000000003391,peer_reviewed,neoadj_pcr_ww,rectum,Locally advanced rectal adenocarcinoma,locally_advanced_rectal,"cT3-4 or any cT with cN1-2 by MRI, no distant metastasis (some cT1-2/cN0 in Table 1)",retrospective_cohort,multicenter,China,own_cohort,"Training/internal validation: Affiliated Hospital of Qingdao University (2017-2023, temporal split); external test: 7 tertiary hospitals (2017-Jun 2024)",366,patients,"Abstract; Results ""Baseline characteristics""; Table 1",129,180,186,neoadjuvant_response,Predict response (good = TRG 0-1) to nCRT to provide personalised treatment / select appropriate nCRT candidates,Long-course nCRT (45-54 Gy with capecitabine or 5-FU) followed by TME 8-12 weeks later,multimodal,"Pretreatment T2 pelvic MRI (largest-ROI slice) plus 8 colonoscopic/endoscopic images per patient (2928 images, 366 MRI)",classification,deep_learning,Res-ViT: ImageNet-pretrained ResNet34 encoders + Transformer encoder fusion + MLP head (dual-branch MRI-endoscopy fusion),One MRI slice (manual ROI incl. mesorectum) + eight endoscopic images per patient,ablation_or_baseline_model,Single-modal MRI (ResNet34) and single-modal endoscopy (ResNet34) models; DeLong tests,Good response (TRG 0-1) vs non-good response (TRG 2-3) after nCRT,AUC,"Fusion model AUC: training 0.884 (0.832-0.927), internal validation 0.852 (0.744-0.940), external test 0.769 (0.678-0.861); external acc 0.729, sens 0.644, spec 0.773, PPV 0.604, NPV 0.802. External sMRI 0.692, sEndoscopy 0.720",0.769,0.678,0.861,external,"Abstract; Results ""Prediction performance""; Table 2",no,Long-term outcomes not analysed,external_multicenter,performance_metric,"Temporal internal validation (May-Nov 2023, n=57, same center) plus independent external test of 129 patients from 7 other hospitals",yes,no,retrospective_validation,NR,NR,none_stated,"Shandong Provincial Natural Science Foundation General Project (ZR2020MF155, ZR2021MF037)",none_declared,"Res-ViT MRI-endoscopy fusion model predicted good nCRT response with external AUC 0.769 (n=129, 7 hospitals), outperforming single-modality models","Retrospective, modest sample; only short-term regression outcome; only images used (no clinicopathologic data); only standard long-course nCRT studied","Internal validation AUC 0.852; sMRI external AUC 0.692, sEndoscopy 0.720 (DeLong p<0.01 vs fusion); subgroup external AUC cT4 0.876 vs cT1-3 0.638, cN2 0.864 vs cN0-1 0.581",no,REV-ALCIDES,ai_assisted_single_reviewer,2026-10-07,complete,Good response defined as TRG 0-1 (not pCR). n_test = 57 internal temporal + 129 external; n_performance = 129 external. Sample-size/power calculation and selection of external patients are in supplementary methods (not used). No data or code availability statement found in main text.,no,batch-07
REC-AICRCTX-000160,KusOzturk2025,Exploring Intratumoral Budding in Colorectal Cancer Using Computational Pathology: A Biopsy-Based Evaluation.,2025,Mod Pathol,10.1016/j.modpat.2024.100655,peer_reviewed,neoadj_pcr_ww,colorectal,"Test cohort: colorectal cancer (555, surgery without neoadjuvant therapy); validation cohort: 285 rectal cancers after long-course nCRT",mixed_all_stages,"Test cohort clinical stage I-IV (Table 1); validation cohort rectal cancer receiving preoperative chemoradiotherapy (cTNM from records, not tabulated in text)",retrospective_cohort,multicenter,Netherlands; Ireland,multiple,"Test: Radboudumc 2010-2020 (555). Validation: Radboudumc 114, St Vincent's Dublin 96, RAPIDO trial standard arm 59, Erasmus MC 16 (2003-2022)",840,patients,"Abstract; Materials and Methods ""Patients"" (555 test + 285 validation)",285,NA,NA,neoadjuvant_response,"Value of biopsy tumor budding to predict response to neoadjuvant therapy (pCR, downstaging) and prognosis",Long-course preoperative chemoradiotherapy for rectal cancer,digital_pathology,H&E whole-slide images of diagnostic biopsies and resections; AI-detected tumor buds (counts per hotspot; present vs absent in biopsy),other,deep_learning,"In-house CNN tumor-budding detection algorithm (epithelium segmentation + nuclear detection; previously published, not trained here) followed by logistic/Cox regression","Biopsy tumor bud count (budders vs non-budders, TB>0); Bd grades in resections; gender and clinical stage as covariates",none,Peritumoral budding (PTB) vs intratumoral budding compared for prognosis in resections,"Pathological complete response after neoadjuvant chemoradiotherapy (also Dworak/CAP TRG, downstaging, overall survival)",other,Presence of TB in biopsy -> pCR: adjusted OR 0.3 (95% CI 0.1-0.7; p=0.007); univariate OR 0.2 (0.1-0.5; p<0.001). OS: biopsy TB present HR 2.1 (1.1-3.8); 5-yr OS 85% (no TB) vs 68% (TB). Test cohort OS: rITBmax Bd3 aHR 3.5 (1.1-10.8),0.3,0.1,0.7,external,"Abstract; Results ""Incidence and Clinical Relevance of Tumor Budding in Rectal Biopsies"" (logistic regression for pCR)",prognostic_association,"Biopsy TB associated with worse OS in validation cohort (5-yr OS 68% vs 85%, p=0.017; HR 2.1); ITB independent predictor of OS in resections (HR 3.5)",external_multicenter,outcome_association,Pre-existing algorithm applied to a separate multicentre rectal nCRT cohort (4 sources); association of biopsy TB with pCR and OS tested by regression; no discrimination metric or model fitting/threshold validation,no,no,retrospective_validation,NR,upon_request,none_stated,KWF Program Grant (KWF 2016-2-10602),none_declared,AI-detected tumor budding in rectal biopsies was associated with lower odds of pCR (adjusted OR 0.3) and worse OS; superficial intratumoral buds predicted final budding grade,Algorithm may misinterpret buds in heavy inflammation/necrosis (no IHC); budding cutoffs taken from manual scoring may need adjustment for automated counts; clinical implementation requires addressing these,"Test cohort (resections): ITB vs PTB prognostic comparison (rITBmean Bd3 aHR 3.0 (1.2-8.0); rITBmax aHR 3.5 (1.1-10.8)); bITB vs rITBmean rho 0.55, kappa 0.32; Dworak TRG0 independent for OS (HR 11.6)",no,REV-ALCIDES,ai_assisted_single_reviewer,2026-10-07,complete,"Not a predictive model per se: AI (published CNN detector, not developed here) quantifies tumor buds; coded as association with pCR (OR, performance_metric=other, validation_basis=outcome_association). Codings of tumor_site (colorectal), stage_context (mixed_all_stages) and validation_level follow whole-study scope; the pCR analysis applies only to the 285 rectal nCRT patients (n_performance). Text reports test cohort n=555 but Table 1 shows n=490 (bITB totals). RAPIDO standard-arm patients (59) are trial data; St Vincent's patients part of an earlier in-house study (cohort overlap with other records not assessable). [Blind-QA adjudication 2026-10-07: ai_task: segmentation_plus_prediction -> other]",yes,batch-07
REC-AICRCTX-000162,Lu2024,Predicting pathological complete response following neoadjuvant chemoradiotherapy (nCRT) in patients with locally advanced rectal cancer using merged model integrating MRI-based radiomics and deep learning data.,2024,BMC Med Imaging,10.1186/s12880-024-01474-3,peer_reviewed,neoadj_pcr_ww,rectum,"Rectal adenocarcinoma, clinical stage II-III, treated with nCRT then TME",locally_advanced_rectal,"Clinical stage II (T3-4N0M0) or III (T1-4N1-2M0); MR T3-4 84.8%/75.0%, N1-2 78.2%/71.2% (cohort 1/2)",retrospective_cohort,multicenter,China,own_cohort,Cohort 1: Changhai Hospital 2018-2023 (197; training/test 8:2); cohort 2: Ruijin Hospital Luwan Branch 2019-2023 (52; validation),249,patients,"Abstract; Methods ""Patients""; Table 1",52,NR,NR,neoadjuvant_response,Predict pCR before nCRT to personalise treatment and identify candidates for organ-preserving approach,Long-course nCRT (50.4 Gy in 25-28 fx + capecitabine) then radical surgery 8-12 weeks later,radiology_imaging,"High-resolution T2W MRI pre- (model 1) and post-nCRT (model 2); manual 3D ROI; clinical factors (CEA, MR T/N stage) added to the imaging-derived scores in the merged logistic model (not coded multimodal per rule 9)",classification,hybrid,"Merged model 1: multivariable logistic regression combining clinical factors, Radscore-1 (LASSO on 2264 radiomics features) and ResNet-style DL model-1 probability","CEA, MR T stage, MR N stage, 5-feature radiomics Radscore, deep learning probability from pre-nCRT T2WI ROI",ablation_or_baseline_model,"Radscore alone, DL model alone, post-nCRT merged model 2 (DeLong, NRI)",Pathological complete response (ypT0N0M0),AUC,"Merged model 1 AUC: training 0.909 (0.853-0.949), test 0.834 (0.737-0.931), validation 0.742 (0.650-0.834); validation sens 0.967, spec 0.297, acc 0.809. Merged model 2: test 0.746, validation 0.737. Radscore-1 test 0.713/val 0.643; DL model-1 test 0.753/val 0.669",0.742,0.650,0.834,external,"Abstract; Results ""Merged models for pCR prediction""; Table 3 (validation set)",no,,external_retrospective,performance_metric,"Random 8:2 train/test split in cohort 1 plus a second-institution retrospective validation cohort (n=52, one site)",yes,no,retrospective_validation,NR,upon_request,none_stated,"National Natural Science Foundation of China (82371955, 82171891); Shanghai Municipal Health Commission; Yi Yuan Xin Xing young talents project; Guhai Project of Changhai Hospital; funder had no role",none_declared,"Pre-nCRT merged model (clinical + radiomics + DL) predicted pCR with test AUC 0.834 and validation AUC 0.742, and showed greater decision-curve benefit than the post-nCRT model","Manual segmentation; retrospective, small validation sample, selection bias; only HR-T2WI used; transformer models deserve further study","Merged model 2 (post-nCRT) AUC 0.746 test / 0.737 validation; Radscore-2 0.653/0.635; DL model-2 0.663/0.642; NRI model 1 vs 2 0.052 (test), 0.041 (validation)",yes,REV-ALCIDES,ai_assisted_single_reviewer,2026-10-07,complete,Exact training/test sizes of the 8:2 split in cohort 1 are not stated in the main text (NR); n_test therefore NR. Discussion states validation AUC 0.746 while abstract/Table 3 give 0.742 (Table value used). Sensitivity 0.967 with specificity 0.297 in validation. DL architecture details only in Supplementary Table S2.,no,batch-07
REC-AICRCTX-000165,Schoenaker2024,Is an Electronic Nose Able to Predict Clinical Response following Neoadjuvant Treatment of Rectal Cancer? A Prospective Pilot Study.,2024,J Clin Med,10.3390/jcm13195889,peer_reviewed,neoadj_pcr_ww,rectum,Intermediate- or high-risk rectal cancer scheduled for neoadjuvant scRT or CRT,locally_advanced_rectal,"Intermediate risk (cT1-3 MRF-, N1) or high risk (cT4, MRF+, cN2, extramesorectal nodes and/or EMVI); synchronous metastases excluded",prospective_cohort,multicenter,Netherlands,own_cohort,"Maastricht UMC and Isala Zwolle, 2020-2022; group A 45 rectal cancer patients (breath at diagnosis and at response evaluation) and group B 54 treated controls without recurrence",99,patients,Abstract; Results 3.1 / Figure 2,45,99,45,organ_preservation_watch_wait,Predict response to neoadjuvant therapy (partial vs (near) complete clinical response) to improve selection for watch-and-wait,Neoadjuvant short-course RT (5x5 Gy) or chemoradiotherapy (25x2 Gy + capecitabine); response evaluation ~8 weeks after last dose,other,Exhaled-breath volatile organic compounds measured with Aeonose eNose sensor array (breath test),classification,classical_ml,Random forest (best of several models in proprietary Aethena software); trained to discriminate cancer vs no cancer then applied to post-treatment breath tests,eNose sensor signals of breath VOC pattern,none,,Clinical response at multidisciplinary-board evaluation: partial vs (near) complete response,AUC,"Test set (response prediction, n=45): AUC 0.63 (0.45-0.81), sens 0.64, spec 0.47, accuracy 0.58, PPV 0.67, NPV 0.44. Training set (cancer vs control, n=99): AUC 0.86 (0.79-0.93), sens 0.80, spec 0.65, acc 0.72",0.63,0.45,0.81,internal_test,Abstract; Results 3.3 and Table 2,no,,internal_holdout,performance_metric,"Model trained on first breath tests (group A) vs controls (group B) for cancer detection; the response-prediction ""test set"" is the second breath test of the same 45 group-A patients; no internal validation/overfitting correction of the training set",no,no,research_only,NR,upon_request,none_stated,"Partly European Regional Development Fund (PROJ00913) for first author; eNose devices, software, filters supplied free by The eNose Company",Medical specialists company Isala invested in The eNose Company; two authors members of the company but declared they would renounce potential profits,"Pilot eNose random forest model failed to discriminate partial from (near) complete responders (test AUC 0.63, n=45) despite AUC 0.86 for cancer vs control in training","No overfitting correction or internal validation of the training set; small sample, target numbers per hospital not met; metabolic/treatment effects on VOCs; no MRI/endoscopy data at breath test; half of near-complete responders needed repeat evaluations",Training-set (cancer vs no cancer) AUC 0.86; 96% of MDT-classified partial responders had residual tumour in resection (27/28 operated),no,REV-ALCIDES,ai_assisted_single_reviewer,2026-10-07,complete,"Model is trained on a different task (rectal cancer present vs treated controls) and then applied to post-treatment breath tests of the same group-A patients whose pre-treatment tests are in the training set, so the test set is not independent of the training patients; coded internal_holdout. Reference standard is MDT clinical response, not pathology.",yes,batch-07
REC-AICRCTX-000167,Karagkounis2024,Computed Tomography-Based Radiomics with Machine Learning Outperforms Radiologist Assessment in Estimating Colorectal Liver Metastases Pathologic Response After Chemotherapy.,2024,Ann Surg Oncol,10.1245/s10434-024-15373-y,peer_reviewed,metastatic_systemic,colorectal,"Colorectal liver metastases (primary: 78% colon, 22% rectum)",metastatic,"Resected CRLM after preoperative systemic chemotherapy (oligometastatic, single tumor per specimen)",retrospective_cohort,single_center,United States,own_cohort,"MSKCC prospectively maintained liver resection database, 2003-2012",95,other,Abstract/Results: 85 patients with 95 tumors (analysis at tumor level),27,68,27,systemic_therapy_selection_response,Estimating pathologic response of CRLM after neoadjuvant chemotherapy to inform management (surgery/therapy changes),"Preoperative systemic chemotherapy (oxaliplatin- or irinotecan-based, +/- bevacizumab) before liver resection",radiology_imaging,Post-treatment portal venous CT; manual tumoral and peritumoral segmentation; 3 selected texture/interface features,classification,classical_ml,Random forest (cost-sensitive) after Wilcoxon + forward feature selection,"Radiomic features: contrast and average gradient sum at tumor-liver interface, intensity-histogram skewness",clinician_or_expert,"Radiologist RECIST 1.1 (% change, category) and CT morphologic response group",Pathologic response >=50% (responder vs non-responder),AUC,"Validation AUC 0.87 (0.68-0.98), sens 100% (80-100), spec 67% (35-90), PPV 81%, NPV 100%; training AUC 0.88 (0.78-0.93); RECIST category AUC 0.53, RECIST % 0.52, CT morphologic 0.56 (N=95)",0.87,0.68,0.98,internal_test,Table 3; Results p.6,no,No survival analysis (sample too small),internal_holdout,performance_metric,Random 70/30 tumor-level split (68 train / 27 validation) within single center; no external validation,no,no,research_only,NR,NR,none_stated,NIH/NCI Cancer Center Support Grant P30 CA008748; MSK 2022 Molecularly Targeted Intra-Operative Imaging,none_declared,Radiologist RECIST/CT morphologic assessment not associated with pathologic response; radiomics RF model reached validation AUC 0.87 vs 0.53 (RECIST) and 0.56 (morphologic).,Retrospective single institution; no external validation; single tumor per specimen limits survival analysis; clustering of two tumors per patient; manual segmentation; portal venous phase only; no genomic data.,Radiologist assessments (comparators) only; no other ML models.,no,REV-ALCIDES,ai_assisted_single_reviewer,2026-10-07,complete,"Split at tumor level (95 tumors from 85 patients), so tumors of the same patient may fall in both train and validation sets (authors acknowledge clustering). Decision coded as systemic_therapy_selection_response (post-chemo response estimation; no baseline regimen choice). Data are post-treatment CT. CI of validation AUC via bootstrap.",no,batch-08
REC-AICRCTX-000168,Qin2024,Prediction of pathological response and lymph node metastasis after neoadjuvant therapy in rectal cancer through tumor and mesorectal MRI radiomic features.,2024,Sci Rep,10.1038/s41598-024-72916-9,peer_reviewed,neoadj_pcr_ww,rectum,"Locally advanced rectal cancer, tumor <=10 cm from anal verge",locally_advanced_rectal,"cT3 87.4%, cT4 12.6%; cN0 17.7%, N1 73.2%, N2 9.1%",retrospective_cohort,single_center,China,own_cohort,"Peking University Third Hospital, LARC patients treated with nCRT 2013-2022 (consecutive)",209,patients,Abstract; Methods Patients; Table 2,63,146,63,neoadjuvant_response,"Predict pathological response (pCR, pGR) and lymph node metastasis after nCRT to inform treatment planning","nCRT: IMRT 45-50 Gy with capecitabine or XELOX, then TME",radiology_imaging,Pre- and post-nCRT T2WI MRI; tumor and mesorectal compartment ROIs; pre-treatment and delta radiomics,classification,classical_ml,LASSO feature selection + logistic regression (pCR_model_combine_all),Pre-nCRT tumor and mesorectal-compartment radiomic features plus delta (post/pre change-rate) radiomic features (1184 per ROI before selection),clinician_or_expert,mrTRG by two radiologists (consensus); also single-ROI/delta/combined radiomic models as internal alternatives,Pathological complete response (AJCC TRG0) after nCRT,AUC,"pCR combine_all test AUC 0.874 (mrTRG 0.800, 95% CI 0.627-0.944; spec 0.240); combine_tumor 0.817; combine_MC 0.771; pGR combine_all 0.801 (mrTRG 0.715); LNM combine_all 0.826 (mrTRG 0.603)",0.874,NR,NR,internal_test,Abstract; Results (Performance comparison) p.6,no,No survival/recurrence outcomes,internal_holdout,performance_metric,Random 7:3 split (146 train / 63 test) at single center; feature selection on training set only (5-fold CV for LASSO); no external validation,no,no,research_only,NR,upon_request,none_stated,National Natural Science Foundation of China (81971578; 81901791); Beijing United Imaging Intelligence Technology Research Institute Joint R&D Platform Foundation (H79462-07),none_declared,"Combined pre-nCRT + delta radiomics of tumor and mesorectum gave best test AUC for pCR (0.874), pGR (0.801) and LNM (0.826), above mrTRG.","Single-center, no external validation; manual segmentation; no MRF/EMVI metrics; binary endpoints rather than multiclass TRG.","pGR combine_all AUC 0.801; LNM combine_all AUC 0.826; 27 radiomic models in total (single-ROI, delta, combine_tumor/MC) plus mrTRG models; DCA reported.",no,REV-ALCIDES,ai_assisted_single_reviewer,2026-10-07,complete,"INCONSISTENT: mrTRG AUC for pGR is 0.583 (95% CI 0.461-0.704) in Results text but 0.715 in abstract/discussion/text comparison. Primary model set as pCR (first/lead endpoint, neoadjuvant response); pGR and LNM models in other_models_outcomes. Post-nCRT MRI features enter as delta features, so model is not purely pre-treatment. mrTRG pCR training AUC 0.596 vs test 0.800 per authors.",no,batch-08
REC-AICRCTX-000175,Lin2024,Predictive value of circulating lymphocyte subsets and inflammatory indexes for neoadjuvant chemoradiotherapy response in rectal mucinous adenocarcinoma patients: A machine learning approach.,2024,Cancer Med,10.1002/cam4.7416,peer_reviewed,neoadj_pcr_ww,rectum,Rectal mucinous adenocarcinoma within 12 cm of anal verge,locally_advanced_rectal,"cT2 20, cT3 148, cT4 115; cN0 103, cN+ 180; NCRT for cT3-4 and/or cN+",retrospective_cohort,single_center,China,own_cohort,"Fujian Medical University Union Hospital colorectal surgery database, rectal MAC treated with NCRT + radical surgery 2016-2020",283,patients,Abstract; Results 3.1; Table 1,NR,NR,NR,neoadjuvant_response,Predict response (TRG) to NCRT in rectal MAC to guide individualized treatment (intensification or direct surgery),"NCRT: 45 Gy pelvis + 5.4 Gy boost with capecitabine/FOLFOX/CAPOX, surgery 6-8 weeks later",clinical_tabular,"26 pretreatment variables: clinical, MRI-reported parameters (tumor length, EMVI, CRM, cT), blood inflammatory indexes, flow-cytometry lymphocyte subsets, MMR/RAS",classification,classical_ml,Extreme gradient boosting (XGBoost) with SHAP; 5-fold CV tuning,"Clinical characteristics, laboratory tests, inflammatory indexes (NLR, PLR, SII, PNI, AGR), lymphocyte subsets (T, Th, Tc, Th/Tc, NK), imaging parameters; 26 features",other_ai_model,"Multivariable logistic regression nomogram (tumor length, cT, PNI, Th/Tc)",Poor vs good pathological response to NCRT (AJCC TRG 2-3 vs 0-1),AUC,"XGB AUROC 0.762 tuning set (sens 58.2%, spec 89.5%); training (5-fold CV ROC) AUROC 0.824 (sens 67.6%, spec 94.7%); nomogram C-index 0.756 (95% CI 0.678-0.813), sens 65.8%, spec 75.3%",0.762,NR,NR,internal_test,Abstract; Results 3.3 (Figure 2B),no,No survival or recurrence outcomes,internal_holdout,performance_metric,"Random 7:3 split into training and ""tuning"" set (type 2a); 5-fold CV in training for hyperparameters; no external validation",no,yes,research_only,yes,no,TRIPOD,"Fujian provincial Joint Funds for Science and Technology Innovation (2023Y9131, 2019Y9065); Fujian Medical University Startup Fund (2020QH1065); Fujian Young Teacher Education Research Project (JAT200146); National Clinical Key Specialty Construction Project (General Surgery)",none_declared,"XGBoost model on pretreatment clinical, inflammatory and lymphocyte-subset features predicted NCRT response in rectal MAC (tuning AUROC 0.762), above the nomogram C-index 0.756; Th/Tc ratio and NLR top SHAP features.",Retrospective design; AI model interpretability; unclear prognostic significance of lymphocyte subsets; need large multicenter prospective validation.,Logistic nomogram C-index 0.756 (95% CI 0.678-0.813); calibration shown for nomogram only.,no,REV-ALCIDES,ai_assisted_single_reviewer,2026-10-07,complete,"Train/tuning sizes not reported (7:3 split of 283), so n_train/n_test/n_performance NR. Stage detail from Table 1 (cT2 20, cT3 148, cT4 115 of 283). Calibration reported for the nomogram only, not the XGB model. Code in supplementary file xgboost.txt (not inspected). Data: not publicly available for ethical concerns. Training AUC is from 5-fold CV ROC in training set.",no,batch-08
REC-AICRCTX-000176,Wang2024,Multiparametric magnetic resonance imaging (MRI)-based radiomics model explained by the Shapley Additive exPlanations (SHAP) method for predicting complete response to neoadjuvant chemoradiotherapy in locally advanced rectal cancer: a multicenter retrospective study.,2024,Quant Imaging Med Surg,10.21037/qims-24-7,peer_reviewed,neoadj_pcr_ww,rectum,"Locally advanced rectal cancer (low 30.5%, middle 53.3%, high 16.1%)",locally_advanced_rectal,"cT3 68.1%, cT4 31.6%, cT2 0.35%; N0 6%, N1 53%, N2 36%, N3 5%",retrospective_cohort,multicenter,China,own_cohort,"Three campuses of First Affiliated Hospital, Zhejiang University School of Medicine (Qingchun train; Yuhang and Zhijiang external), 2014-2022",285,patients,Abstract; Results Patient characteristics; Fig 2/Table 2,44,241,44,neoadjuvant_response,Predict cCR (and pCR among cCR) before nCRT to tailor therapy and identify watch-and-wait candidates,"Long-course nCRT 50.4 Gy/28 fx with capecitabine, surgery ~6 weeks later",radiology_imaging,"Pretreatment T1W and T2W MRI radiomics (PyRadiomics, manual ROI); EMVI added as MRI-derived clinical variable",classification,deep_learning,LASSO feature selection (100 repeats) + multilayer perceptron (MLP); SHAP explanation,3 T2W + 2 T1W radiomic features plus EMVI (cCR model); 2 T2W + 2 T1W radiomic features plus T stage (pCR model),ablation_or_baseline_model,Clinical-only model and radiomic-only model,Clinical complete response (cCR) after nCRT,AUC,"cCR clinical-radiomic: external AUC 0.718 (0.664-0.767), acc 77.27%, PPV 20%, NPV 94.12%; training 0.831 (0.799-0.867). cCR radiomic: ext 0.715, train 0.763; clinical: ext 0.565, train 0.613. pCR (within cCR) clinical-radiomic: ext 0.810 (0.775-0.847), train 0.970; radiomic ext 0.762, train 0.979; clinical ext 0.381, train 0.613",0.718,0.664,0.767,external,Results (Performance of prediction models); Table 4,no,No survival/recurrence outcomes,external_retrospective,performance_metric,"Training on Qingchun campus (n=241); external validation on Yuhang and Zhijiang campuses (n=44), same hospital system; 5-fold CV for MLP grid search",yes,yes,retrospective_validation,upon_request,NR,TRIPOD,"National Natural Science Foundation of China (82171890, 81701683); Key R&D Projects of Zhejiang Provincial Science and Technology Department (2021C03122); Alibaba Cloud",F.Z. and Y.Z. unpaid editorial board members of the journal; F.Z. researcher at Alibaba-Zhejiang University Joint Research Center; Alibaba Cloud provided cloud server; no other conflicts,Clinical-radiomic MLP models outperformed clinical models: external AUC 0.718 for cCR and 0.810 for pCR among cCR patients; SHAP used for interpretation.,No DWI/DCE sequences; few pCR cases; cCR patients on nonsurgical management excluded; retrospective; radiomic feature biology not verified.,"pCR-within-cCR clinical-radiomic model external AUC 0.810 (0.775-0.847; external pCR n=7 of 10 cCR), radiomic 0.762, clinical 0.381; clinical-only and radiomic-only cCR models.",no,REV-ALCIDES,ai_assisted_single_reviewer,2026-10-07,complete,"Two co-primary endpoints (cCR on whole cohort; pCR within cCR subset). Chose cCR clinical-radiomic model as primary (whole-cohort objective, external n=44, listed first); strict rule 2(b) best external AUC would give pCR model (0.810) but it rests on only 10 external cCR patients (7 pCR). External sites are two campuses of the same hospital system. CIs appear very narrow for n=44; reported as published. Calibration poor for pCR external per authors. MLP coded deep_learning (neural network). Training/validation settings differ in MRI field strength (1.5T vs 3.0T).",yes,batch-08
REC-AICRCTX-000177,Chen2024,Magnetic resonance imaging radiomics-based prediction of severe inflammatory response in locally advanced rectal cancer patients after neoadjuvant radiochemotherapy.,2024,Langenbecks Arch Surg,10.1007/s00423-024-03416-7,peer_reviewed,tox_surg,rectum,Locally advanced rectal adenocarcinoma; distance 0-5 cm and 6-10 cm from anal margin,locally_advanced_rectal,"Inclusion cT3, cT4 or cN+ (patient-level stage distribution in Table 1)",retrospective_cohort,single_center,China,own_cohort,"Sir Run Run Shaw Hospital, Zhejiang University (named XXX Hospital in methods), surgery July 2017-Dec 2019",86,patients,Abstract; Results Demographic characteristic,21,65,21,toxicity_prediction,"Predict severe pathological inflammatory response of the rectal wall after nRCT (side effect), to help surgeons evaluate patients and optimize operation/timing","nRCT: IMRT 45-50 Gy with capecitabine, then radical resection 6-9 weeks later, adjuvant CAPOX",radiology_imaging,T2WI MRI before and after nRCT; delta-radiomics (960 features pre/post); ROI manual single-layer,classification,classical_ml,"mRMR + LASSO feature selection, logistic regression radscore (delta-RF model)","5 delta radiomic features (wavelet GLCM, LoG first-order, shape sphericity)",ablation_or_baseline_model,pre-nRCT-RF and post-nRCT-RF models,Severe (grade 2-3) vs mild (0-1) pathological inflammatory response of rectal wall after nRCT,AUC,"delta-RF test AUC 0.85 (0.672-1.000), sens 0.813, spec 0.800; training 0.80 (0.695-0.910), sens 0.667, spec 0.826. pre-nRCT-RF train 0.89 / test 0.54 (0.286-0.790); post-nRCT-RF train 0.87 / test 0.54 (0.229-0.846)",0.85,0.672,1.000,internal_test,Abstract; Results Prediction model for the severe inflammatory response (Fig 5E-F),no,"Severe pathological inflammation associated with difficult operation (65.5% vs 42.9%, P=0.045), by observed pathology not predicted class",internal_holdout,performance_metric,"Random 3:1 split (65 train / 21 test), single center; no external verification",no,no,research_only,NR,upon_request,none_stated,None,none_declared,"Delta-radiomics logistic model predicted severe inflammatory response after nRCT (test AUC 0.85, n=21); pre- and post-treatment models failed on test (AUC 0.54).","Retrospective, no external verification, small sample; single-layer segmentation; mainly T2WI; radiomics black box.","pre-nRCT-RF: train AUC 0.89, test 0.54; post-nRCT-RF: train 0.87, test 0.54.",no,REV-ALCIDES,ai_assisted_single_reviewer,2026-10-07,complete,"Decision coded toxicity_prediction (histologic inflammatory side effect of nRCT; authors link to surgical difficulty/timing, so surgical_approach_or_complications is a plausible alternative). Delta features require post-nRCT MRI. Test set n=21 (16 severe, 5 mild); wide CI. Hospital named XXX in text; affiliation Sir Run Run Shaw Hospital.",no,batch-08
REC-AICRCTX-000178,Domingo2024,Identification and validation of a machine learning model of complete response to radiation in rectal cancer reveals immune infiltrate and TGFβ as key predictors.,2024,EBioMedicine,10.1016/j.ebiom.2024.105228,peer_reviewed,other,rectum,Rectal cancer treated with neoadjuvant long-course CRT,locally_advanced_rectal,"Threatened/involved CRM on pre-treatment MRI; T and N stage varied (Fig 1b, Table S3); stage I and IV mostly missing",retrospective_cohort,multicenter,United Kingdom,multiple,"Discovery: Grampian cohort (n=125, Aberdeen) + Aristotle trial control arm (n=124, ISRCTN09351447); validation: public GSE87211 (n=107)",356,patients,Abstract/Methods: discovery 249 + validation 107 (derived: 249+107),107,249,107,neoadjuvant_response,"Identify patients likely to achieve pCR to CRT to select a primary radiotherapy/organ-preserving approach, and radioresistant patients for trials",Pelvic RT 45-50.4 Gy/25 fx with capecitabine or 5-FU (validation 50.4 Gy/28 fx with infusional 5-FU),transcriptomics,Pre-treatment FFPE biopsy mRNA expression (Almac XCEL microarray); DNA mutation/CNA used only in candidate analysis,classification,classical_ml,"Gradient boosting machine (best of 6 ML methods by 10-fold CV), 33-gene RadioSensitive Signature (RSS)",Expression of 33 genes selected from 80 DEGs,other,"Nine published rectal radiotherapy-response transcriptomic signatures; also hypothesis-based biological classifier BRSC (F-TBRS, cytotoxic lymphocytes, CMS1)",Pathological complete response (pCR) after CRT,AUC,"RSS in GSE87211: AUC 0.89, accuracy 89%, sensitivity 89% (abstract: 90%), specificity 86%; discovery 10-fold CV accuracy 84%; no-pCR-disclosure batch correction: accuracy 64%, AUC 0.74 (p=0.04); BRSC AUC 0.72 discovery, 0.75 validation",0.89,NR,NR,external,Results ML analysis (Fig 3c-e),no,"Only pCR; scores compared across pathological response grades and ypT, no survival",external_retrospective,performance_metric,Locked GBM trained on discovery (n=249) tested on independent public cohort GSE87211 (n=107) after ComBat batch correction; discovery 10-fold CV,no,no,retrospective_validation,yes,yes,none_stated,MRC and Cancer Research UK S:CORT (MR/M016587/1); CRUK 23969; ERC Consolidator Grant 772970; CRUK/08/032 Aristotle; other CRUK/Swiss NSF grants,"TSM consultancy for AstraZeneca, Ground Truth Laboratories, Nordic Pharma; VHK invited speaker for Indica Labs; UM employed by and holds stock in AstraZeneca; others none",A 33-gene GBM signature (RSS) predicted pCR in an independent public cohort (AUC 0.89); biological analysis linked pCR to immune infiltrate/CMS1 and absence of fibroblast TGFb signalling.,Long-course CRT only (not TNT); stage I and IV scarce; fluoropyrimidine regimens only; needs standardised lab process to avoid batch correction and further validation; cell-lineage origin of genes unclear.,"BRSC (F-TBRS OR 0.05, cytotoxic lymphocytes OR 37.08, CMS1 OR 3.52): AUC 0.72 discovery, 0.75 validation; nine published signatures underperformed (only Palma, Park significant).",no,REV-ALCIDES,ai_assisted_single_reviewer,2026-10-07,complete,"INCONSISTENT: abstract gives sensitivity 90% for RSS, Results give 89%. Validity: batch correction (ComBat) of the validation cohort required disclosing pCR status; when outcome was not disclosed, performance fell to AUC 0.74 / accuracy 64% (authors report both). Discovery set mixes a cohort and a trial control arm (coded retrospective_cohort). Data: S:CORT transcriptomic data public; GSE87211 public. Primary model = RSS (title); BRSC is the biological classifier.",no,batch-08
REC-AICRCTX-000180,Zhang2024,Deep learning model based on endoscopic images predicting treatment response in locally advanced rectal cancer undergo neoadjuvant chemoradiotherapy: a multicenter study.,2024,J Cancer Res Clin Oncol,10.1007/s00432-024-05876-2,peer_reviewed,neoadj_pcr_ww,rectum,Locally advanced rectal adenocarcinoma,locally_advanced_rectal,Mostly cT3 (about 50-80% by cohort) with cT4 and cN+ (Table 1),retrospective_cohort,multicenter,China,own_cohort,"Affiliated Hospital of Qingdao University (train/internal temporal test, 2017-2023) and First Hospital of Jilin University (external test)",296,patients,"Results Baseline characteristics: 296 patients, 3485 images (train 157, internal test 61, external 78)",78,157,139,neoadjuvant_response,Select optimal candidates for nCRT by predicting tumor regression before treatment (standard nCRT vs alternatives such as direct surgery or other neoadjuvant options),"Long-course CRT 45-54 Gy with capecitabine or 5-FU, then radical surgery",endoscopy,"Pre-treatment white-light colonoscopy images (3485 images), manually selected by gastroenterologists",classification,deep_learning,Channel attention-ResNet CNN with Grad-CAM,RGB endoscopic images,clinical_model,Clinical logistic regression model (AUC 0.555 in training); ablation without channel attention,Good response (AJCC TRG 0-1) vs non-good response (TRG 2-3),AUC,"External test AUC 0.758 (0.724-0.834), acc 0.807, sens 0.435, spec 0.963, PPV 0.833, NPV 0.803, F1 0.571, kappa 0.463; internal temporal test AUC 0.868 (0.848-0.941), acc 0.836, sens 0.571, spec 0.975; training AUC 0.999",0.758,0.724,0.834,external,Table 2; Results Performance,no,No survival outcomes; short-term regression only,external_retrospective,performance_metric,"Temporal same-center internal test (n=61, Nov 2022-Jun 2023) plus one independent external center (n=78, different endoscope vendors)",yes,yes,retrospective_validation,NR,upon_request,none_stated,Not applicable (none stated),none_declared,Endoscopic image deep learning model predicted nCRT good response with external AUC 0.758 (internal temporal 0.868); clinical model AUC 0.555.,Short-term regression endpoint only; retrospective with small sample and selection bias; single-modality models only.,Internal temporal test AUC 0.868; clinical logistic model AUC 0.555 (training); ablation without channel attention lowered AUC by 11.4% (internal) and 4.7% (external).,no,REV-ALCIDES,ai_assisted_single_reviewer,2026-10-07,complete,"INCONSISTENT: internal test AUC 0.867 (95% CI 0.847-0.941) in abstract/text vs 0.868 (0.848-0.941) in Table 2; table values preferred. Primary cohort = external (most demanding); CIs are bootstrap medians and asymmetric. Multiple images per patient (3485 from 296); patient-level splitting not explicitly stated. n_test = internal 61 + external 78. Funding ""Not applicable"".",no,batch-08
REC-AICRCTX-000184,Hu2024,Magnetic resonance imaging-based radiomics analysis for prediction of treatment response to neoadjuvant chemoradiotherapy and clinical outcome in patients with locally advanced rectal cancer: A large multicentric and validated study.,2024,MedComm (2020),10.1002/mco2.609,peer_reviewed,neoadj_pcr_ww,rectum,Locally advanced rectal cancer (cT3/4 or node-positive),locally_advanced_rectal,"LARC, mrT2-T4, mrN0-N2 (Table 1)",retrospective_cohort,multicenter,China,multiple,"Training FUSCC (n=508, 2016-2018); EVD1 Beijing Cancer Hospital (n=242); EVD2 Shanxi Province Cancer Hospital (n=171); prospective PVD from FUSCC trial NCT03415763 (n=149, 2018-2023)",1070,patients,Abstract; Results 2.1 Patient baseline characteristics,149,508,562,neoadjuvant_response,"Predict good response (TRG 0-1) to nCRT before treatment to identify patients who may benefit, plus DFS stratification",nCRT 45-50 Gy/25-28 fx with capecitabine then TME; PVD patients received 3 cycles consolidation chemotherapy plus nCRT,radiology_imaging,"Pretreatment T2W and ADC MRI radiomics (10 features, Boruta); combined model adds tumor size and mrEMVI (MRI-reported)",classification,classical_ml,SVM radiomic signature combined with tumor size and mrEMVI via logistic regression (combined model); LR and RF radiomic models compared,8 T2W + 2 ADC radiomic features; MRI tumor size and EMVI,ablation_or_baseline_model,Clinical-MRI model (size + EMVI) and radiomic-only LR/RF/SVM models,Good response (AJCC 2010 TRG 0-1) vs poor response (TRG 2-3),AUC,"Combined model AUC: TD 0.799 (0.760-0.838), EVD1 0.797 (0.733-0.860), EVD2 0.754 (0.678-0.829), PVD 0.727 (0.641-0.813; acc 0.698, sens 76.5%, spec 60.9%); SVM radiomic: 0.798/0.790/0.743/0.715; clinical-MRI: 0.587/0.635/0.636/0.643",0.727,0.641,0.813,prospective,Results Performance of the combined model; Table 3,prognostic_association,"Kaplan-Meier DFS better in high vs low predicted GR probability in TD, EVD1, EVD2 (p<0.05); not assessed in PVD",prospective,performance_metric,"Two retrospective external centers (EVD1, EVD2) plus prospective trial cohort at the training institution (PVD, NCT03415763)",no,no,prospective_validation,NR,upon_request,none_stated,"National Natural Science Foundation of China (82001776, 81971687, 82271946); Natural Science Foundation of Shanghai (20ZR1412700)",none_declared,"Combined SVM-radiomics + clinical-MRI model predicted good response across training (AUC 0.799), two external (0.797, 0.754) and prospective (0.727) cohorts, and stratified DFS.",Excluded cCR watch-and-wait patients (selection bias); DWI not used (ADC only); ROIs exclude lymph nodes; manual segmentation.,SVM radiomic model AUC 0.798/0.790/0.743/0.715; LR and RF radiomic models (TD AUC 0.639-0.798); clinical-MRI model 0.587/0.635/0.636/0.643; radiomics quality score 27/36.,no,REV-ALCIDES,ai_assisted_single_reviewer,2026-10-07,complete,"Prospective cohort comes from a different regimen (consolidation chemotherapy before nCRT, GR rate 57.0%), and authors note differing GR distributions. Stage detail aggregate only. Decision-curve analysis shown, calibration not reported. Study design coded retrospective_cohort (3 retrospective cohorts + 1 prospective validation cohort). PVD n=149; n_test=242+171+149.",no,batch-08
REC-AICRCTX-000185,Cingoz2024,Evaluation of Neoadjuvant Chemoradiotherapy Response in Rectal Cancer Using MR Images and Deep Learning Neural Networks.,2024,Curr Med Imaging,10.2174/0115734056309748240509072222,peer_reviewed,neoadj_pcr_ww,rectum,Biopsy-proven rectal adenocarcinoma,locally_advanced_rectal,Stage 2 or 3 (pathological p-TS 0-4 also reported); long-course nCRT 50.4 Gy + 5-FU/leucovorin or capecitabine,retrospective_cohort,single_center,Turkey,own_cohort,"Istanbul University Istanbul Medical Faculty, Jan 2016-Jan 2020; 94 identified, 59 met criteria; 52 TME, 7 watch-and-wait",59,patients,Methods 2.1; Results sect. 3 (Fig 1),59,47,12,neoadjuvant_response,Guide treatment decisions and accurate evaluation of tumor response to nCRT; identify patients eligible for watch-and-wait,Neoadjuvant chemoradiotherapy followed by TME or W&W,radiology_imaging,Pre- and post-nCRT para-axial T2-weighted MRI; manual volumetric tumor segmentation; normalized signal-intensity histograms,classification,deep_learning,Bi-directional LSTM network (15 LSTM units for best complete-or-good model; 10 networks with 10-19 units trained),"Normalized (z-score) histograms of tumor T2 signal intensity signature, pre- and post-nCRT",clinician_or_expert,"MR-TRG by one radiologist (MERCURY criteria), both against Dworak pathologic TRG",Complete or good response (Dworak TRG 3-4) vs moderate/slight/no response,accuracy,"Complete-or-good task (DNN-TRG): Se 84.6, Sp 93.9, Ac 89.8, PPV 91.7, NPV 88.6, kappa 0.79 (95% CI 0.64-0.95); MR-TRG: Se 46.2, Sp 100, Ac 76.3. Complete-response task (DNN-TRG, 11 LSTM units): Se 71.4, Sp 97.8, Ac 91.5, kappa 0.75 (0.54-0.96); MR-TRG: Se 42.9, Sp 100, Ac 86.4",89.8,NR,NR,cross_validation,Table 5; Results sect. 3; Abstract,no,Not reported,internal_cv,performance_metric,100 repeats of stratified random 80/20 train/test splits within the single-center cohort; best network chosen by highest accuracy; confusion counts sum to all 59 patients; no external or temporal validation,no,no,research_only,no,upon_request,other,None,none_declared,"Deep bi-LSTM on T2 signal-intensity histograms predicted Dworak complete/good response with accuracy 89.8% and complete response with 91.5%, higher sensitivity than radiologist MR-TRG.","Retrospective, small cohort; no complementary validation cohort; only T2 signal used (no DWI/ADC); single bi-LSTM layer; performance from stratified random 80/20 splits (other proportions or k-fold could differ).","Complete-response task DNN-TRG (11 LSTM units) Se 71.4, Sp 97.8, Ac 91.5, kappa 0.75; MR-TRG comparator Ac 76.3 (complete/good) and 86.4 (complete)",no,REV-ALCIDES,ai_assisted_single_reviewer,2026-10-07,complete,"INCONSISTENT: text gives DNN-TRG accuracy 89.9 for complete/good vs 89.8 in abstract/Table 5 (table used); kappa labelled ""slight/modest"" agreement. Two co-primary tasks; complete-or-good chosen as headline (abstract first). Best network selected by test accuracy over 100 splits (selection on test data). n_train/n_test derived: 80/20% of 59. Guidelines: STROBE and SAGER stated.",no,batch-09
REC-AICRCTX-000187,Lee2024,Machine learning-based response assessment in patients with rectal cancer after neoadjuvant chemoradiotherapy: radiomics analysis for assessing tumor regression grade using T2-weighted magnetic resonance images.,2024,Int J Colorectal Dis,10.1007/s00384-024-04651-6,peer_reviewed,tox_surg,rectum,Rectal adenocarcinoma (locally advanced),locally_advanced_rectal,"LARC defined as cT2-4 or N+ (cT3b-d 69.6%, cT4 18.2%; N0 16.9%, N1 39.2%, N2 42.5%); underwent NCRT",retrospective_cohort,single_center,South Korea,own_cohort,"Kyung Hee University Hospital, consecutive baseline rectal MRI Jan 2010-May 2021",148,patients,"Abstract; Methods (patient selection), Fig 1, Table 2",31,73,31,neoadjuvant_response,Predict good vs poor response (mrTRG and pTRG) after NCRT from baseline MRI to screen candidates for watch-and-wait/organ preservation and guide follow-up,Neoadjuvant chemoradiotherapy (median CRT duration 42 days) then surgery in 85.8%,radiology_imaging,"Baseline T2-weighted rectal MRI radiomics (116 PyRadiomics-type features, manual ROI); three clinical variables added (CEA, differentiation grade, cT stage)",classification,classical_ml,"Random forest (best of 8 ensemble/classical learners: bagged, boosted, RUSBoost, subspace KNN/discriminant, RF, logistic regression, SVM) after min-max scaling and PCA","Radiomics (116 features) + serum CEA, tumor differentiation grade, cT stage (PCA-reduced to 20 main features)",ablation_or_baseline_model,"Clinical-data-only model, radiomics-only model, and radiomics plus single clinical factor models",Good (pTRG Dworak 3-4) vs poor (0-2) pathologic response in operated subgroup (n=104),AUC,"pTRG (n=104, 30% test): combined radiomics+clinical AUC 0.79 (0.71-0.87), Se 96, Sp 22, Acc 75; radiomics 0.74 (0.65-0.82); clinical 0.62 (0.52-0.71); radiomics+differentiation grade 0.86 (0.79-0.93); radiomics+cT 0.77. mrTRG (n=148): clinical 0.80 (0.73-0.87), radiomics 0.74 (0.66-0.81), combined 0.75 (0.68-0.82)",0.79,0.71,0.87,internal_test,Abstract; Results text; Table 4,no,Not reported (mrTRG/pTRG are surrogate endpoints),internal_holdout,performance_metric,Single random 7:3 stratified train/test split of the single-center cohort; 3-fold CV in grid search for tuning; no external or temporal validation,no,yes,research_only,no,upon_request,STARD,"National Research Foundation of Korea grant (Ministry of Science and ICT), no. 2022R1C1C1012477",none_declared,Baseline T2 radiomics plus clinical data random forest predicted pathologic good response with AUC 0.79 and MR-assessed good response with AUC 0.75 in a single-center holdout test.,"Single-center retrospective (selection bias, limited generalizability); two vendors; not all patients operated (mrTRG endpoint plus pTRG subgroup); no external validation; only T2WI used (no DWI/ADC).","mrTRG (n=148) good response: clinical-only AUC 0.80 (0.73-0.87), radiomics 0.74 (0.66-0.81), combined 0.75 (0.68-0.82). pTRG: radiomics+tumor grade 0.86 (0.79-0.93), radiomics+cT 0.77, radiomics-only 0.74",no,REV-ALCIDES,ai_assisted_single_reviewer,2026-10-07,complete,"INCONSISTENT: text calls combined model (0.79) the highest pTRG AUC and says radiomics+differentiation grade (0.86) ""followed"", but Table 4 lists 0.86 for the latter (table values used); reported Se 96/Sp 22/Acc 75 for the 0.79 model also look internally odd. Two co-primary endpoints (mrTRG, pTRG) and multiple models: chose combined radiomics+clinical model on pTRG (reference standard; named in conclusion) per rule 2. Test n derived: 30% of 104 (pTRG), n_train 73 derived 70% of 104; mrTRG sample 148.",yes,batch-09
REC-AICRCTX-000188,DellaCorte2024,Preoperative MRI radiomic analysis for predicting local tumor progression in colorectal liver metastases before microwave ablation.,2024,Int J Hyperthermia,10.1080/02656736.2024.2349059,peer_reviewed,tox_surg,colorectal,"Colorectal liver metastases (primary: colon 70%, rectum 25.6%)",metastatic,"Oligometastatic CRC, <=10 CLM, treated with microwave ablation (86% combined with resection)",retrospective_cohort,single_center,Italy,own_cohort,"IRCCS San Raffaele Hospital, institutional prospectively collected MWA database reviewed retrospectively, Sep 2015-Feb 2022",76,other,"Abstract; Results (43 patients, 76 CLM lesions analyzed independently)",76,NA,NA,other,Predict local tumor progression after microwave ablation of CLM; potential add-on to address therapeutic options when considering local therapy of oligometastatic disease,Microwave ablation (alone or with surgical resection) of colorectal liver metastases,radiology_imaging,"Pre-procedural gadoxetic acid MRI (T1-HBP and T2) radiomics (182 IBSI features, manual segmentation); combined models add clinical variables (ablation margin, TRG), not a multimodal input per rule 9",survival_prediction,statistical_model,"Multivariable Cox regression (max 3 covariates) with ML-based 1000x bootstrap variable-triplet ranking; models CLIN-mod, RAD-T1, RAD-T2, COMB-T1, COMB-T2","COMB-T1: minimal ablation margin >5 mm, tumor regression grade, 10th percentile of T1-HBP signal intensity (IH10)",ablation_or_baseline_model,Clinical-only model (CLIN-mod AUC 0.89) and radiomic-only models,Local tumor progression-free survival after MWA,AUC,Apparent (original dataset): COMB-T1 AUC 0.98 (p=0.0001); COMB-T2 0.95; CLIN-mod 0.89; RAD-T1 0.83; RAD-T2 0.79. Bootstrap internal validation in Supplementary Tables S1-S3 (not available),0.98,NR,NR,train,"Abstract; Results (Multivariate analysis), Figure 1, Table 3",prognostic_association,Kaplan-Meier separation of low vs high risk classes by combined models (COMB-T1 p=0.0152; COMB-T2 p=0.0078),internal_cv,performance_metric,Internal bootstrap (1000 resamples with fixed coefficients) per TRIPOD internal-validation criterion; reported only in supplement; main metrics are apparent on full dataset; no external validation,no,yes,research_only,NR,upon_request,none_stated,"No funds, grants or other support received",none_declared,"Combined MRI radiomic plus clinical Cox models predicted local tumor progression after MWA of CLM with apparent AUC 0.98 (T1-HBP) and 0.95 (T2), outperforming clinical-only (0.89) and radiomic-only models.","Monocentric, limited sample size, requires external validation; retrospective with variable confounders (prior chemotherapy) and inconsistent availability of prognostic variables (RAS status, CEA).","COMB-T2 AUC 0.95; CLIN-mod 0.89 (MAM, intra-segment progression, grade); RAD-T1 0.83; RAD-T2 0.79",yes,REV-ALCIDES,ai_assisted_single_reviewer,2026-10-07,complete,"Unit of analysis is lesion (76 CLM in 43 patients). Primary model = COMB-T1 (highest AUC; abstract conclusion says combined models). Bootstrap-validated CIs only in Supplementary Tables S1-S3 (not available), so CI NR. Reported performance is apparent, tuned on same data (selection among all variable combinations on the full dataset). Intra-segment progression (in CLIN-mod) is observed during follow-up and cannot act as a baseline predictor, per authors. Decision coded other: ablation-site progression, not systemic therapy. ai_family statistical_model despite ML-based bootstrap ranking for variable selection (final models Cox).",yes,batch-09
REC-AICRCTX-000192,Williams2024,Assessing Endoscopic Response in Locally Advanced Rectal Cancer Treated with Total Neoadjuvant Therapy: Development and Validation of a Highly Accurate Convolutional Neural Network.,2024,Ann Surg Oncol,10.1245/s10434-024-15311-y,peer_reviewed,tox_surg,rectum,Rectal adenocarcinoma,locally_advanced_rectal,"Stage II/III rectal adenocarcinoma treated with total neoadjuvant therapy (T3 82.3%, cN+ 85.1%)",retrospective_cohort,single_center,United States,own_cohort,"Memorial Sloan Kettering Cancer Center, TNT-treated LARC 2012-2020; endoscopic images (max 3 per exam)",2717,images,"Abstract; Results (288 patients, 2,717 images; Fig 2)",785,1785,932,organ_preservation_watch_wait,Identify non-complete response/residual tumor and local regrowth on endoscopy to support selection and surveillance for watch-and-wait,Total neoadjuvant therapy (INCT-CRT 85.8% or CRT-CNCT) followed by TME or watch-and-wait,endoscopy,"White-light flexible endoscopy still images (224x224), pre-, during- and post-TNT and surveillance",classification,deep_learning,"ResNet-50 CNN pretrained on ImageNet, fine-tuned (Adam, lr 2e-5, 3-fold CV 80:20 for tuning, augmentation)",Endoscopic images only (no clinical or radiologic data),clinician_or_expert,"16 surgeons (4 residents, 7 colorectal fellows, 5 attendings) rated 119 images (90 main test, 29 regrowth)",Tumor vs No Tumor on endoscopic image (non-complete response / regrowth vs sustained cCR),AUC,"Training AUC 0.99 (Se/Sp/PPV/NPV 0.95 each); main test (785 images) AUC 0.98, Se 0.94, Sp 0.88, PPV 0.89, NPV 0.93, accuracy 90% on survey subset; local regrowth test (147 images) AUC 0.92, Se 0.63, Sp 0.94, PPV 0.92, NPV 0.69; surgeons main test 88.4-91.6%, regrowth 74.5-83.3% vs CNN 62.1%",0.98,NR,NR,internal_test,"Abstract; Results (Diagnostic Performance), Table 2, Fig 3B",no,Not reported; labels derived from sustained cCR (>=2 y) or histology,internal_holdout,performance_metric,"7:3 split of images with patient-level separation (same institution) for training and main test; separate local-regrowth test set (matched controls) from same institution; authors call main test ""externally validated"" but it is same-center holdout; no external site",no,yes,research_only,NR,NR,none_stated,NR,"JGA honoraria from J&J, Medtronic, Intuitive Surgical and stock in Intuitive; JJS advisory/consulting for Guardant Health, Foundation Medicine, J&J, GSK; HV funding from Elekta (unrelated)","A ResNet-50 CNN detected tumor in post-TNT endoscopic images with AUC 0.98 on the main test set, on par with surgeons, but was weaker for local regrowth (Se 0.63, AUC 0.92) than surgeons.",Larger image datasets needed for real-world variation and regrowth detection; single institution; 2D images of variable quality; no radiologic or clinical data; regrowth cases (78 images) not usable for training; no time variable.,"Local regrowth test set AUC 0.92 (Se 0.63, Sp 0.94); training AUC 0.99; surgeon comparison by experience level",no,REV-ALCIDES,ai_assisted_single_reviewer,2026-10-07,complete,"Unit of analysis is the image (2,717 images from 288 patients); main-test patient count not reported in text. n_test 932 = 785 main + 147 regrowth. Authors label main test as external validation but it is a same-center patient-level split (coded internal_holdout). Funding statement not present in the author manuscript text. Table 2 values taken from text.",no,batch-09
REC-AICRCTX-000193,Kaval2024,Evaluating complete response prediction rates in locally advanced rectal cancer with different radiomics segmentation approaches.,2024,Pathol Oncol Res,10.3389/pore.2024.1611744,peer_reviewed,other,rectum,"Locally advanced rectal cancer (distal 44%, middle 45%, proximal 11%)",locally_advanced_rectal,"LARC cT2-T4b (T3 77%), cN+ 84%; long-course CRT 45-50.4 Gy with capecitabine/5-FU",retrospective_cohort,single_center,Turkey,own_cohort,"Istanbul Faculty of Medicine, LARC patients treated 2012-2019 with CRT then TME (81) or watch-and-wait (12)",93,patients,Abstract; Methods; Table 1,28,65,28,neoadjuvant_response,Predict complete response (pCR or sustained cCR) to CRT from pre-CRT MRI radiomics; may identify watch-and-wait candidates,"Neoadjuvant chemoradiotherapy, then TME or watch-and-wait",radiology_imaging,"Pre-CRT T2-weighted MRI radiomics (1,132 PyRadiomics features) from tumor, tumor+mesorectum or CTV segmentations (manual, 3D Slicer)",classification,classical_ml,Light Gradient Boosting Machine (best of 15 PyCaret models for tumor segmentation); Logistic Regression best for tumor+mesorectum; Gaussian Naive Bayes best for CTV,"Radiomics features from tumor-only segmentation (SMOTE, z-score, correlation filtering)",ablation_or_baseline_model,"Compared three segmentation approaches (tumor, tumor+mesorectum, CTV) and 15 ML models",Complete response (pCR ypT0N0 or sustained cCR >=4 y) vs non-CR,AUC,"Tumor: train AUC 0.84, test AUC 0.85 (Se 76, Sp 71, PPV 73, NPV 75, Acc 74); Tumor+mesorectum: train 0.81, test 0.83 (Se 90, Sp 67, Acc 79); CTV: train 0.77, test 0.72 (Se 76, Sp 62, Acc 69)",0.85,NR,NR,internal_test,Abstract; Results; Table 2,no,Not reported,internal_holdout,performance_metric,Random 70/30 train/test split of a single-center cohort with 5-fold CV during training; model with best training AUC evaluated on test; no external validation (authors say aim was segmentation comparison),no,yes,research_only,NR,upon_request,none_stated,No financial support received,none_declared,Tumor-only radiomics gave the highest test AUC (0.85) for complete response prediction; tumor+mesorectum gave the highest sensitivity (90) and accuracy (79); CTV was lowest (0.72).,"Retrospective; single reader, no interobserver reproducibility; no external validation; larger cohorts and multi-reader segmentation needed.","Tumor+mesorectum (Logistic Regression) test AUC 0.83, Se 90, Sp 67, Acc 79; CTV (Gaussian NB) test AUC 0.72, Se 76, Sp 62, Acc 69",no,REV-ALCIDES,ai_assisted_single_reviewer,2026-10-07,complete,"INCONSISTENT: Discussion gives CTV test AUC 0.71 vs 0.72 in abstract/Table 2 (table used); Table 2 tumor NPV printed as 7%5. Primary contribution is comparison of three segmentations; main model chosen by best test AUC (tumor-only, LightGBM) per rule 2(b). n_train/n_test derived from 70/30 of 93 (65/28). SMOTE reported in the ML section before the model evaluation; order relative to the split is not stated (possible leakage).",no,batch-09
REC-AICRCTX-000194,Wang2024,Unraveling variations and enhancing prediction of successful sphincter-preserving resection for low rectal cancer: a post hoc analysis of the multicentre LASRE randomized clinical trial.,2024,Int J Surg,10.1097/js9.0000000000001014,peer_reviewed,other,rectum,Low rectal cancer (<5 cm from dentate line),locally_advanced_rectal,Clinical stage II/III low rectal cancer treated with neoadjuvant CRT then radical resection (LASRE trial),trial_secondary_analysis,multicenter,China,trial_data,"LASRE trial (NCT01899547), 22 tertiary hospitals, 2013-2018; 604 patients with CRT then resection",604,patients,Abstract; Methods (Patients); Results (Demographic data),199,405,199,surgical_approach_or_complications,Predict successful sphincter-preserving resection (SSPR) to avoid unnecessary permanent colostomy and inform patients,Surgery (sphincter-preserving resection vs APR/ELAPE) after neoadjuvant chemoradiotherapy,clinical_tabular,"Six pre-operative features: tumour distance from anal verge before and after CRT, clinical T downstaging, post-CRT weight, MRI clinical N stage (LASSO-selected from 77)",classification,classical_ml,"Light gradient boosting (LGB), with online Streamlit calculator; compared with LR, SVM, DTC, RF, XGB, MLP","6 LASSO-selected features: pre-CRT and post-CRT tumour distance from anal verge, clinical T downstaging, post-CRT weight, MRI cN stage (one more feature as listed in eFigure 2)",other_ai_model,"Seven AI algorithms compared (LR, SVM, DTC, RF, LGB, XGB, MLP)","Successful sphincter-preserving resection (SPR with complete/near-complete TME, CRM >=1 mm, DRM >=1 mm)",AUC,"Test set AUROC: LR 0.825, LGB 0.819, MLP 0.819, XGB 0.805, DTC 0.797, RF 0.766, SVM 0.744; sensitivity/specificity at Youden threshold in figures/tables not extracted in text",0.819,NR,NR,internal_test,"Abstract; Results (AI model development and validation), Fig 3",no,"SSPR vs non-SSPR short-term outcomes compared (fewer complications, shorter stay), not by model-predicted class",internal_holdout,performance_metric,Random 67/33 split-sample (TRIPOD type 2A) of the multicenter trial cohort; hyperparameters by 5-fold CV on training set; no external hospital validation; calibration and DCA/CICA on test set,yes,yes,research_only,NR,upon_request,TRIPOD,Fujian provincial health technology project; Joint Funds for Science and Technology Innovation Fujian; Medical Science Research Foundation of Beijing Medical and Health Foundation; Natural Science Foundation of Fujian Province; Bethune Charitable Foundation; Fujian Young Teacher Education Research Project,none_declared,AI models on six preoperative features predicted successful sphincter-preserving resection in the held-out test set with AUROC 0.744-0.825 (LGB 0.819); SSPR rates varied 37.7-94.4% across hospitals.,"Retrospective post hoc analysis of trial with different endpoint; key variables (tumour fixation, patient willingness, anal function) not collected; selection bias; hospital variation not fully accounted for; no local recurrence or functional outcomes.","LR 0.825, MLP 0.819, XGB 0.805, DTC 0.797, RF 0.766, SVM 0.744 (test AUROC); LR and LGB best discrimination; LGB, MLP, LR well calibrated",yes,REV-ALCIDES,ai_assisted_single_reviewer,2026-10-07,complete,"Main model = LGB (authors built the online calculator on it; LR had marginally higher AUC 0.825, co-best per authors); no CI in main text. n_train/n_test derived from 67/33 of 604. Text says 6 selected features but lists five named items (sixth in Supplement eFigure 2). Sensitivity/specificity in testing set not given in text. SSPR is a composite surgical-quality outcome including pathology (CRM/DRM/TME).",yes,batch-09
REC-AICRCTX-000197,Lafarge2024,Image-based consensus molecular subtyping in rectal cancer biopsies and response to neoadjuvant chemoradiotherapy.,2024,NPJ Precis Oncol,10.1038/s41698-024-00580-3,peer_reviewed,neoadj_pcr_ww,colorectal,"Model trained on colorectal cancer resections and biopsies (FOCUS, SPINAL, GRAMPIAN); pCR association tested in rectal cancer pre-treatment biopsies (ARISTOTLE, SALZBURG)",mixed_all_stages,CMS classifier developed on CRC across stages (resections of advanced/metastatic and early CRC plus rectal biopsies); pCR cohorts: advanced rectal cancer receiving long-course CRT with capecitabine,retrospective_cohort,multicenter,United Kingdom; Austria; USA (TCGA),multiple,"S:CORT cohorts FOCUS (266 pts), SPINAL (147), GRAMPIAN (148), ARISTOTLE (189; 114 with pCR data); SALZBURG (55); TCGA (430)",1235,patients,Fig. 1a (patients per cohort summed); Abstract (1057 training WSIs; 169 patients for pCR analysis),189,561,674,neoadjuvant_response,"imCMS calls on pre-treatment biopsies associated with pCR to long-course CRT, to identify patient groups who could benefit from neoadjuvant LCRT / intensified regimens",Long-course chemoradiotherapy (45-50.4 Gy + capecitabine) in rectal cancer,digital_pathology,H&E whole slide images of resections and biopsies; tumor regions manually annotated; labels from transcriptional CMS (microarray),classification,deep_learning,"imCMS v1.5: randomly initialized customized ResNet on 318x318 px tiles at 5x, tile scores averaged to slide level; ensemble of five 5-fold models (experiment E3a), majority vote",H&E tile images of annotated tumor regions,none,Transcriptional CMS is the reference label; no clinical comparator,"CMS class (CMS1-4) predicted from H&E, then association of imCMS class with pCR to LCRT",AUC,"Macro-average AUROC of E3a ensemble: ARISTOTLE (biopsy, held out) 0.798; TCGA (held out) 0.813. Association with pCR (ARISTOTLE+SALZBURG, n=169, adjusted for cT, cN, cohort): imCMS1 OR 2.69 (95% CI 1.01-7.17, p=0.048); imCMS4 OR 0.25 (0.07-0.88, p=0.031); imCMS2 OR 1.00 (0.39-2.58); imCMS3 OR 1.17 (0.50-2.73)",0.798,NR,NR,external,"Results (Effect of multi-cohort training), Fig. 2; Results (Association between imCMS and pCR), Fig. 3",prognostic_association,"imCMS1 associated with higher pCR (OR 2.69), imCMS4 with lack of pCR (OR 0.25); pCR events 24/114 ARISTOTLE and 6/55 SALZBURG",external_multicenter,outcome_association,"Training on FOCUS+SPINAL+GRAMPIAN (resection and biopsy; 5-fold internal splits); held-out TCGA and ARISTOTLE for CMS classification; ARISTOTLE and SALZBURG (independent, different countries) used for association with pCR; SALZBURG has no transcriptional CMS label",no,yes,retrospective_validation,no,upon_request,none_stated,MRC and CRUK S:CORT (MR/M016587/1); CRUK ARISTOTLE (CRUK/08/032); NIHR Oxford BRC; Paracelsus Medical University Salzburg; Swiss National Science Foundation; Promedica Foundation; EPSRC CDT; funders had no role in analyses,"Several authors disclose: VHK speaker/advisory/sponsored research (Roche, IAG, Takeda, Indica Labs) and patent applications; JR and KS co-founders of Ground Truth Labs, TM consultant; FH honoraria from pharma and stock options in Guardant Health; DN consultant; others none",A deep learning imCMS classifier on H&E biopsies (AUROC 0.798 in held-out ARISTOTLE) yielded calls associated with pCR to LCRT: imCMS1 favourable (OR 2.69) and imCMS4 unfavourable (OR 0.25).,Reliance on manual tumor annotation (semi-automated); performance varies across test sets suggesting hidden dataset factors; simulation assumes random biopsy sampling; no model uncertainty beyond ensemble voting.,Experiments E1-E3 and biopsy simulation (E4a/b): macro AUROC E3a TCGA 0.813; AUROC within 3% of resection when >=5 simulated biopsy fragments,yes,REV-ALCIDES,ai_assisted_single_reviewer,2026-10-07,complete,"Model is a CMS classifier; clinical claim is association with pCR (validation_basis=outcome_association) and primary_metric is the CMS AUROC in held-out ARISTOTLE (rule 5). Stage context coded mixed_all_stages (development population: CRC resections and biopsies across stages), whereas pCR analysis is rectal LCRT only. n_analytic=sum of patients across cohorts in Fig 1a (training 1057 WSIs / 561 patients; pCR analysis 169 patients; 2 mixed calls excluded); n_test = TCGA 430 + ARISTOTLE 189 + SALZBURG 55. CIs and per-class AUROCs in supplement. SALZBURG cohort counts: macro AUROC not available (no CMS). Overlap: ARISTOTLE used both for CMS test and pCR association.",yes,batch-09
REC-AICRCTX-000200,Qin2024,Development and validation of a multi-modal ultrasomics model to predict response to neoadjuvant chemoradiotherapy in locally advanced rectal cancer.,2024,BMC Med Imaging,10.1186/s12880-024-01237-0,peer_reviewed,neoadj_pcr_ww,rectum,Locally advanced rectal cancer,locally_advanced_rectal,"Clinical stage II 6, III 80, IV 20 (distant metastasis in 20); T3-4 98; N+ 83; all had nCRT then TME",retrospective_cohort,single_center,China,own_cohort,"First Affiliated Hospital of Guangxi Medical University, Apr 2018-Apr 2023, pre-nCRT B-mode and contrast-enhanced ultrasound",106,patients,Abstract; Results (Patient characteristics),32,74,32,neoadjuvant_response,Predict good response (TRG0-1) to nCRT from baseline ultrasound to guide personalized treatment and surgical decision-making,Neoadjuvant chemoradiotherapy followed by TME,radiology_imaging,"Rectal ultrasound: B-mode (BUS) and contrast-enhanced ultrasound (CEUS) images of tumor ROI, authors term ""multi-modal"" ultrasomics; Combined_2 also includes ResNet101 deep features; clinical variables only in separate Clinical model",classification,hybrid,Combined_2: multilayer perceptron classifier on PyRadiomics features from BUS and CEUS plus 32 pre-trained ResNet101 deep features (12 LASSO-selected features),"BUS and CEUS radiomics (1239 features each) and 32 compressed deep features; selected by Mann-Whitney U, Spearman, LASSO",clinical_model,"Clinical model (MLP on clinical factors) plus BUS-only, CEUS-only and Combined_1 ultrasomics models",Good response (AJCC TRG0-1) vs poor response (TRG2-3),AUC,"Validation (n=32) AUC: Combined_2 0.893 (0.780-1.000), Combined_1 0.829 (0.673-0.985), CEUS 0.821 (0.660-0.983), Clinical 0.690 (0.509-0.872), BUS 0.675 (0.481-0.868); Combined_2 validation accuracy 84.4, Se 78.6, Sp 88.9, PPV 84.6, NPV 84.2. Training AUC Combined_2 0.844 (0.757-0.932), Clinical 0.680",0.893,0.780,1.000,internal_test,"Abstract; Results (Table 4, Table 5; Fig. 3)",no,Not reported,internal_holdout,performance_metric,Random 7:3 split (74 train / 32 validation) of single-center cohort; ten-fold CV during training; DeLong comparison; no external or temporal validation,no,no,research_only,NR,yes,none_stated,Selfraised Scientific Research Funds of Ministry of Health of Guangxi Province (No. Z20201070),none_declared,"A hybrid ultrasomics MLP combining BUS, CEUS and deep features reached validation AUC 0.893 for predicting good nCRT response, significantly above the clinical model (0.690).","Single-center retrospective (selection bias, limited generalizability); limited sample size; only pre-nCRT data; only pre-trained deep features; ultrasound only; prospective, multicenter and external validation needed.","Validation AUC: Combined_1 0.829, CEUS 0.821, Clinical 0.690, BUS 0.675; DeLong Combined_2 vs Clinical p=0.006 (validation)",no,REV-ALCIDES,ai_assisted_single_reviewer,2026-10-07,complete,"Authors call BUS+CEUS ""multi-modal""; both are ultrasound, so coded radiology_imaging (not multimodal; clinical variables not inputs of the main model). ai_family hybrid chosen (handcrafted radiomics + pretrained deep features + MLP) though rule 10 defines hybrid with non-neural classifier. 20 patients stage IV despite LARC label. Data availability coded yes per statement that all data are in the article (no repository/accession). Feature selection applied before the train/validation split is not described.",no,batch-09
REC-AICRCTX-000204,Wei2024,Artificial intelligence measured 3D body composition to predict pathological response in rectal cancer patients.,2024,ANZ J Surg,10.1111/ans.18929,peer_reviewed,neoadj_pcr_ww,rectum,Locally advanced rectal cancer (LARC) treated with long-course CRT then TME,locally_advanced_rectal,LARC; AJCC 8th stage I 27%/II 24%/III 25% in females and 28/29/17% in males (stage as post-resection histology); metastatic excluded,retrospective_cohort,single_center,Australia,own_cohort,"Western Health, Melbourne; ACCORD prospective registry; pre-NAT CT 2012-2023",214,patients,Results para 1 and Table 2 (63 F + 151 M = 214),82,132,82,neoadjuvant_response,Predict pCR to guide personalized neoadjuvant therapy / organ preservation in LARC,Long-course chemoradiotherapy (50.4 Gy/25 fx + 5-fluoropyrimidine) followed by TME,radiology_imaging,"Pre-treatment CT at L3; AI-derived 3D body composition (VF, SCF, SM volume and radiodensity); age/ECOG/ASA/BMI also candidates (clinical variables added to imaging-derived measures)",segmentation_plus_prediction,hybrid,Pre-trained in-house 3D deep-learning segmentation model for body composition + multivariable logistic regression selected by ICOMP among 1024 candidate models,"Final model: age, SM volume, VF radiodensity, SCF volume, SCF radiodensity (age/sex-adjusted quartiles; age quartiles)",none,,Pathological complete response (pCR) after NAT,AUC,AUC 0.72 training (n=132); 0.60 validation (n=82),0.60,NR,NR,internal_test,"Results p.1288 text; Fig. 1 (95% CIs only in figure, not in text)",no,Association of BC with pCR only; no survival outcomes,internal_holdout,performance_metric,Random 60:40 split of single-center cohort into training (model selection) and validation; bootstrap CIs (10000),no,no,research_only,NR,NR,none_stated,NR,none_declared,AI-measured 3D SM volume and age were positively and SCF volume negatively associated with pCR; model AUC 0.72 training vs 0.60 validation.,Retrospective single centre; 3D BC not comparable with 2D sarcopenia cut-offs; possible ethnic differences in BC phenotype not considered,"AI segmentation model itself was previously validated (refs 5,6); sheaf p-values: SM 0.015, age 0.030, SCF 0.059",no,REV-ALCIDES,ai_assisted_single_reviewer,2026-10-07,complete,n_test/n_performance derived: 214-132=82. Validation AUC CI shown only in Fig. 1 (not extractable from text). Abstract reports multivariable association P values rather than AUC. Authors describe design as cross-sectional; coded retrospective_cohort (registry).,no,batch-10
REC-AICRCTX-000209,Liu2024,A deep neural network predictor to predict the sensitivity of neoadjuvant chemoradiotherapy in locally advanced rectal cancer.,2024,Cancer Lett,10.1016/j.canlet.2024.216641,peer_reviewed,neoadj_pcr_ww,rectum,Locally advanced rectal cancer,locally_advanced_rectal,"cT2-4, N0-N+ (AJCC 7th) in in-house cohort; LARC defined as T3-4 or node-positive",retrospective_cohort,mixed,China,multiple,"In-house RNA-seq (Cancer Hospital CAMS, 71 LARC pts, 2010-2019) + public GEO cohorts GSE209746 and GSE46862 for validation; TCGA/GEO for pathway/survival analyses",71,patients,Methods 2.1/Results 3.1 (in-house n=71); external GSE46862 n=23 (Methods 2.5); GSE209746 size not given in text,23,70,32,neoadjuvant_response,Predict NCRT sensitivity (pCR vs incomplete response) to guide clinical treatment in LARC,Neoadjuvant long-course chemoradiotherapy (50 Gy/25 fx + capecitabine) then TME,transcriptomics,Tumor RNA-seq; 18-gene signature selected from 428 Wnt/LA-pathway-correlated genes,classification,deep_learning,"Deep neural network (H2O deeplearning; 18-9-4-2 dense layers, tanh, cross-entropy + L1); features selected by overlap of LASSO, SVM, RF and XGBoost; SMOTE oversampling",Expression of 18 genes,none,,pCR vs incomplete response (iCR) to NCRT,AUC,"AUC 0.999 training (n=70); 0.906 internal test (n=32; sens 84.21, spec 92.86, acc 93.75); 0.897 GSE209746 (external, n NR); 0.706 GSE46862 (external, n=23); 0.75 TCGA radiotherapy-only (n=5); 0.667 GSE209746 chemotherapy-only",0.706,NR,NR,external,Results 3.5 p.6; Fig. 4D-F; abstract (0.706 and 0.897),prognostic_association,"High-PI group had longer OS in in-house, GSE209746, GSE87211 and TCGA-READ (p<0.05)",external_retrospective,performance_metric,"Internal 70/30 split of SMOTE-oversampled in-house data plus two public external GEO cohorts (GSE209746, GSE46862); number of source sites not stated",no,no,retrospective_validation,NR,yes,none_stated,"National Natural Science Foundation of China (81972318, 82073352); CAMS Non-profit Central Research Institute Fund (2019PT310027); Sanming Project of Medicine in Shenzhen; Hospital Research Project (E010121001)",none_declared,18-gene DNN predicted NCRT sensitivity with AUC 0.906 internal and 0.706-0.897 in two external GEO cohorts; high-PI subtype had better OS and immune activation.,RNA-seq cost; need larger/trial validation; need to incorporate clinical factors and MSI/RAS; 18-gene signature activity differed by response only in GSE209746 (small sample) and was not associated with response by logistic regression (Fig S8),"Pathway-level logistic regression: Wnt/beta-catenin (OR 1.1, p=0.0033) and linoleic acid (p=0.0188) pathways associated with NCRT response; four immune/DNN subtypes",no,REV-ALCIDES,ai_assisted_single_reviewer,2026-10-07,complete,"Two external cohorts without a declared headline: primary taken as GSE46862 AUC 0.706 (lower, more demanding, n=23 stated) per rule 2b; GSE209746 AUC 0.897 has no n in text. n_analytic=71 is the development cohort (external n not summable; 1274 transcriptomes used for pathway analyses). n_train/n_test counts include SMOTE-oversampled samples (102 = 70+32) and oversampling was applied before the train/test split (possible leakage inflating internal AUC 0.999/0.906). Data: RNA-seq deposited at NGDC PRJCA019248 under reasonable request; public datasets from GEO/Xena.",yes,batch-10
REC-AICRCTX-000211,Jepsen2024,Digitally assessed lymphocyte infiltration in rectal cancer biopsies is associated with pathological response to neoadjuvant therapy.,2024,Hum Pathol,10.1016/j.humpath.2023.12.010,peer_reviewed,neoadj_pcr_ww,rectum,"Primary rectal adenocarcinoma (non-mucinous), pMMR",locally_advanced_rectal,"All cT3-T4; cN0 10, cN1-2 40; cM1 16 of 50 (metastatic/advanced disease included)",retrospective_cohort,multicenter,Denmark,own_cohort,"Slagelse and Koge Hospitals, Zealand University Hospital, surgery Mar 2018-Apr 2020; diagnostic biopsies; subgroup of a prior study",50,patients,"Abstract and Methods 2.1; Results 3.1 (50 patients, 204 slides)",50,NA,NA,neoadjuvant_response,Potential predictive biomarkers of pathological response to neoadjuvant therapy in rectal cancer (organ-sparing strategies),"Neoadjuvant chemoradiotherapy (66%), chemotherapy alone, RT alone or short-course RT",digital_pathology,H&E and CD3/CD8-cytokeratin IHC whole-slide images of diagnostic biopsies; quantification of epithelium tumor percentage (ETP) and CD3+/CD8+ lymphocyte density,other,deep_learning,"Visiopharm deep-learning image analysis: DeepLabv3+ tissue classification, U-Net-based nuclei detection (trained on independent 35 WSI), ETP DeepLabv3+ (74 WSI); association by Mann-Whitney and univariate logistic regression","Biopsy ETP; CD3+ and CD8+ lymphocyte density; CD8+/CD3+ percentage (total tumor, epithelium, stroma)",none,,Good (Mandard TRG 1-2) and complete (TRG 1) pathological response,other,Univariate OR for good response: CD8+/CD3+ per 10 points 2.15 (1.19-4.41); CD8+ per 100/mm2 1.20 (1.01-1.46); CD3+ and ETP not significant. Complete response: CD3+ per 100/mm2 OR 1.11 (1.02-1.24); CD8+ OR 1.33 (1.10-1.70); CD8+/CD3+ per 10 points OR 2.19 (1.12-4.87). No AUC reported,2.15,1.19,4.41,NR,"Results 3.2-3.3 text and Table 3 (logistic regression ORs, whole cohort n=50)",no,Only pathological response (TRG); no survival outcomes,none,NA,No validation of the association; all 50 patients analysed together (univariate; multivariable not done). Image algorithms were developed on separate WSIs (35 for lymphocyte apps),no,no,research_only,NR,NR,none_stated,"Carl and Ellen Hertz Scholarship, Lizzi and Mogens Staal Foundation, other Danish foundations and Region Zealand Health Research Foundation; funders had no role",HH and BR employed at Visiopharm A/S; other authors none,Biopsy CD8+ density and CD8+/CD3+ percentage (digitally measured) were associated with good and complete pathological response; ETP was not.,Small sample prevents multivariable analysis; retrospective design with selection bias; heterogeneous neoadjuvant regimens,Epithelium tumor percentage (ETP) not associated with response; change in ETP (biopsy minus resection) positively associated with CD3+/CD8+ densities,no,REV-ALCIDES,ai_assisted_single_reviewer,2026-10-07,complete,"Association/biomarker study (AI used to quantify features), not a prediction model: no discrimination metric; headline OR used as primary metric; performance_cohort NR (whole-cohort univariate analysis). Stage coded locally_advanced_rectal (all cT3-4) although 16 cM1 included. Setting: two hospitals of the same university hospital. Multiple response definitions; good-response OR chosen as main.",no,batch-10
REC-AICRCTX-000216,Wu2023,Feasibility of delta radiomics-based pCR prediction for rectal cancer patients treated with magnetic resonance-guided adaptive radiotherapy.,2023,Front Oncol,10.3389/fonc.2023.1230519,peer_reviewed,neoadj_pcr_ww,rectum,Locally advanced rectal cancer,locally_advanced_rectal,"cT3-4, N0-2 (T3 82.1%, T4 17.9%; N0 10.7%, N1 57.1%, N2 32.2%); no distant metastases",retrospective_cohort,single_center,China,own_cohort,"Sichuan Cancer Hospital; 1.5T MR-Linac MRgART short-course RT, from Aug 2021",27,patients,"Results: Patients and treatment characteristics (28 enrolled; 27 with surgical pathology analysed, 135 MRI datasets)",27,27,NA,neoadjuvant_response,Predict pCR after nCRT (short-course RT + mFOLFOX6) to support patient management / possible W&W,"Short-course RT 25 Gy/5 fx on MR-Linac followed by 6 cycles mFOLFOX6, then TME or watch and wait",radiology_imaging,Daily T2-weighted MR-Linac images fractions 1-5; PyRadiomics features (raw + LoG) and delta features; cN also entered the signature (clinical variable added to imaging model),classification,classical_ml,Delta radiomics: Mann-Whitney U feature screening then LASSO (LOOCV for lambda) -> linear Rad-score,"7 selected variables: 1 fraction-1 feature, 5 delta features (4 at F2, 1 at F3), cN",none,,Pathological complete response (Mandard TRG 1) vs non-pCR,NR,Rad-score significantly discriminated pCR vs non-pCR (p<0.05); no AUC/sensitivity/specificity or CI reported in text,NR,NR,NR,train,Results (Radiomics signature) and Fig. 5 (p<0.05 only),no,,none,NA,No internal or external validation; LOOCV used only to choose LASSO lambda; discrimination assessed in the same 27 patients,no,no,research_only,NR,upon_request,none_stated,"Deng Feng Precision Radiotherapy Research Program (2021DF016); Sichuan Cancer Hospital Youth Project (YB2021032, YB2023025)",none_declared,A 7-variable delta-radiomics Rad-score from MR-Linac images discriminated pCR (5/27) from non-pCR (p<0.05) in a feasibility analysis.,Too few patients for a fine-tuned model; internal/external validation not feasible; 1-week imaging window may underestimate feature change,"Univariate screening: 18 variables significant (6 features, cN, 11 delta features)",no,REV-ALCIDES,ai_assisted_single_reviewer,2026-10-07,partial,"No discrimination metric (AUC, etc.) reported in text, only p<0.05; values may only be in Fig. 5. Of 28 enrolled, 27 had pathology (one cCR on W&W without pCR information). Only 5 pCR events. Data: raw data available from authors without undue reservation (coded upon_request). Rad-score built and tested in same patients (apparent performance).",no,batch-10
REC-AICRCTX-000217,Yang2024,Radiomics of skeletal muscle helps to predict gastrointestinal toxicity in locally advanced rectal cancer patients receiving neoadjuvant chemoradiotherapy.,2024,Clin Transl Radiat Oncol,10.1016/j.ctro.2023.100703,peer_reviewed,tox_surg,rectum,Rectal adenocarcinoma <=12 cm from anal verge,locally_advanced_rectal,cT3-4 and/or N+; some cT2N0 (stage I) rectum-preservation patients and resectable oligometastatic (stage IV) also allowed,retrospective_cohort,single_center,China,own_cohort,Fudan University Shanghai Cancer Center; 164 pts Jul 2017-Aug 2019 (train/internal) and 50 pts Jan 2021-Aug 2022 (external),214,patients,Abstract and Results: Patients characteristics (115+49+50),50,115,99,toxicity_prediction,Predict grade 3-4 gastrointestinal toxicity of neoadjuvant CRT with irinotecan to inform clinical decision-making,Neoadjuvant IMRT 50 Gy with capecitabine and weekly irinotecan (UGT1A1-guided),radiology_imaging,Baseline non-contrast CT at L3: manually contoured skeletal muscle radiomics (253 features) plus SMI derived from the same CT,classification,classical_ml,LASSO feature selection (5-fold CV) then logistic regression (rad-score + SMI combined model),SMI + 8 skeletal muscle radiomics features (9 nonzero LASSO features),ablation_or_baseline_model,SMI-alone model,"Grade 3-4 acute gastrointestinal toxicity (diarrhea, nausea, vomiting, proctitis; CTCAE v5)",AUC,"Combined model AUC 0.856 (0.782-0.929) training n=115; 0.812 (0.667-0.956) internal validation n=49; 0.745 (0.600-0.890) external/temporal n=50. SMI alone: 0.739, 0.741, 0.697. F1 combined 0.617/0.706/0.667",0.745,0.600,0.890,temporal,"Abstract; Results: Model performance in the training, internal and external validation sets; Fig. 2F",no,,temporal_same_center,performance_metric,"Random 7:3 split (train/internal) of 2017-2019 patients; ""external"" cohort of 2021-2022 from the same institution (temporal); 5-fold CV in training",no,no,research_only,NR,NR,none_stated,National Natural Science Foundation of China (81773357); Shanghai Anticancer Association EYAS Project; Cancer Precision Radiotherapy Spark Program of China International Medical Foundation,none_declared,Skeletal muscle radiomics plus SMI predicted grade 3-4 GI toxicity better than SMI alone (AUC 0.745 vs 0.697 in the later same-center cohort).,"Retrospective design; single institution, multi-institution validation needed; no molecular (UGT1A1) features; manual segmentation; hematologic toxicity model suboptimal",SMI-alone model AUC 0.739/0.741/0.697; hematologic toxicity model had suboptimal discrimination (values not given); decision curve analysis shows net benefit over treat-all/none,no,REV-ALCIDES,ai_assisted_single_reviewer,2026-10-07,complete,"Authors call the 2021-2022 cohort ""external"" but it is from the same institution: coded temporal / temporal_same_center. n_test=49+50=99 derived. Calibration not reported (DCA only).",no,batch-10
REC-AICRCTX-000218,Ju2023,Prediction of Neoadjuvant Chemoradiotherapy Response in Rectal Cancer Patients Using Harmonized Radiomics of Multcenter <sup>18</sup>F-FDG-PET Image.,2023,Cancers (Basel),10.3390/cancers15235662,peer_reviewed,neoadj_pcr_ww,rectum,Rectal cancer,locally_advanced_rectal,"Described as pathologic T-stage III, tumor >2 cm, treated with neoadjuvant CRT; cohort included patients with lymph node or distant metastases",retrospective_cohort,multicenter,Republic of Korea,own_cohort,Internal: KIRAMS (n=116); external: Soonchunhyang University Bucheon Hospital (n=40); pre-treatment 18F-FDG PET/CT,156,patients,Results 3.1 and Table 1 (116 internal + 40 external),40,81,75,neoadjuvant_response,Predict neoadjuvant chemoradiotherapy response (pCR vs non-pCR) before treatment,Neoadjuvant chemoradiotherapy followed by surgery,radiology_imaging,"18F-FDG PET (and CT) from PET/CT; LIFEx radiomics (55 features; first- and second-order), ComBat-harmonized; CNN on PET image slices as secondary model",classification,classical_ml,Random forest on ComBat-harmonized PET radiomic features (AUC-based feature selection; SMOTE); secondary 2D CNN on PET images with augmentation,"PET first- and second-order radiomic features (all features set); variants: CT, PET/CT, first-order only, second-order only",other_ai_model,"CNN deep learning model, and RF without harmonization / CT / PET-CT feature sets",pCR vs non-pCR after neoadjuvant chemoradiotherapy,AUC,"RF PET all features harmonized: external AUC 0.896 (0.562-1), accuracy 0.875 (n=40); internal test PET all AUC 0.76 (acc 0.76, n NR for test); PET first-order harmonized external AUC 0.771 (0.469-0.962) / PET-CT first-order 0.771 (0.429-0.934); PET second-order harmonized 0.583; CNN internal AUC 0.903 (0.856-0.949) imbalanced, 0.835 balanced; CNN external accuracy 0.557 / 0.355",0.896,0.562,1,external,"Table 6 and Results 3.4 / Abstract (RF PET all features, with harmonization, external test)",no,,external_retrospective,performance_metric,Internal 7:3 split of 116 patients; external test in 40 patients from one independent institution; harmonization applied separately to training and test sets,no,no,retrospective_validation,NR,upon_request,none_stated,"National Research Foundation of Korea (NRF) grant, Ministry of Science and ICT (2020M2D9A1094070)",none_declared,"ComBat-harmonized PET radiomics with random forest reached external AUC 0.896 (wide CI, n=40); a CNN on PET images without harmonization failed externally (accuracy 0.557).",Deep learning lacked harmonization and degraded externally; small external cohort; black-box deep learning,"CNN: internal AUC 0.903/0.835, external accuracy 0.557/0.355; RF first-order harmonized 0.771; RF second-order harmonized 0.603; CT harmonized all 0.593; PET/CT all 0.77",no,REV-ALCIDES,ai_assisted_single_reviewer,2026-10-07,complete,"INCONSISTENT: external cohort given as 40 (Table 1: 6 pCR + 34 non-pCR) but text says 6 pCR + 31 non-pCR; table value used. Text also contains unrelated passages (pancreatic cancer in Conclusions, oocyte vitrification in Limitations). Primary model chosen as RF on all harmonized PET features per abstract (""ML signature ... highest accuracy and AUC 0.875/0.896""); alternative headline in abstract is first-order harmonized AUC 0.771. n_train/n_test derived from 7:3 split of 116 (81/35) plus external 40; internal test AUC 0.76 for PET-all from Table 6. SMOTE applied to training data only per methods; feature selection by AUC on internal dataset.",yes,batch-10
REC-AICRCTX-000219,Peng2024,Lipid metabolism-associated genes serve as potential predictive biomarkers in neoadjuvant chemoradiotherapy combined with immunotherapy in rectal cancer.,2024,Transl Oncol,10.1016/j.tranon.2023.101828,peer_reviewed,biomarker_actionable,rectum,Rectal cancer (GEO GSE123390 nCRT cohort; TCGA rectal cancer),NR,NR (stage of GSE123390 patients not reported),bioinformatic_public_data,public_database,NR,public_database,"GEO GSE123390 (28 rectal cancer patients receiving nCRT: 11 responders, 17 non-responders); TCGA rectal cancer (n=162) for prognosis; GTEx, CCLE, TIDE, TISIDB",28,patients,Methods: Data collection (GSE123390 n=28; TCGA n=162 used only for prognostic/immune analyses),28,NR,NA,neoadjuvant_response,"Lipid-metabolism-associated genes (SREBF2) as predictive biomarkers of nCRT response, and in silico potential for nCRT plus immunotherapy",Neoadjuvant chemoradiotherapy (immunotherapy only explored in silico in non-rectal cohorts via TIDE),transcriptomics,Affymetrix gene expression microarray (GSE123390); TCGA RNA-seq,signature_discovery,classical_ml,"Intersection of SVM-RFE (5-fold CV), random forest and LASSO logistic regression to select candidate genes; single-gene ROC analysis",45 differential lipid-metabolism genes; 10 candidate genes; SREBF2 expression,none,,nCRT response (responder vs non-responder),AUC,"SREBF2 AUC 0.92 for nCRT response in GSE123390 (n=28); ten candidates AUC 0.71-0.92; SREBF2 prognostic time-dependent AUC for OS in TCGA 0.542 (1y), 0.697 (3y), 0.645 (5y)",0.92,NR,NR,train,Table 1 (candidate LMAG AUC) and Results: Candidate LMAGs; Fig. 3H,prognostic_association,"High SREBF2 expression associated with favorable OS in TCGA rectal cancer (multivariable HR 0.40, p=0.011); prognostic nomogram",none,NA,Genes selected and AUC computed in the same 28-patient dataset (apparent performance); no independent validation of response prediction,no,no,research_only,NR,upon_request,none_stated,National Natural Science Foundation of China (82003219) and several Chinese provincial/institutional programmes,none_declared,"SREBF2 was the top lipid-metabolism gene for nCRT response (AUC 0.92 in 28 patients, same data used for selection) and was associated with survival and immune infiltration in TCGA.",Small GSE123390 sample without large-cohort validation; value for survival/immunotherapy not verified in rectal cancer clinical samples; largely bioinformatic and requires experimental validation,Prognostic Cox nomogram with SREBF2 and clinical factors (TCGA); TIDE immunotherapy response analysis in non-rectal cohorts,no,REV-ALCIDES,ai_assisted_single_reviewer,2026-10-07,partial,Bioinformatic discovery study; therapeutic_decision coded neoadjuvant_response because the quantified predictive task is nCRT response (immunotherapy component is only in silico on non-rectal cohorts). Stage NR prevents complete. n_train NR (no split; feature selection and ROC in same 28 patients: apparent performance). n_analytic=28 for the response analysis; TCGA 162 used for prognosis only. Data statement: all data available from corresponding author on reasonable request (inputs are public GEO/TCGA).,yes,batch-10
REC-AICRCTX-000222,Chen2024,Prediction of Pathologic Complete Response for Rectal Cancer Based on Pretreatment Factors Using Machine Learning.,2024,Dis Colon Rectum,10.1097/dcr.0000000000003038,peer_reviewed,neoadj_pcr_ww,rectum,Locally advanced rectal cancer (stage II-III) treated with nCRT then TME,locally_advanced_rectal,"Stage II 48.5%, stage III 51.5%; T3 81.9%; N0 39.0%, N1 46.1%",retrospective_cohort,multicenter,United States,public_database,"National Cancer Database (NCDB), diagnosis years 2010-2019",53684,patients,"Results para 1 and Fig. 1 flowsheet (12,302 pCR, 22.9%)",NR,NR,NR,neoadjuvant_response,"Predict pCR from pre-treatment factors for counseling and, after fine-tuning, selection for watch and wait",Neoadjuvant chemoradiation followed by total mesorectal excision,clinical_tabular,"NCDB registry variables: demographic, socioeconomic, tumor stage, CEA, LVI, PNI, MSI, facility (39 variables)",classification,classical_ml,"Gradient boosting (XGBoost; best), random forest, neural network, logistic regression; Bayesian hyperparameter tuning; SHAP","39 pre-treatment variables; concise model with 5 (LVI, CEA, PNI, tumor size, MSI)",other_ai_model,"Random forest, neural network and logistic regression compared with XGBoost",Pathologic complete response (ypT0/x N0/x),AUC,XGB test AUROC 0.777 (0.773-0.781); RF 0.768; NN 0.775; LR 0.684 (0.68-0.688); XGB AUPRC 0.471; 5-variable XGB 0.775 (0.771-0.779); without LVI/PNI XGB 0.660 (0.656-0.665),0.777,0.773,0.781,temporal,Abstract and Results para 2 (XGB full model on 2016-2019 test set),no,,internal_holdout,performance_metric,"Temporal hold-out of 2016-2019 NCDB cases as test set; 2010-2015 split 80/20 with 5-fold CV for training/validation; same registry, no external dataset",no,yes,research_only,yes,NR,none_stated,NIH Program in Translational Medicine T32-CA244125 (to K.A.C.),none_declared,"XGBoost on pre-treatment NCDB variables predicted pCR with test AUROC 0.777 vs 0.684 for logistic regression; LVI, CEA, PNI, tumor size and MSI were key predictors.",Not externally validated; no patients treated non-operatively; inconsistent pathologic staging in NCDB (Tx/Nx); LVI/PNI may come from final pathology and inflate performance; imputation bias,"RF 0.768, NN 0.775, LR 0.684; 5-variable XGB 0.775; excluding LVI/PNI XGB 0.660 vs LR 0.614",no,REV-ALCIDES,ai_assisted_single_reviewer,2026-10-07,complete,"Test/train sizes not reported in text (split by year; 2016-2019 as test). Validation coded internal_holdout (temporal hold-out in same registry; authors state not externally validated). LVI and PNI may derive from final surgical pathology (possible leakage, stated by authors). Code at github.com/gomezlab/colorectal_predictors. NCDB data availability not stated in the text.",no,batch-10
REC-AICRCTX-000226,Li2023,Radiomics Signature Based on Support Vector Machines for the Prediction of Pathological Complete Response to Neoadjuvant Chemoradiotherapy in Locally Advanced Rectal Cancer.,2023,Cancers (Basel),10.3390/cancers15215134,peer_reviewed,neoadj_pcr_ww,rectum,Locally advanced rectal adenocarcinoma,locally_advanced_rectal,"LARC; T2 to T4, N0 to N3 (Table 1); long-course nCRT then TME",retrospective_cohort,single_center,China,own_cohort,"Consecutive LARC patients, Second Affiliated Hospital of Zhejiang University, Oct 2015-Jun 2021",211,patients,Methods 2.1 and Abstract (148 train / 63 validation),63,148,63,neoadjuvant_response,Non-invasive prediction of pCR before nCRT to potentially avoid surgery / watch and wait,Long-course nCRT (IMRT 50-57.5 Gy + capecitabine) then TME,radiology_imaging,"Pretreatment contrast-enhanced planning CT radiomics (851 features, manual GTV); nomogram adds clinical T stage (clinical variable added to an imaging model, not coded multimodal)",classification,classical_ml,"SVM-RFE-derived linear SVM Radscore (also LASSO, RF) combined with T stage in multivariable logistic regression nomogram",851 CT radiomic features reduced to 18 (SVM) + pretreatment T stage,other_ai_model,LASSO- and RF-based Radscores (nomograms AUC 0.825 and 0.815 validation); clinical indicators alone (AUC 0.725 validation); SVM Radscore alone,Pathological complete response (ypT0N0) after nCRT,AUC,Nomogram AUC 0.910 (0.815-0.976) train; 0.866 (0.762-0.970) validation. SVM Radscore AUC 0.880 (0.823-0.946) train; 0.830 (0.722-0.928) validation. LASSO Radscore 0.841/0.806; RF 0.818/0.791. Clinical alone 0.770/0.725,0.866,0.762,0.970,internal_test,Results 3.3 text; Table 3,no,NA - pCR prediction only,internal_holdout,performance_metric,Random 7:3 split of single-center cohort (stratified for pCR rate); 10-fold CV for tuning in training; validation n=63 with 12 pCR,yes,no,research_only,NR,upon_request,none_stated,"National Natural Science Foundation of China (82073142, 82103498, 62103366); Beijing Xisike Clinical Oncology Research Foundation",none_declared,SVM-based Radscore outperformed LASSO and RF; nomogram combining SVM Radscore and T stage reached AUC 0.866 in the internal validation cohort with good calibration and DCA net benefit.,"Few pCR cases (12 in validation), imbalanced data; CT only; pre-CRT images only; single-center retrospective, needs multicenter validation",SVM Radscore alone AUC 0.880 train / 0.830 val; LASSO 0.841/0.806; RF 0.818/0.791; clinical-only 0.770/0.725; LASSO+clinical 0.889/0.825; RF+clinical 0.835/0.815,no,REV-ALCIDES,ai_assisted_single_reviewer,2026-10-07,complete,"Primary model = nomogram (purpose and conclusion anchor on nomogram; title anchors on SVM Radscore, AUC 0.830 validation). Co-primary choice per rule 2a. PDF text duplicated/garbled in places; values taken from Results text. Pathologic N0 included in pCR definition; patient N stage differed between cohorts (p=0.025).",yes,batch-11
REC-AICRCTX-000228,Huang2023,Multiphase and multiparameter MRI-based radiomics for prediction of tumor response to neoadjuvant therapy in locally advanced rectal cancer.,2023,Radiat Oncol,10.1186/s13014-023-02368-4,peer_reviewed,neoadj_pcr_ww,rectum,Locally advanced rectal cancer,locally_advanced_rectal,"AJCC 8th clinical stage II 104, III 418, IV 41 (both centers, Table 1); T2-T4; LN+ 455/563",retrospective_cohort,multicenter,China,own_cohort,"Center 1 (n=453, split 8:2 train/test) and Center 2 (n=110, external); institution names blinded",563,patients,"Results, Clinical characteristics; Table 1 (Model_NoRes_NAT cohort 563; Model_pCR cohort 476)",110,292,184,neoadjuvant_response,Identify pCR after NAT but before surgery to enable organ-/function-preserving strategies (watch-and-wait); also predict non-response before NAT for tailored strategy,"NAT: 5-FU-based chemotherapy with or without concurrent radiotherapy (513 nCRT, 50 chemotherapy alone), then TME",radiology_imaging,"Pre-NAT and post-NAT multiparameter MRI (T2WI, DWI, CE-T1WI) radiomics, manual segmentation, Pyradiomics",classification,classical_ml,"Linear-kernel SVM after t-test, LASSO and recursive-feature-elimination SVM selection (cost-sensitive)",21 radiomic features from pre-NAT plus post-NAT mpMRI (Model_pCR),ablation_or_baseline_model,"Single-phase pre-NAT (AUC 0.66 ext) and post-NAT (0.77 ext) models, and mrTRG model (single-sequence models for Model_NoRes_NAT)",Pathologic complete response (Mandard TRG 1) after NAT,AUC,"Model_pCR AUC 0.86 (0.81-0.91) train; 0.87 (0.76-0.98) internal test; 0.87 (0.78-0.95) external. External: sens 84.0, spec 81.2, PPV 56.8, NPV 94.5, acc 0.82. Model_NoRes_NAT: 0.84/0.81/0.79",0.87,0.78,0.95,external,"Table 2; Results, Performance of multiphase mpMRI model",no,NA,external_retrospective,performance_metric,"Center 1 randomly split 8:2 (train/internal test); Center 2 (n=110, nCRT only) as independent external cohort; single external site",yes,no,retrospective_validation,NR,upon_request,none_stated,"Natural Science Foundation of China (81560283, 81201084); Natural Science Foundation of Guangdong; Nanshan scientific and technological projects",none_declared,"Pre-NAT mpMRI radiomics predicted non-response (AUC 0.79 external) and combined pre/post-NAT mpMRI model identified pCR (AUC 0.87 external), outperforming single-phase and mrTRG models.","Manual segmentation; no non-imaging (clinical, pathology, endoscopy) markers; heterogeneous NAT regimens (50 chemotherapy-only at center 1)","Model_NoRes_NAT (non-response, pre-NAT mpMRI, n=563): AUC 0.84 train, 0.81 (0.70-0.91) test, 0.79 (0.67-0.91) external; single-sequence models T2WI/DWI/CE lower. Pre-NAT-only pCR model 0.69 test / 0.66 ext; post-NAT only 0.83/0.77",no,REV-ALCIDES,ai_assisted_single_reviewer,2026-10-07,complete,Two co-primary models; chose Model_pCR by rule 2b (best external AUC 0.87 vs 0.79; also anchors conclusion with Model_NoRes_NAT). n_test = 74 internal + 110 external. Cohort includes 41 clinical stage IV patients and mixed NAT (nCRT 513 / chemotherapy 50). Mandard TRG1 defines pCR (primary tumor only).,no,batch-11
REC-AICRCTX-000229,Zhou2023,Attention mechanism based multi-sequence MRI fusion improves prediction of response to neoadjuvant chemoradiotherapy in locally advanced rectal cancer.,2023,Radiat Oncol,10.1186/s13014-023-02352-y,peer_reviewed,neoadj_pcr_ww,rectum,Locally advanced rectal cancer,locally_advanced_rectal,"cT2-T4, cN0-N2 (Table 1); treated with nCRT",retrospective_cohort,multicenter,China,own_cohort,"Sixth Affiliated Hospital of Sun Yat-sen University (n=267; 193 train / 74 internal validation) and Zhejiang Cancer Hospital (n=155; external), 2012-2018",422,patients,"Results, Patients (422; 267 SAHSYU + 155 ZCH); internal validation derived: 267-193 = 74",155,193,229,neoadjuvant_response,Pretreatment prediction of response to nCRT (poor responders) for devising personalized treatment plans,"nCRT: infusional fluorouracil/leucovorin with concurrent RT 46-50.4 Gy, then TME",radiology_imaging,"Pretreatment multiparametric MRI (T2w, T1c, ADC); image-based (CNN with SE channel attention) and radiomics-based fusion",classification,deep_learning,"CFDL: shallow CNN with Squeeze-and-Excitation channel attention (3 conv + 2 FC); comparators DL (no SE), CFRS (attention radiomics), RS (ridge regression)","80x80 ROI crops of T2w, T1c, ADC (three-channel input); single largest-slice manual ROI",ablation_or_baseline_model,Same architectures without channel attention (DL; RS ridge radiomics) and radiomics attention model; clinical variables not predictive,Poor response to nCRT (AJCC TRG 2-3 vs TRG 0-1),AUC,"CFDL AUC 0.907 train; 0.898 (0.834-0.964) internal validation; 0.873 (0.806-0.938) external. External accuracy 86.5, sens 91.9, spec 72.1, PPV 89.6, NPV 77.5",0.873,0.806,0.938,external,"Table 2 (external validation, CFDL); Results Model construction and validation",no,NA,external_retrospective,performance_metric,"Developed at SAHSYU (70/30 random split for training/internal validation) and validated at ZCH, single external site with different MRI scanner/field strength",no,yes,retrospective_validation,NR,upon_request,none_stated,"Henan Province research projects; National Natural Science Foundation of China (82302298, 82001765, 82201709); Zhejiang Province Medical and Health Science and Technology Project; Xinxiang Medical University open project",none_declared,"Channel-attention (SE) fusion of multi-sequence MRI improved deep learning and radiomics prediction of poor response to nCRT; CFDL was best (AUC 0.898 internal, 0.873 external) but gains over non-attention models were not statistically significant.","Limited sample size, retrospective; single-slice ROI; more advanced attention methods needed; cohorts differ in outcome rate (55.1% vs 72.3% poor responders), possible bias; different MRI devices; did not swap training/test sites","External AUC: DL 0.837, CFRS 0.832, RS 0.806; internal: DL 0.835, CFRS 0.812, RS 0.757; CFDL+CFRS combination accuracy 85.8 external",no,REV-ALCIDES,ai_assisted_single_reviewer,2026-10-07,complete,"Outcome is poor vs good response (TRG 2-3 vs 0-1), not pCR. Internal-validation n (74) derived. n_test = 74 internal + 155 external.",no,batch-11
REC-AICRCTX-000230,Kato2023,Treatment response prediction of neoadjuvant chemotherapy for rectal cancer by deep learning of colonoscopy images.,2023,Oncol Lett,10.3892/ol.2023.14062,peer_reviewed,neoadj_pcr_ww,rectum,"Advanced rectal cancer (Ra 5, Rb 48)",locally_advanced_rectal,"Patients receiving neoadjuvant chemotherapy for advanced RC (intro: stage II/III); clinical stage not tabulated, pathological T3-4 in about 49%",retrospective_cohort,single_center,Japan,own_cohort,"Osaka University Hospital, Jan 2011-Aug 2019; learning set Jan 2011-Mar 2018, validation set Jun 2018-Aug 2019",406,images,"derived: 322 learning + 84 validation images (Results, Fig 1B); 53 patients (43 learning + 10 validation, Table I)",84,322,84,neoadjuvant_response,Predict response to neoadjuvant chemotherapy before treatment is administered,"Neoadjuvant chemotherapy (CAPOX-type; 1 capecitabine+bevacizumab), no radiotherapy, then TME",endoscopy,Pretreatment white-light colonoscopy images of the rectal tumor (image-level analysis; also a post-treatment image model),classification,deep_learning,"AlexNet CNN (Matlab 2022b), occlusion-based attention maps","Cropped, resized colonoscopy images (322 learning images from 43 patients)",none,Post-treatment image model and combination model only (AUC 0.592),Poor clinical response (RECIST 1.1 SD/PD on MRI) vs good response (PR/CR),AUC,"Validation (84 images, 10 patients): AUC 0.713, sens 77.6 (38/49), spec 62.9 (22/35), PPV 74.5, acc 71.4 (60/84). Learning set AUC 0.990. Post-chemo model AUC 0.592",0.713,NR,NR,temporal,"Results (Fig. 2B, Table III); Abstract",no,NA,temporal_same_center,performance_metric,"Later-period patients from the same hospital (10 patients, 84 images) used as validation set; image-level metrics with several images per patient",no,yes,research_only,NR,upon_request,none_stated,Cross-Ministerial Strategic Innovation Promotion Program Innovative AI Hospital System (SIP-AIH22D03); Japanese Foundation for Research and Promotion of Endoscopy,none_declared,AlexNet on pretreatment colonoscopy images predicted poor response to neoadjuvant chemotherapy with AUC 0.713 in a small temporal validation set; post-treatment images performed worse.,"Single center, small sample, risk of overfitting; no prospective validation; AI sometimes focused on non-tumor areas","Post-chemotherapy image model: sens 40.5, spec 56.1, acc 48.2, AUC 0.592; model excluding targeted-therapy patients: sens 71.4, acc 65.5; combination model sens 20.0, acc 40.0",no,REV-ALCIDES,ai_assisted_single_reviewer,2026-10-07,complete,"INCONSISTENT: abstract reports 403 learning images and specificity 22/33, while Results/Fig 1B give 322 learning images and specificity 22/35 (84 validation images); table values used. Unit of analysis = images (406 derived = 322+84; from 53 patients: 43 learning, 10 validation); metrics are image-level, several images per patient. Outcome is MRI-based clinical response (RECIST), not pathological; primary AUC has no CI. Stage_context coded from advanced RC; clinical stage not tabulated.",no,batch-11
REC-AICRCTX-000236,Peng2023,A multiple-time-scale comparative study for the added value of magnetic resonance imaging-based radiomics in predicting pathological complete response after neoadjuvant chemoradiotherapy in locally advanced rectal cancer.,2023,Front Oncol,10.3389/fonc.2023.1234619,peer_reviewed,neoadj_pcr_ww,rectum,Middle or lower rectal adenocarcinoma,locally_advanced_rectal,cT3-4N0M0 or cTxN1-2M0 (stage II-III) by pretreatment MRI,retrospective_cohort,single_center,China,own_cohort,"National Cancer Center/Cancer Hospital, CAMS and PUMC, Beijing; Jan 2015-Aug 2018; random 7:3 split",165,patients,"Results, Patients (115 training / 50 testing); Abstract",50,115,50,neoadjuvant_response,"Stratify pCR after nCRT to allow less invasive procedures (watch-and-wait, local resection)","Long-course nCRT (45-50.4 Gy + capecitabine; 79 pts) or short-course RT plus chemotherapy (86 pts), then surgery",radiology_imaging,"Pre- and posttreatment T2WI and DWI MRI radiomics (5636 features) plus MRI morphological features (post-treatment MTL, mrTRG) and tumor markers considered",classification,classical_ml,mRMR then LASSO radscore; multivariable logistic regression (backward LR) clinical-radiomics model,Post-treatment radscore (8 T2WI/DWI radiomic features) plus post-treatment maximum tumor length,clinical_model,"Clinical models (pre/post/combined; MTL, mrTRG) and pure radiomic signatures compared by DeLong test: no significant added value of radiomics",Pathological complete response (ypT0N0),AUC,Post-treatment clinical-radiomics: AUC 0.865 (0.782-0.949) train; 0.860 (0.751-0.970) test. Test AUCs: clinical pre/post/combined 0.625/0.842/0.842; radiomic signature 0.734/0.817/0.801; clinical-radiomics 0.734/0.860/0.801,0.860,0.751,0.970,internal_test,"Table 3 (testing set, posttreatment clinical-radiomics model); Results",no,NA,internal_holdout,performance_metric,Random 7:3 split of single-center cohort; 10-fold CV for LASSO tuning; test set 50 patients with 7 pCR,no,no,research_only,NR,upon_request,none_stated,National Natural Science Foundation of China (81971589); Capital Funds for Health Improvement and Research; 2020 SKY Imaging Research Fund; CAMS Innovation Fund for Medical Sciences,One author employed by GE Healthcare; others declare none,"MRI radiomic models predicted pCR reasonably (test AUC up to 0.860) but showed no significant added value over clinical models (MTL, mrTRG) (all DeLong P > 0.05).","Retrospective single-institute with limited sample, selection bias; reproducibility factors (feature repeatability not evaluated); DCE-MRI and ADC not included","See performance_value: pure radiomic signatures test AUC 0.734 (pre), 0.817 (post), 0.801 (combined); clinical models 0.625/0.842/0.842; clinical-radiomics 0.734/0.860/0.801",no,REV-ALCIDES,ai_assisted_single_reviewer,2026-10-07,complete,No declared single main model (comparative study of 9 models). Chose post-treatment clinical-radiomics model as best test AUC (rule 2b); conclusion anchors on radiomic models collectively. Model uses post-nCRT MRI (assessment before surgery). Test set very small (7 pCR).,yes,batch-11
REC-AICRCTX-000239,Tirelli2023,Predictors of Clostridium difficile infection after stoma reversal following TaTME surgery.,2023,Updates Surg,10.1007/s13304-023-01614-4,peer_reviewed,tox_surg,rectum,"Rectal cancer treated by TaTME with diverting stoma, then stoma reversal (114 ileostomy, 12 colostomy closures)",NR,NR (72.2% neoadjuvant therapy; policy: cT3-4a N0 or cN+ get nCRT),retrospective_cohort,single_center,Italy,own_cohort,"Prospectively maintained TaTME database, Fondazione Policlinico Gemelli, Apr 2015-Apr 2023",126,patients,"Results, Patients and CDI; Table 1 (126 selected; 123 analysed in ML after 3 outliers excluded)",99,99,NR,surgical_approach_or_complications,Identify patients at higher risk of CDI/diarrhea after stoma reversal following TaTME; time-to-reversal as modifiable factor,"TaTME with diverting stoma, with or without neoadjuvant CRT and adjuvant chemotherapy; later stoma reversal",clinical_tabular,"Age, sex, BMI, Charlson index, ASA, albumin, neoadjuvant/adjuvant therapy, time to stoma reversal",classification,classical_ml,Naive Bayes (kernel density) final model; decision tree / Random Forest (CART) first model; 80/20 split with 10-fold CV described,"Age, sex, BMI, modified Charlson index, ASA score, albumin, delay of stoma closure, neoadjuvant therapy, adjuvant therapy",other_ai_model,"Decision tree / RF model: accuracy 58%, sensitivity 60%, specificity 25%",Post-operative diarrhea (vs none) after stoma reversal (CDI-positive 6/126 = 4.8%),accuracy,"Naive Bayes: accuracy about 80% on training set (misclassification about 20%). Decision tree/RF: accuracy 58, sensitivity 60, specificity 25 (cohort not stated)",80,NR,NR,train,"Results, Machine learning analysis (text); Table 3",no,NA,none,performance_metric,Naive Bayes accuracy reported on training data; 80/20 random partition with 10-fold CV described in Methods but no test-set metrics reported; no external validation,no,no,research_only,NR,upon_request,none_stated,"None (open access funding by Universita Cattolica del Sacro Cuore, CRUI-CARE)",none_declared,"CDI occurred in 4.8% after stoma reversal; delayed stoma reversal correlated with CDI; ML identified male sex, neoadjuvant/adjuvant therapy and longer delay as associated with diarrhea probability.",Relatively small population; no external validation,"Univariable: delayed reversal correlated with CDI (p=0.01). Naive Bayes probabilities of diarrhea: 80.5% male, 77.8% neoadjuvant, 63.9% adjuvant",no,REV-ALCIDES,ai_assisted_single_reviewer,2026-10-07,partial,"Stage not reported (stage_context=NR, so not complete). Primary model = Naive Bayes (final model, probability output); the first decision tree/RF had accuracy 58%. n_performance 99 = sum of Table 3 observations (63+36) used by Naive Bayes; 3 outliers excluded leaves 123. Outcome is any diarrhea (CDI only 6 cases); focus is mainly univariable association. Text says weeks vs days inconsistently for delay (44.6 vs 68.4).",yes,batch-11
REC-AICRCTX-000241,Ouyang2023,Predicting Rectal Cancer Response to Total Neoadjuvant Treatment Using an Artificial Intelligence Model Based on Magnetic Resonance Imaging and Clinical Data.,2023,Technol Cancer Res Treat,10.1177/15330338231186467,peer_reviewed,neoadj_pcr_ww,rectum,"Locally advanced rectal cancer, distal extension <12 cm from anal verge",locally_advanced_rectal,"Stage II-III; baseline T2-T4b, N0-N2",retrospective_cohort,single_center,China,own_cohort,"West China Hospital, Sichuan University, Jul 2015-Feb 2020; 89 training / 29 testing (random allocation, method not described)",118,patients,"Results, Patient Characteristics; Table 1",29,89,29,neoadjuvant_response,Predict response to total neoadjuvant treatment (TNT) before treatment for individualized regimens,"TNT: concurrent chemoradiotherapy plus at least 4 cycles of CAPOX neoadjuvant chemotherapy, then TME",radiology_imaging,"Baseline T2WI MRI radiomics of tumor, positive lymph nodes and peritumoral region; baseline clinical/laboratory features (50) added to the model (clinical variables added to an imaging model, not coded multimodal per rule 9)",classification,classical_ml,"Logistic regression on 100 handcrafted PyRadiomics features + 50 clinical features, random forest feature selection (also DL model: ResNet34/C3D features integrated with XGBoost)",15 selected handcrafted radiomic and clinical features (Group 1 LR model),other_ai_model,Deep learning model (ResNet34 and C3D features plus clinical classifier integrated by XGBoost): no significant difference vs LR (P=0.18 group 1),Pathological complete response (ypT0N0) vs non-pCR after TNT (Group 1),AUC,"Group 1 LR test AUC 0.866, sens 93.3 (14/15), spec 85.7 (12/14), accuracy 89.66 (26/29); 10x CV mean accuracy 80.92. Group 1 DL: AUC 0.838, acc 79.31, CV acc 79.17. Group 2 (response sensitivity): LR AUC 0.853, DL 0.829",0.866,NR,NR,internal_test,"Table 4; Results, Predictive Performance of Models",no,NA,internal_holdout,performance_metric,"Single-center random split, 29-patient test cohort (15 pCR); additional 10 rounds of cross-validation reported as accuracy",no,no,research_only,NR,NR,none_stated,National Natural Science Foundation of China (82073338); Sichuan Science and Technology Department and Commission; West China Hospital 1-3-5 Project for Disciplines of Excellence,none_declared,"LR and DL models using baseline T2WI radiomics (tumor, lymph nodes, peritumoral region) plus clinical data predicted TNT response with similar AUC 0.83-0.87 in a 29-patient test cohort; pCR grouping better than response-sensitivity grouping.","Retrospective small single-center sample, results hard to reproduce; manual contouring; only T2WI; TNT with mixed modalities not separated; two-stage DL method","Group 1 DL AUC 0.838; Group 2 LR AUC 0.853 (sens 71.4, acc 82.76), Group 2 DL AUC 0.829 (acc 82.76); Group 2 outcome = TRG-based high vs moderate sensitivity",yes,REV-ALCIDES,ai_assisted_single_reviewer,2026-10-07,complete,"Four models (LR/DL x pCR/response-sensitivity group); chose Group 1 LR as best test AUC and the grouping the authors found better (rule 2). Supplement holds MRI parameters, clinical-data definitions and statistical analysis details (not essential for key fields). Table 4 is garbled in extraction; values assigned by column order. No CIs reported.",yes,batch-11
REC-AICRCTX-000242,Jiang2023,A Comprehensive Prediction Model Based on MRI Radiomics and Clinical Factors to Predict Tumor Response After Neoadjuvant Chemoradiotherapy in Rectal Cancer.,2023,Acad Radiol,10.1016/j.acra.2023.04.032,peer_reviewed,neoadj_pcr_ww,rectum,Locally advanced rectal adenocarcinoma,locally_advanced_rectal,Clinical stage locally advanced; T I-II 16/127 vs T III-IV 111/127 (Table 1),retrospective_cohort,multicenter,China,own_cohort,"Two hospitals in Harbin (Second Affiliated Hospital of Harbin Medical University and Harbin Medical University Cancer Hospital), 2012-2020; 445 screened, 127 enrolled; random 8:2 split of pooled data",127,patients,"Methods, Patient Characteristics; Abstract (100 training / 27 test)",27,100,27,neoadjuvant_response,"Pretreatment prediction of tumor regression grade after nCRT to guide individualized treatment (consolidation, modified regimen, watch-and-wait)","nCRT: 50 Gy/25 fractions with capecitabine, CAPOX or oxaliplatin plus 5-FU, then TME",radiology_imaging,"Pretreatment T2WI and DWI MRI radiomics (fusion of both sequences); clinical factors (CEA, CRM, distance from anal verge) added in nomogram (not coded multimodal per rule 9)",classification,classical_ml,"LASSO-selected radiomics features (variance threshold, SelectKBest, LASSO) with logistic regression (chosen over GB, SVM, KNN); clinical-radiomics nomogram","32 fusion radiomic features (Rad-score) plus CRM, DoTD, CEA",clinical_model,Clinical-only model (AUC 0.77 train / 0.83 test) and single-sequence DWI and T2WI radiomics and clinical-radiomics models,Good (Mandard TRG 1-2) vs poor (TRG 3-5) response to nCRT,AUC,"Clinical-radiomics fusion model AUC 0.99 train (0.99-1.00); 0.94 (0.76-0.97) test, accuracy 0.89, sens 0.83, spec 0.93 (test). Fusion radiomics alone AUC 0.99 train / 0.86 test; DWI 0.88/0.78; T2WI 0.91/0.72; clinical 0.77/0.83",0.94,0.76,0.97,internal_test,"Results, Clinical Model and Clinical-Radiomics Models (text); Table 4; Abstract",no,NA,internal_holdout,performance_metric,"Random 8:2 split of pooled two-hospital data (27 test patients: 15 sensitive, 12 resistant); no center-level external validation",yes,no,research_only,NR,NR,none_stated,National Key Research and Development Program of China (2019YFC0118100); National Natural Science Foundation of China (62171167); Postdoctoral Research Foundation of China; Heilongjiang Province Postdoctoral Science Foundation,none_declared,"Fusion T2WI+DWI radiomics combined with clinical factors (CRM, DoTD, CEA) as a nomogram predicted TRG response with test AUC 0.94 versus 0.83 for clinical only, with calibration and DCA benefit.",Retrospective with selection bias; relatively small sample; MRI device and parameter differences between images need standardization,"Train/test AUC: DWI radiomics 0.88/0.78; T2WI 0.91/0.72; fusion 0.99/0.86; clinical 0.77/0.83; clinical-radiomics DWI 0.93/0.87, T2WI 0.96/0.81, fusion 0.99/0.94",no,REV-ALCIDES,ai_assisted_single_reviewer,2026-10-07,complete,"INCONSISTENT: text states response correlated with CEA, CRM and DoTD but later with CEA, CRM and tumor differentiation; abstract names the nomogram inputs as CRM, DoTD, CEA. Table 4 test-set columns are garbled in extraction; fusion clinical-radiomics test AUC 0.94, accuracy 0.89, sens 0.83, spec 0.93 and CI 0.76-0.97 taken from Results text. Two-center origin stated but per-center counts not given; test set very small (n=27) and has imbalance of CRM/N stage vs training. Outcome TRG1-2 as good response, not pCR.",no,batch-11
REC-AICRCTX-000243,Qin2023,Radiomics from Mesorectal Blood Vessels and Lymph Nodes: A Novel Prognostic Predictor for Rectal Cancer with Neoadjuvant Therapy.,2023,Diagnostics (Basel),10.3390/diagnostics13121987,peer_reviewed,neoadj_pcr_ww,rectum,"Locally advanced rectal cancer, <=10 cm from anal verge",locally_advanced_rectal,LARC receiving nCRT; cT3/cT4 (Table 1),retrospective_cohort,single_center,China,own_cohort,"Consecutive LARC patients treated with nCRT 2013-2021, Peking University Third Hospital",209,patients,"Abstract; Section 2.1 and Figure 1 (289 screened, 209 included)",209,167,42,neoadjuvant_response,Predict pathological good response (TRG 0-1) to nCRT before treatment to refine therapeutic strategies (timely/extensive surgery),Neoadjuvant chemoradiotherapy (45-50 Gy/25 fx + capecitabine or XELOX) followed by TME,radiology_imaging,"Pre-nCRT T2WI MRI; manual ROIs: intratumoral plus mesorectal blood vessels + lymph nodes (ROI_MR_BVLN) and fat, peritumoral dilations",classification,classical_ml,LASSO feature selection + logistic regression on radiomics (2264 PyRadiomics features/ROI); 12 models by ROI combination; radscore,"Radiomic features from ROI_ITU + ROI_MR_BVLN (28 features: 15 ITU, 13 BVLN)",ablation_or_baseline_model,"Single-ROI and other ROI-combination models; clinical model (DTAV, PLR) and cli-radscore model","Pathological good response (TRG 0-1, AJCC 8th) vs poor response (TRG 2-3)",AUC,"LR_ITU+MR_BVLN: training AUC 0.936 (0.904-0.972), validation AUC 0.859 (0.745-0.974), sens 78.9%, spec 80.3%, acc 79.4% (Discussion); ITU alone 0.779, MR_BVLN alone 0.758; radscore model 0.913 train/0.884 val; clinical model 0.702/0.618; cli-radscore 0.924/0.873",0.859,0.745,0.974,cross_validation,"Abstract; Table 2 (LR ITU+MR_BVLN, Validation); Discussion para 1",prognostic_association,High radscore associated with longer 5-year DFS (log-rank p=0.029); radscore HR on multivariable Cox in Table 3; median follow-up 42 months,internal_cv,performance_metric,"Random 4:1 train/validation split of the 209 patients (167/42) described, but models were evaluated by stratified five-fold cross-validation with average AUC over the validation folds; no external or temporal validation (stated limitation)",no,no,research_only,NR,NR,none_stated,National Natural Science Foundation of China (81971578; 81901791); Beijing United Imaging Intelligence Technology Research Institute joint platform foundation (H79462-07),none_declared,Combining intratumoral with mesorectal blood vessel + lymph node radiomics gave the best pGR prediction (validation AUC 0.859) and outperformed single-ROI and peritumoral-dilation models; radscore associated with DFS.,Single-center retrospective with possible selection bias (conservatively treated excluded); no external validation; relationship of features to histopathology unclear; manual segmentation variability.,Other ROI models validation AUC 0.689-0.859; clinical model val AUC 0.618; radscore val 0.884; cli-radscore val 0.873; 5-year DFS Cox C-indices in Table 3,no,REV-ALCIDES,ai_assisted_single_reviewer,2026-10-07,complete,"Validation is ambiguous: text describes a 167/42 split (4:1) and also five-fold CV on all 209 with mean validation-fold AUC; coded internal_cv/cross_validation with n_performance=209 and n_train/n_test as the stated split. Data availability statement is ""Not applicable"" (coded NR).",yes,batch-12
REC-AICRCTX-000244,Chiloiro2023,Delta Radiomic Analysis of Mesorectum to Predict Treatment Response and Prognosis in Locally Advanced Rectal Cancer.,2023,Cancers (Basel),10.3390/cancers15123082,peer_reviewed,adjuvant_risk,rectum,Locally advanced rectal cancer,locally_advanced_rectal,LARC treated with nCRT then surgery (clinical stage per Table 1),retrospective_cohort,single_center,Italy,own_cohort,Consecutive LARC patients treated May 2008-Nov 2016 at a single institution (Fondazione Policlinico Gemelli affiliation); pre- and post-nCRT MRI,203,patients,Abstract; Section 3 Results (203 consecutive LARC),NR,NR,NR,treatment_intensification,Early identification of patients at high risk of recurrence (2yDFS) to design RT dose escalation or chemotherapy intensification (Discussion),Neoadjuvant chemoradiotherapy (45-55 Gy + CapOx/capecitabine/5-FU) followed by surgery,radiology_imaging,Pre- and post-nCRT T2 MRI; GTV and mesorectum ROIs; delta radiomics and early regression index (ERI),classification,statistical_model,Logistic regression on features selected by univariate Wilcoxon-Mann-Whitney test and Pearson correlation (authors chose LR over ML for interpretability),"546 radiomic features (273 GTV, 273 mesorectum; pre, post, delta, ERI) plus 19 clinical variables; final 2yDFS model: GTV dissimilarity variation, mesorectal energy pre-nCRT, mesorectal kurtosis post-nCRT",ablation_or_baseline_model,GTV-only versus GTV+mesorectum models; ERI-only model for pCR,2-year disease-free survival (absence of distant metastasis or local recurrence within 2 years of surgery),AUC,"2yDFS (GTV+mesorectum, 3 features): training AUC 0.79 (0.69-0.90), validation AUC 0.70 (0.53-0.86) [Table 2: 79.2 / 69.6; validation sens 90.9, spec 45.5]; pCR (ERI + rlm.glnu GTV post-nCRT): training 0.80 (0.71-0.89), validation 0.69 (0.56-0.81) [Table 2 validation sens 100, spec 44.7]",0.70,0.53,0.86,internal_test,Abstract; Results section (Figure 2); Table 2 (2yDFS validation),prognostic_association,Model target itself is 2yDFS (2yDFS 84.3% at median follow-up 95 months); no stratified survival analysis by predicted class,internal_holdout,performance_metric,Random split 66% training / 33% validation of the same single-center cohort; no external validation (stated),no,no,research_only,NR,upon_request,TRIPOD,No external funding,"Boldrini and Cusumano have research agreements with ViewRay; Valentini received departmental research grants from Varian, ViewRay, Elekta, Merck-Serono, Roche; others none","Delta radiomics adding mesorectal features to GTV features gave modest 2yDFS prediction (validation AUC 0.70) and the pCR model had validation AUC 0.69, mostly driven by ERI.","Retrospective with wide accrual period; lack of EMVI, tumor deposits, mucinous histology and biochemical data; no external validation.","pCR model (ERI + rlm.glnu on post-nCRT GTV): train AUC 0.80, validation 0.69; GTV_ERI alone AUC 0.79 (DeLong p=0.20)",no,REV-ALCIDES,ai_assisted_single_reviewer,2026-10-07,complete,"INCONSISTENT: Discussion states 2yDFS AUC 0.76 train / 0.7 validation vs abstract/results 0.79/0.70; Table 2 gives 79.2/69.6 (table values used). Primary model chosen as 2yDFS per abstract conclusion (rule 2a); pCR model in other_models_outcomes. Exact training/validation sizes not reported (only 66%/33% split), so n_train, n_test, n_performance=NR. TRIPOD cited as followed in methods (""according to TRIPOD""). Therapeutic_decision coded treatment_intensification from the stated use of the model to intensify RT/CHT. Axis in input is adjuvant_risk.",no,batch-12
REC-AICRCTX-000245,Shi2023,Radiomics for the Prediction of Pathological Complete Response to Neoadjuvant Chemoradiation in Locally Advanced Rectal Cancer: A Prospective Observational Trial.,2023,Bioengineering (Basel),10.3390/bioengineering10060634,peer_reviewed,neoadj_pcr_ww,rectum,"Locally advanced rectal cancer (cT3-cT4, no distant metastasis)",locally_advanced_rectal,cT3-cT4 without distant metastasis,prospective_cohort,multicenter,China,multiple,"Retrospective development cohort (n=147, Sir Run Run Shaw Hospital, 2010-2015; 41 pCR/106 non-pCR) plus prospective testing cohort (n=77, two institutions, trial ChiCTR2000029101; 16 pCR/61 non-pCR)",224,patients,Abstract; Figure 1 (147 retrospective + 77 prospective),77,147,77,neoadjuvant_response,Pretreatment prediction of pCR to nCRT for better management of LARC (organ preservation/watch-and-wait mentioned as context),5-FU-based concurrent chemoradiation 45-50 Gy followed by TME 6-8 weeks later,radiology_imaging,"Pretreatment multiparametric MRI (T2w, DWI b0/800, DCE); manual tumor ROIs; 428 PyRadiomics features",classification,classical_ml,"Support vector machine on radiomics features (SMOTE balancing, feature selection with 14 retained); radiomics score = pCR probability; random forest clinical model for comparison","14 selected radiomic features from T2w, DWI and DCE-MRI",clinician_or_expert,Junior (2 yr) and senior radiation oncologist readings with and without radiomics aid; clinical-only random forest model (AUC 0.69),Pathological complete response (TRG 0) vs non-pCR (TRG 1-3),AUC,Prospective test (n=77): radiomics AUC 0.84 (0.70-0.94); clinical model AUC 0.69 (0.62-0.77); radiomics + clinical AUC 0.85 (0.70-0.95); training and retrospective validation AUCs only in Figure 3; reader agreement kappa improved from fair-moderate to good-excellent with model aid,0.84,0.70,0.94,prospective,Abstract; Results 3.1 (Figure 3c),no,Reader study: with model aid junior physician reached performance comparable to senior; no patient outcome or treatment change reported,prospective,performance_metric,"5-fold CV (repeated 5 times) within retrospective cohort; then prospective testing cohort of 77 from two centers (one is the development institution, so only one truly external site)",no,yes,prospective_validation,NR,upon_request,TRIPOD,"Chinese National Natural Science Foundation (81972849); research grant from Varian Medical, Inc.",none_declared,"A pretreatment multiparametric MRI SVM radiomics model reached AUC 0.84 in a prospective test cohort, outperformed a clinical model and unaided readers, and improved reader consistency and junior reader performance.",Limited sample size and possible overfitting; retrospective development with possible bias; protocol-specific scanner (3.0T GE); SMOTE use; need for larger multi-institutional prospective trial.,Clinical random forest AUC 0.69; radiomics+clinical AUC 0.85; reader AUCs/kappas in Figures 4-5 and tables,no,REV-ALCIDES,ai_assisted_single_reviewer,2026-10-07,complete,"Prospective cohort includes the development institution plus one other, so external_multicenter (>=2 external sites) not met; coded prospective. INCONSISTENT: retrospective screened 320 in main text vs 240 in Appendix A (included 147 in both). Training/internal-validation AUCs only in figures (not extracted). Authors state they followed TRIPOD guidance.",no,batch-12
REC-AICRCTX-000246,Wu2023,A multi-class classification algorithm based on hematoxylin-eosin staining for neoadjuvant therapy in rectal cancer: a retrospective study.,2023,PeerJ,10.7717/peerj.15408,peer_reviewed,tox_surg,rectum,Rectal cancer receiving neoadjuvant therapy (pretreatment biopsy H&E),locally_advanced_rectal,Locally advanced rectal cancer treated with NAT (capecitabine or 5-FU + oxaliplatin); cTNM not detailed in text,retrospective_cohort,single_center,China,own_cohort,94 patients treated 2011-2022 at Chongqing University Cancer Hospital; 133 H&E whole-slide images (113 train / 20 test),94,patients,"Methods (94 patients, 133 slides); Table 1",20,113,20,neoadjuvant_response,"Predict three-class NAT response (TRG0, TRG1/2, TRG3) from pretreatment biopsy H&E to stratify response and change chemoradiotherapy regimen early","Neoadjuvant therapy (capecitabine or 5-FU combined with oxaliplatin, with radiotherapy) followed by surgery",digital_pathology,H&E whole-slide images of pretreatment biopsies; 512x512 tiles at 40x and 10x,classification,deep_learning,ResNet-101 (ImageNet-pretrained) with fully connected layers; tile-level then slide-level averaging; Smooth Grad-CAM,"Tumor-region H&E tiles (color-normalized, augmented); n_train/n_test counted in slides (113/20)",none,Internal comparison of 40x versus 10x magnification only,Three-class pathological response (TRG0 vs TRG1/2 vs TRG3),AUC,"40x slide-level test macro-AUC 0.81, micro-AUC 0.74 (Table 2); tile-level test 0.72/0.72; 5-fold CV slide-level macro-AUC 0.76-0.97 (fold 1 = 0.97); 10x slide-level test macro 0.80, micro 0.71; per-class slide-level AUC at 40x: TRG0 0.98, TRG1/2 0.97, TRG3 0.93 (Table 4, cohort not specified); abstract reports AUC 0.97 at 40x and 0.89 at 10x",0.81,NR,NR,internal_test,"Table 2 (40x, slide level, Test row, macro-AUC)",no,NA,internal_holdout,performance_metric,"Random ~4:1 split by slides (113 train/20 test) from one center, 5-fold CV within training; patients contributed 1-2 slides; no external validation",no,yes,research_only,yes,no,none_stated,National Natural Science Foundation of China (61906022); Chongqing Natural Science Foundation; Chongqing University Research Fund; Chongqing Medical Scientific Research project; funders had no role,none_declared,ResNet-101 three-class classifier on pretreatment H&E slides showed higher performance at 40x than 10x; held-out test slide-level macro-AUC 0.81 despite headline AUC 0.97 in the abstract; Grad-CAM implicated tumor cells and TILs.,Single-center data needing cross-center validation; single-scale images (multi-scale fusion may help); relation of features to survival not studied.,"10x model: test slide-level macro-AUC 0.80, micro 0.71; per-class MCC in Table 5",no,REV-ALCIDES,ai_assisted_single_reviewer,2026-10-07,complete,"INCONSISTENT: abstract/text headline AUC 0.97 (slide-level 40x) equals validation fold 1 in Table 2, whereas the held-out test row gives macro-AUC 0.81 and micro 0.74; table test value used (rule 4/15). Split was by slide, not patient, with 1-2 slides per patient (possible patient-level leakage between train and test; test patient count not reported, n_performance=20 slides). 10x abstract AUC 0.89 not found in tables. Axis in input is tox_surg but content is TRG prediction.",yes,batch-12
REC-AICRCTX-000251,Zhang2023,Development and Validation of a Radiomics Model Based on Lymph-Node Regression Grading After Neoadjuvant Chemoradiotherapy in Locally Advanced Rectal Cancer.,2023,Int J Radiat Oncol Biol Phys,10.1016/j.ijrobp.2023.05.027,peer_reviewed,tox_surg,rectum,"Locally advanced rectal adenocarcinoma; pelvic lymph nodes (208 mesorectal, 35 lateral) evaluated",locally_advanced_rectal,"cT3-T4, N1-2, M0",retrospective_cohort,single_center,China,own_cohort,"78 LARC patients treated with nCRT and surgery Jan 2019-Dec 2021 (312 screened), Sichuan Cancer Hospital; 243 histopathology-matched lymph nodes",243,other,Abstract; Results (243 LNs from 78 patients; unit is lymph nodes),70,173,70,organ_preservation_watch_wait,Predict lymph-node response to nCRT to personalize treatment and guide implementation of watch-and-wait,"Long-course nCRT (50.4 Gy/28 fx + capecitabine) plus mFOLFOX6 x4 or CapeOX x3, then surgery after 8-10 weeks",radiology_imaging,"Pre-nCRT high-resolution T2WI MRI of each lymph node (manual ROI, 3641 radiomic features); LN morphologic characteristics read by radiologists added to the nomogram",classification,classical_ml,LASSO radiomics signature (5 features) + multivariable logistic regression nomogram with LN short-axis diameter and border contour,Rad score (5 wavelet/LoG features) + LN short-axis diameter + border contour; radiologist-assessed morphology added to image-derived signature,ablation_or_baseline_model,Radiomics signature alone (val AUC 0.865) and LN morphology model alone (val AUC 0.823),Lymph-node pathologic complete response (LRG 0-1) vs non-pCR (LRG 2-5),AUC,"Nomogram: training AUC 0.925 (0.880-0.969), validation AUC 0.918 (0.854-0.983); radiomics signature 0.908/0.865 (0.757-0.973); LN morphology model 0.757/0.823; Hosmer-Lemeshow P 0.843 train, 0.413 validation",0.918,0.854,0.983,internal_test,"Abstract; Results (Fig 4B,C)",no,NA,internal_holdout,performance_metric,"Random 7:3 split of lymph nodes (173:70) from one center; single institution, no external validation; split at node level so nodes of the same patient may appear in both sets (not stated otherwise)",yes,no,research_only,NR,upon_request,none_stated,Sichuan Science and Technology Program (2021YFG0320); Medical Engineering Innovation Fund for Cancer (ZYGX2021YGCX002); Chengdu Science and Technology Project; Sichuan Cancer Hospital Excellent Youth Foundation Project,none_declared,A nomogram combining a 5-feature nodal radiomics signature with LN morphology predicted lymph-node pathologic response (validation AUC 0.918) with good calibration and the highest net benefit on DCA.,Small single-institution sample; only T2WI; nodes <3 mm may be missed; radiation dose lower than usual for watch-and-wait; limited added value of radiomics over morphology; pre-nCRT MRI only.,Radiomics signature val AUC 0.865; LN morphology model val AUC 0.823,no,REV-ALCIDES,ai_assisted_single_reviewer,2026-10-07,complete,Unit of analysis is lymph nodes (243 from 78 patients); n_unit coded other. Train/validation split performed at the LN level (patient-level separation not stated). Decision coded watch-and-wait from the stated aim; model predicts nodal pCR only. Axis in input is tox_surg.,no,batch-12
REC-AICRCTX-000253,Peng2023,Develop and validate a radiomics space-time model to predict the pathological complete response in patients undergoing neoadjuvant treatment of rectal cancer: an artificial intelligence model study based on machine learning.,2023,BMC Cancer,10.1186/s12885-023-10855-w,peer_reviewed,neoadj_pcr_ww,rectum,Rectal cancer treated with nCRT then TME,locally_advanced_rectal,cT3-4 N0 M0 or cT1-4 N1 M0 (inclusion); T3-4 and N1-2 distributions in Table 1,retrospective_cohort,single_center,China,own_cohort,"83 patients selected from 2332 rectal cancer patients (Jun 2017-Jun 2022), Zhejiang Provincial People's Hospital PACS; 22 pCR / 61 non-pCR",83,patients,Abstract; Methods; Table 1,83,83,NA,neoadjuvant_response,Predict pCR to neoadjuvant therapy to assist individualized management of rectal cancer (watch-and-wait mentioned in introduction),Standard neoadjuvant chemoradiotherapy followed by TME,radiology_imaging,"Pre- and post-nCRT MRI (T2WI, T1WI, DWI, T1+C); tumor VOI; pre, post and delta radiomic features; DIS from MRI report added as a clinical predictor",classification,classical_ml,"Radiomics space-time model (RSTM): logistic regression combined basic model score + distance from anus (DIS), classified with K-nearest neighbor (k=5); SVM and random forest compared; bootstrap x1000","8 radiomic features (2 pre-treatment, 6 delta) combined into a basic-model score plus DIS",ablation_or_baseline_model,"Pre-treatment, post-treatment, delta and combined basic logistic models; SVM and RF classifiers",Pathological complete response (pCR) vs non-pCR,AUC,"RSTM (KNN-5): AUC 0.944, sens 0.864, spec 0.885 (Results; abstract says sens 0.871, spec 0.983); ACC 0.892, kappa 0.726; combined basic model AUC 0.907 (Results; abstract 0.901), sens 0.909, spec 0.803; pre 0.771, post 0.681, delta 0.871",0.944,NR,NR,cross_validation,"Abstract; Results RSTM construction and evaluation (Fig. 5A, Table 4)",no,NA,internal_cv,performance_metric,Bootstrap resampling (1000 repetitions) on the single 83-patient dataset for classifier/hyperparameter selection; no separate hold-out or external cohort (stated limitation); reported AUC appears to be computed on the same 83 patients,no,no,research_only,NR,upon_request,none_stated,Zhejiang Province Public Welfare Technology Application Research Project (LGF21H180013); Zhejiang Provincial Natural Science Foundation (LTGY23H180017),none_declared,"A KNN-based radiomics space-time model combining pre-, post-treatment and delta MRI features plus DIS reached AUC 0.944 for pCR in 83 patients, not significantly different from the combined logistic basic model.",Small sample with possible overfitting (mitigated by bootstrap); no external validation; blurred tumor margins after nCRT may affect segmentation.,"Basic models AUC pre 0.771, post 0.681, delta 0.871, combined 0.907; SVM and RF less accurate than KNN",yes,REV-ALCIDES,ai_assisted_single_reviewer,2026-10-07,complete,"INCONSISTENT: abstract gives RSTM sensitivity 0.871/specificity 0.983 and combined basic AUC 0.901, whereas Results/Table 4 give 0.864/0.885 and 0.907; table/results values used. Model uses post-treatment MRI features (information only available after nCRT), so it is not a purely pretreatment predictor. Bootstrap details and Table S3 are in supplementary materials.",no,batch-12
REC-AICRCTX-000254,Wang2023,Deep learning of endoscopic features for the assessment of neoadjuvant therapy response in locally advanced rectal cancer.,2023,Asian J Surg,10.1016/j.asjsur.2023.03.165,peer_reviewed,neoadj_pcr_ww,rectum,"Locally advanced rectal cancer, post-NAT restaging colonoscopy",locally_advanced_rectal,LARC treated with neoadjuvant chemoradiation followed by TME (cTNM not detailed),retrospective_cohort,multicenter,China,own_cohort,"160 patients Shanghai Changzheng Hospital (primary) + 54 patients Zhejiang Cancer Hospital (external validation), Apr 2014-Aug 2021; 51 pCR (23.8%)",214,patients,"Abstract; Methods (160 + 54 endoscopic images, one per patient)",54,160,54,organ_preservation_watch_wait,Accurate response evaluation to select complete responders after NAT for a watch-and-wait strategy; AI-assisted diagnostic flow diagram proposed,Neoadjuvant chemoradiation followed by waiting interval (colonoscopy 6-16 weeks after NAT) and TME,endoscopy,Post-NAT white-light endoscopic images (one image per patient),classification,deep_learning,ResNet-18 (primary) and DenseNet-121 trained with 5-fold CV on the primary dataset; Grad-CAM-type heatmaps,Post-NAT endoscopic image (224x224),clinician_or_expert,Manual endoscopic assessment by readers (scarring/erythema = good response vs other features) with final decision by another reader,"Complete response vs non-complete response, with pathological complete response (pCR) as reference",AUC,"ResNet-18 external validation: AUC 0.716 (0.653-0.724), acc 0.717, sens 0.750, spec 0.691, F1 0.539; primary dataset (5-fold CV) AUC 0.747 (0.603-0.888); DenseNet-121 validation AUC 0.726 (0.620-0.805), primary 0.714; manual method validation AUC 0.601, sens 0.417, spec 0.786",0.716,0.653,0.724,external,"Table 2 (ResNet-18, validation dataset, AUC); Abstract",no,NA,external_retrospective,performance_metric,5-fold cross-validation in the 160-patient primary dataset; the 5 fold models evaluated on an independent external dataset of 54 patients from another hospital (mean and CI across folds); a single external site,yes,yes,retrospective_validation,NR,NR,none_stated,National Key R&D Program of China (2019YFA0110601); NSFC grants 81571827 and 62102250; STCSM grant 20PJ1408300; funders had no role,none_declared,"ResNet-18 on post-NAT endoscopic images had modest external AUC 0.716, comparable to manual assessment (AUC 0.601) with higher sensitivity (0.750 vs 0.417); a DL-assisted W&W flow diagram was proposed.",Pilot retrospective study with small sample; suboptimal endoscopic image quality; need for larger and more diverse (near complete response) image sets and integration with other assessments.,"DenseNet-121 validation AUC 0.726 (0.620-0.805), acc 0.611, sens 0.750, spec 0.571; manual method AUC 0.601",no,REV-ALCIDES,ai_assisted_single_reviewer,2026-10-07,complete,Primary model = ResNet-18 (abstract headline). The CI 0.653-0.724 reported for ResNet-18 validation AUC is narrow around 0.716 and given as published (mean and CI across 5-fold models). Axis in input is neoadj_pcr_ww. Calibration plots shown (Fig. 3A).,no,batch-12
REC-AICRCTX-000255,Miranda2023,MRI-based radiomic score increased mrTRG accuracy in predicting rectal cancer response to neoadjuvant therapy.,2023,Abdom Radiol (NY),10.1007/s00261-023-03898-x,peer_reviewed,neoadj_pcr_ww,rectum,"Locally advanced rectal adenocarcinoma (mostly mid rectum, 60%)",locally_advanced_rectal,">=cT3 and/or N+ on baseline MRI (22% mrT1-2 with suspicious nodes, EMVI or low location)",retrospective_cohort,single_center,Brazil,own_cohort,"180 of 309 consecutive LARC patients treated with CRT and TME, Jul 2011-Nov 2015 (single comprehensive cancer center); 33 pCR (18%)",180,patients,"Abstract; Methods; Results (training n=125, test n=55)",180,125,55,organ_preservation_watch_wait,Improve reliability of restaging MRI in detecting absence of viable tumor to select candidates for non-operative management,Neoadjuvant 5-FU/leucovorin chemoradiation (50.4 Gy/28 fx) followed by TME,radiology_imaging,Restaging T2WI MRI tumor-bed VOI radiomics (baseline MRI features not retained); combined with radiologist-read ymrTRG score (not counted as second modality),classification,classical_ml,LASSO-selected radiomics score (10 restaging-MRI features) + logistic regression combining high rad-score and ymrTRG 1-2,"10 restaging T2WI radiomic features (rad-score, cut-off > -1.49) and radiologist ymrTRG 1-2 binary",clinician_or_expert,Radiologist consensus ymrTRG 1-2 alone (AUC 0.759); rad-score alone (AUC 0.759),Pathologic complete response (pCR) after CRT and TME,AUC,"Combined high rad-score + ymrTRG 1-2: AUC 0.836 (0.780-0.893), sens 85%, spec 76%, PPV 44%, NPV 96%; rad-score alone 0.759 (0.685-0.831), sens 85%, spec 67%; ymrTRG 1-2 alone 0.759 (0.691-0.828), sens 88%, spec 85%; restaging radiomic model test-set AUC 0.829 (0.703-0.955); baseline-MRI radiomic model AUC 0.571; adjusted OR for pCR 4.85 (2.33-12)",0.836,0.780,0.893,NR,Abstract; Results diagnostic performance paragraph (Table 4),no,NA,internal_holdout,performance_metric,"70/30 random split (125/55) for radiomic model (test AUC 0.829); final rad-score and combined-with-ymrTRG AUCs computed with 10,000 bootstrap replicates on the whole cohort (cutoff chosen by Youden); no external validation",no,no,research_only,NR,NR,none_stated,NIH/NCI Cancer Center Support Grant P30 CA008748 (in part),Horvat received payment from Bayer for a lecture; other authors none,Restaging MRI rad-score matched ymrTRG for pCR (AUC 0.759 each) and combining both raised AUC to 0.836 with adjusted OR 4.85.,Retrospective single-center small sample; manual segmentation; clinical integration needed; DWI not assessed; prospective and multicenter studies needed.,Restaging radiomic model test AUC 0.829 (0.703-0.955); baseline radiomic model AUC 0.571 (0.362-0.781); rad-score alone and ymrTRG alone AUC 0.759,no,REV-ALCIDES,ai_assisted_single_reviewer,2026-10-07,complete,"INCONSISTENT: abstract rad-score AUC 0.758 vs Results 0.759; Discussion gives ymrTRG specificity 64% vs 85% in Results (Results used). Primary model = rad-score + ymrTRG combination (title/conclusion); its AUC is computed on the full cohort (125 training + 55 test), so no pure held-out value for it; performance_cohort set to NR and validation_level reflects the 70/30 split of the radiomic model (alternative coding: none for the combined model). Country not stated (institution masked); Brazil inferred from text (""none conducted in Brazil"") and author affiliations. Ymrtrg is a radiologist-read variable, so not coded multimodal.",yes,batch-12
REC-AICRCTX-000257,Wang2023,MRI-based pre-Radiomics and delta-Radiomics models accurately predict the post-treatment response of rectal adenocarcinoma to neoadjuvant chemoradiotherapy.,2023,Front Oncol,10.3389/fonc.2023.1133008,peer_reviewed,neoadj_pcr_ww,rectum,Mid-low rectal adenocarcinoma (<10 cm from anal verge),locally_advanced_rectal,"LARC cT2-3/cT4, N0/N+, M0 (AJCC 8th); cT4 ~45-62%, N+ ~91%",retrospective_cohort,multicenter,China,own_cohort,"Two hospitals (First Affiliated Hospital of Hebei North University; Fourth Hospital of Hebei Medical University), Oct 2017-Aug 2022",77,patients,Abstract/Sec 2.1; Table 1 (delta-Radiomics: primary N=61 + validation N=16); pre-Radiomics N=84,16,61,16,neoadjuvant_response,Predict post-treatment (pathological TRG) response of LARC to NCRT to facilitate personalized therapy,Long-course neoadjuvant chemoradiotherapy (45-50 Gy + capecitabine) followed by TME,radiology_imaging,Pre- and post-NCRT 3.0T MRI (T1 and T2); delta-radiomics = post minus pre features,classification,classical_ml,XGBoost (feature selection and classifier) with SMOTE oversampling,"105 PyRadiomics 3D features (shape, first-order, texture) from manually segmented tumor on T1+T2; delta-features (post minus pre)",ablation_or_baseline_model,Pre-Radiomics vs delta-Radiomics; T1 vs T2 vs T1+T2; with vs without SMOTE,Good (TRG0-1) vs poor (TRG2-3) pathological response to NCRT,AUC,"Delta-Radiomics (T1+T2, SMOTE): independent validation AUC 0.83 (n=16); 5-fold CV mean AUC 0.96 +/- 0.03; 10-fold 0.95 +/- 0.05; LOO 0.93 +/- 0.06. Pre-Radiomics: validation AUC 0.79; 5-fold 0.93 +/- 0.06; 10-fold 0.92 +/- 0.06; LOO 0.90 +/- 0.07",0.83,NR,NR,temporal,Abstract; Table 3 (test AUC); Sec 2.1,no,NA - no survival or clinical outcomes,temporal_same_center,performance_metric,"Last 16 patients by data collection time used as independent validation cohort (temporal split, from the same two-hospital dataset); plus 5-fold, 10-fold CV and LOO in the remaining cohort",no,yes,research_only,NR,upon_request,none_stated,Medical Science Research Project of Hebei Province (20220028); Natural Science Foundation Project of Hebei Province (H2022405029),none_declared,MRI radiomics XGBoost models predicted NCRT response; delta-Radiomics (validation AUC 0.83) outperformed pre-Radiomics (0.79) in a 16-patient validation set.,Small sample size; retrospective design with no control over data and missing clinical data; lack of large multicenter validation; some residual bias despite data augmentation,"Pre-Radiomics T1+T2 SMOTE model (n=84): validation AUC 0.79; 5-fold CV 0.93; T1 and T2 single-sequence models lower (pre mAUC T1 0.81, T2 0.73, T1+T2 0.89 without SMOTE)",no,REV-ALCIDES,ai_assisted_single_reviewer,2026-10-07,complete,"Pre- and delta-Radiomics are co-primary in title/abstract; delta-Radiomics chosen as principal (conclusion emphasizes it; best AUC, rule 2a/b). Delta model needs post-NCRT MRI, so it informs response assessment after CRT, not pretreatment selection. Validation is a temporal split of 16 patients (two centers pooled), no CI. Data availability: 'included in article/supplementary material; further inquiries to corresponding authors' coded upon_request. Feature importance table = explainability yes. SMOTE applied; unclear whether applied before the CV folds/validation split (not stated).",yes,batch-13
REC-AICRCTX-000259,Hu2023,Automatic treatment outcome prediction with DeepInteg based on multimodal radiological images in rectal cancer.,2023,Heliyon,10.1016/j.heliyon.2023.e13094,peer_reviewed,other,rectum,Locally advanced rectal cancer,locally_advanced_rectal,cT3-4 and/or cN1-2 (stage II-III) per FOWARC,trial_secondary_analysis,NR,China,trial_data,"FOWARC trial (NCT01211210), led by Sixth Affiliated Hospital of Sun Yat-sen University; 99 patients with pre-treatment CT and T2 MRI",99,patients,"Sec 2.1 (99 patients, 850 CT + 850 MRI slices)",33,66,33,neoadjuvant_response,Predict pCR after neoadjuvant treatment to avoid inappropriate treatment and inform wait-and-watch / sphincter-preserving strategies,Neoadjuvant systemic treatment (FOWARC trial regimens) before radical surgery,multimodal,Pre-treatment contrast-enhanced portal-phase CT and T2-weighted MRI fused (channel fusion) as model inputs,segmentation_plus_prediction,deep_learning,DeepInteg: CE-Net segmentation (ResNet encoder pretrained on ImageNet) + dual-channel CNN classifier with frame voting,"Cropped tumor ROI from 2D CT and MRI slices (LoG-filtered), fused",ablation_or_baseline_model,CT-only and MRI-only models; U-Net vs CE-Net for segmentation,pCR (TRG0) vs non-pCR (TRG1-4),AUC,"Fusion CT+MRI 256x256: AUC 0.833 (95% CI 0.660-0.941), accuracy 0.826 (0.713-0.894), specificity 0.856 (0.748-0.943); CT-only AUC 0.780 (0.602-0.905); MRI-only AUC 0.801 (0.623-0.921); segmentation Dice 0.766 (CT) / 0.788 (MRI), mIoU 0.719 / 0.756 (Table 1; abstract text swaps Dice/mIoU between CT and MRI)",0.833,0.660,0.941,internal_test,Abstract; Sec 3.2; Fig 3,no,NA,internal_holdout,performance_metric,Patients randomly split 2:1 into training and validation sets; text also mentions four-fold triple cross-validation for model selection,no,no,research_only,yes,upon_request,none_stated,"National Natural Science Foundation of China (82272965, 81902877), Fujian, Guangdong and Guangzhou science programs, Sun Yat-sen University Sixth Affiliated Hospital programs",none_declared,"Fusing CT and MRI in a segmentation-plus-CNN pipeline predicted pCR with AUC 0.833 in a random validation split, higher than CT- or MRI-alone models.","Small sample and class imbalance (pCR vs non-pCR) with data augmentation possibly unstable; frame voting may be inappropriate (2D, not 3D); no clinical data used",CT-only AUC 0.780; MRI-only AUC 0.801; segmentation CE-Net vs U-Net,no,REV-ALCIDES,ai_assisted_single_reviewer,2026-10-07,complete,Train/validation counts (66/33) and n_performance derived from the stated 2:1 patient split of 99 (derived: 1/3 of 99); the paper does not give exact patient counts and CI width is consistent with ~33 patients. Setting not stated in text (FOWARC led by one hospital) so NR. Dice/mIoU inconsistency between abstract and Table 1/Results text noted; Table 1 values preferred. Code and trained model on GitHub; clinical data on reasonable request.,no,batch-13
REC-AICRCTX-000262,Wen2023,MRI-Based Radiomic Models Outperform Radiologists in Predicting Pathological Complete Response to Neoadjuvant Chemoradiotherapy in Locally Advanced Rectal Cancer.,2023,Acad Radiol,10.1016/j.acra.2022.12.037,peer_reviewed,neoadj_pcr_ww,rectum,Rectal non-mucinous adenocarcinoma,locally_advanced_rectal,"Clinical stage II-III (cT3-4 and/or N+); cT2 in ~2-5%, cT3 ~48-50%, cT4 ~43-47%",retrospective_cohort,single_center,China,own_cohort,"Hunan Cancer Hospital, consecutive surgical patients Jul 2014 - Jun 2018",126,patients,"Abstract; Results (186 screened, 60 excluded, 126 included); Table 1",42,84,42,neoadjuvant_response,Noninvasively predict pCR after nCRT to identify candidates for organ-preserving strategy / guide treatment planning after chemoradiotherapy,Long-course nCRT (45-50 Gy IMRT + capecitabine; some with XELOX/FOLFOX chemotherapy) followed by TME,radiology_imaging,"T2-weighted MRI pre- and post-nCRT (250 radiomic features each, MaZda); nomogram adds pre-nCRT cN stage (clinical variable added to image model; not coded multimodal per rule 9)",classification,classical_ml,"Radiomic scores from five compared ML classifiers (best: Gaussian process for pre- and delta-model, AdaBoost for post-model) combined with cN stage in a multivariable logistic regression nomogram","Pre-nCRT radscore, post-nCRT radscore, pre-nCRT cN stage",clinician_or_expert,"Two senior radiologists' visual mrTRG assessment (pooled AUC 0.614); also single radiomic models (pre, post, delta)",pCR (Dworak TRG4) vs non-pCR (TRG0-3),AUC,"Nomogram: validation AUC 0.852 (0.774-0.930), sens 88.9%, spec 69.7%, acc 73.8% (n=42); training AUC 0.960 (0.936-0.984). Pre radscore val 0.717 / train 0.722; post radscore val 0.805 / train 0.907; delta radscore val 0.724 / train 0.713. Pooled readers AUC 0.614 (0.501-0.718), sens 33.3%, spec 89.4%",0.852,0.774,0.930,internal_test,Abstract; Table 2; Results,no,NA,internal_holdout,performance_metric,Random split of 126 patients into training (84) and validation (42) sets within one center,yes,no,research_only,NR,NR,none_stated,Scientific Research Project of Hunan Provincial Health Commission (20201028); Natural Science Foundation of Hunan (2021JJ70104),NR,A radiomic nomogram combining pre- and post-nCRT MRI radscores with cN stage predicted pCR (validation AUC 0.852) better than single radiomic models and radiologists (AUC 0.614).,"Single-center retrospective (selection bias, limited generalizability); lymph node/mesorectal correlation not possible; only T2WI used; specificity somewhat low; lacked molecular biomarkers","Single radscore models (validation AUC): pre 0.717, post 0.805, delta 0.724; pooled radiologists 0.614",no,REV-ALCIDES,ai_assisted_single_reviewer,2026-10-07,complete,"Nomogram is the model anchoring title/abstract/conclusion, but it requires post-nCRT MRI, so it informs response assessment after chemoradiotherapy rather than pretreatment selection. Decision-curve analysis also reported. COI statement not found in the PDF text (NR). Training data AUC for pre/delta in text matched Table 2.",no,batch-13
REC-AICRCTX-000269,Wang2022,Interpretable machine learning for predicting pathologic complete response in patients treated with chemoradiation therapy for rectal adenocarcinoma.,2022,Front Artif Intell,10.3389/frai.2022.1059033,peer_reviewed,neoadj_pcr_ww,rectum,Rectal adenocarcinoma treated with preoperative chemoradiation,locally_advanced_rectal,"Training: clinical T2 14.4%, T3 77.8%, T4 7.8%; N0 27.8%; M1 7.8%. Test (RTOG 0822): LARC, T3 86.5%, T4 13.5%",retrospective_cohort,multicenter,United States,multiple,Training: University of Pennsylvania patients 2008-2016; independent test: RTOG 0822 phase II trial patients (multi-institutional),217,patients,Methods Dataset; Results/Table 1 (180 training + 37 test),37,180,37,neoadjuvant_response,Predict pCR after nCRT to identify patients for non-operative / watchful-waiting strategy,Preoperative chemoradiotherapy (IMRT/photon or proton; 5-FU/capecitabine +/- oxaliplatin) followed by surgery,radiology_imaging,"Pre-treatment planning CT radiomics and dosiomics from GTV, plus DVH parameters; candidate clinical parameters offered to the model but the five Boruta-selected features were CT shape/texture and bladder Dmax",classification,classical_ml,"Explainable boosting machine (EBM, glass-box GAM); compared with XGBoost, random forest, SVM; Boruta feature selection, SMOTE","Best multi-view set CP+DVH+shape+R_L1+R_L2; Boruta-selected 5 features: GTV elongation, GTV maximum2DDiameterColumn, GTV variance, bladder Dmax, GTV leastAxisLength",other_ai_model,"Black-box models XGB, RF, SVM; single-view vs multi-view input",Pathologic complete response (no viable tumor in primary and regional nodes),AUC,"EBM test (RTOG 0822, n=37) AUC 0.820 (0.680-0.929), sens 0.667, spec 0.774, acc 0.757, F1 0.471, MCC 0.356; EBM training AUC 0.762 (0.760-0.764). Single-view EBM test AUC 0.624. RF 0.828, XGB 0.828, SVM 0.774 (test)",0.820,0.680,0.929,external,Abstract; Table 2,no,NA,external_retrospective,performance_metric,Trained on 180 patients from one institution with 5-fold CV for hyperparameters; tested on 37 patients from the RTOG 0822 multi-institutional trial (number of sites not stated),no,yes,retrospective_validation,yes,upon_request,none_stated,National Cancer Institute grants U24CA180803 (IROC) and U10CA180868 (NRG),none_declared,"Interpretable EBM predicted pCR in an external trial cohort with AUC 0.820, comparable to black-box XGB/RF (0.828), with feature-level turning points (e.g., bladder Dmax >50 Gy, tumor length >80 mm unfavorable).",Small samples in training and test cohorts; class imbalance and few positive cases in the test set; SVM inconsistent trend; feature-category relationships not modelled; only pre-treatment CT used,"Test AUC: RF 0.828 (0.694-0.941), XGB 0.828 (0.694-0.941), SVM 0.774 (0.621-0.906); single-view inputs: EBM 0.624, RF 0.575, SVM 0.522, XGB 0.484",no,REV-ALCIDES,ai_assisted_single_reviewer,2026-10-07,complete,"EBM chosen as principal model (proposed model in title/abstract); it did not have the best test AUC (RF/XGB 0.828). Test cohort is a prospective phase II trial population but the model was applied retrospectively; the paper calls it 'multi-institutional' but site count is not stated, so external_retrospective rather than external_multicenter. Training cohort includes some cT2, N0 and M1 patients (Table 1) although it is described as RC treated with nCRT. Training data AUC CI is very narrow (CV repetition). Code on GitHub is only an example of feature extraction. Training data restricted (data-sharing regulations; request to corresponding author).",no,batch-13
REC-AICRCTX-000271,Xiang2023,MRI-based radiomics to predict neoadjuvant chemoradiotherapy outcomes in locally advanced rectal cancer: A multicenter study.,2023,Clin Transl Radiat Oncol,10.1016/j.ctro.2022.11.009,peer_reviewed,neoadj_pcr_ww,rectum,Locally advanced rectal adenocarcinoma,locally_advanced_rectal,"MRI-confirmed cT3-4 (AJCC 8th), M0; cT3 ~75-78%, cT4 ~22-25%",retrospective_cohort,multicenter,China,own_cohort,"Three tertiary centres, Jan 2012-Jan 2019 (retrospective, 600 patients split 7:3); prospective cohort at centre 1 Jun 2021-Mar 2022 (n=34; ChiCTR2100048015)",634,patients,Abstract; Methods (426 training + 174 testing + 34 prospective),34,426,208,neoadjuvant_response,Predict T downstaging (ypT0-2) after nCRT to select patients for organ-preservation strategies and to identify patients who may benefit from consolidation chemotherapy,"Long-course chemoradiotherapy with capecitabine, with or without fluorouracil-based consolidation chemotherapy, followed by TME",radiology_imaging,"Pre-treatment T2-weighted MRI radiomics (786 features); nomogram adds clinical T stage, CEA and tumour location (clinical variables added to image model; not coded multimodal per rule 9)",classification,classical_ml,Radiomic score from PLS-DA feature reduction + SVM (best of 8 filter-classifier combinations); radiomic-clinical nomogram by logistic regression,"Radiomic score (87 pre-selected features -> 4 PLS components), clinical score (cT stage, serum CEA, tumour location)",ablation_or_baseline_model,Clinical-only model and radiomic-only model versus combined nomogram; seven other filter-classifier combinations,Pathological T downstaging ypT0-2 (from cT3-4),AUC,"Nomogram: prospective AUC 0.727 (n=34); testing AUC 0.809 (0.744-0.873; n=174); training AUC 0.842 (0.806-0.880; n=426). Radiomic model (PLS-DA-SVM): training 0.832, testing 0.763",0.727,NR,NR,prospective,Abstract; Results (Model development and validation); Fig 1; eFigure 4,no,"Stratified interaction analysis of consolidation chemotherapy benefit on ypT0-2 by predicted probability group (>=4 cycles: OR 4.173, 95% CI 0.953-18.276, p=0.058, p-interaction 0.021); no survival outcomes",prospective,performance_metric,Random 7:3 split of 600 retrospective multicentre patients into training/testing; prospective cohort (n=34) recruited later at centre 1 only,yes,no,prospective_validation,NR,NR,none_stated,Beijing Hospitals Authority Ascent Plan (DFL 20220902); Beijing Municipal Science & Technology Commission; Peking University Cancer Hospital foundation; Beijing Natural Science Foundation; Beijing Hospital Authority Clinical Technology Innovation Project; Capital's Funds for Health Improvement and Research; National Natural Science Foundation of China,none_declared,"A pretreatment T2 MRI radiomics-clinical nomogram predicted ypT0-2 (AUC 0.809 testing, 0.727 prospective) and stratified patients by apparent benefit from >=4 cycles of consolidation chemotherapy (exploratory).",Consolidation chemotherapy regimens not specified and few received adequate cycles (4 patients in prospective cohort); ROI delineated by one operator and verified by an expert; only T2WI sequence used,Radiomic-only model (PLS-DA-SVM) AUC 0.832 training / 0.763 testing; clinical-only model also built; 7 other filter-classifier combos in Table 2 (testing AUC 0.722-0.765),no,REV-ALCIDES,ai_assisted_single_reviewer,2026-10-07,complete,Nomogram chosen as principal model (reported in title/abstract conclusions and the only model validated prospectively). n_test = 174 internal testing + 34 prospective. Prospective cohort comes from centre 1 only (same centre as part of training data) and is small (n=34); CI for prospective AUC not reported. Four authors are affiliated with Blot Info & Tech (the radiomics platform company) while COI states none. Radiomic feature scales from eFigures/eTables not available in main text.,no,batch-13
REC-AICRCTX-000279,Bellini2022,Performance of Machine Learning and Texture Analysis for Predicting Response to Neoadjuvant Chemoradiotherapy in Locally Advanced Rectal Cancer with 3T MRI.,2022,Tomography,10.3390/tomography8040173,peer_reviewed,neoadj_pcr_ww,rectum,Locally advanced rectal adenocarcinoma,locally_advanced_rectal,"Stage II (cT3-4 N0 M0) and III (cT1-4 N+ M0); cohort T1 28%, T2 33%, T3 22%, T4 18%; N0 55%",prospective_cohort,single_center,Italy,own_cohort,Consecutive patients prospectively enrolled Jul 2020-Jan 2021 at Sapienza University of Rome (part of a larger AIRC-funded study),40,patients,"Abstract; Sec 3.1 (final cohort 40 patients, 13 pCR, 22 pPR, 5 pNR)",NR,40,NA,neoadjuvant_response,Discriminate a priori patients who will achieve pCR after nChRT (baseline MRI) to select patients for individual therapy / watch-and-wait,Neoadjuvant chemoradiotherapy (45 Gy + boost with oxaliplatin and 5-FU) followed by TME,radiology_imaging,"Pre- and post-nChRT 3T T2-weighted MRI texture analysis (TexRAD histogram features: entropy, kurtosis, skewness, MPP at filters SF0-2); decision tree uses baseline MRI",classification,classical_ml,Weka decision tree combining all texture parameters and filters (specific algorithm not stated),"First-order texture parameters (entropy, kurtosis, skewness, mean of positive pixels) at multiple spatial scale filters, baseline MRI",none,NA,pCR (TRG4) vs pPR/pNR (TRG0-3),NR,"ML decision tree: no quantitative performance reported (text states it classified all pCR patients correctly in the study population; no validation/test performed). Non-ML single texture parameters, pre-treatment: entropy AUC 0.64 (95% CI 0.57-0.71), kurtosis 0.56, MPP 0.57, skewness 0.57; best cut-off kurtosis (SF1) <=3.29 sensitivity 81.5%, specificity 61.5%; SF1 entropy sens 74.1% spec 69.4%",NR,NR,NR,NR,Abstract; Sec 3.2 and Fig 8 (decision tree); Sec 2.7,no,NA - no follow-up available,none,NA,Decision tree built on the full cohort of 40; authors state model testing or validation was not performed; applied informally to a subgroup of the same population with 'promising' accuracy (not quantified),no,no,research_only,NR,no,none_stated,"No funds, grants or other support received (declared); part of larger AIRC-funded study per protocol description",none_declared,"Pre-treatment T2 texture parameters (entropy, kurtosis) differed between pCR and non-pCR; a Weka decision tree combining all parameters was reported to identify pCR patients at baseline MRI, without validation or quantified accuracy.",Small sample; no comparison with DWI/DCE; no standardized TA protocol; TA software not IBSI-compliant; no follow-up; decision tree accurate only in an identical population and needs validation,"Univariable ROC of individual TA parameters (non-ML): pre-treatment entropy AUC 0.64, kurtosis 0.56, MPP 0.57, skewness 0.57; filtered SF1 entropy 0.71, kurtosis 0.63, MPP 0.61; skewness SF2 0.65",no,REV-ALCIDES,ai_assisted_single_reviewer,2026-10-07,partial,"The authors' AI component is the Weka decision tree, but no AUC/sensitivity/specificity is reported for it; the headline numbers in the abstract (kurtosis sens 81.5%/spec 61.5%) belong to univariable ROC on texture parameters, not the ML model, so primary metric coded NR (extraction_status partial). Data statement: data archived at the institutional electronic archive, not shared (coded no). Text of the PDF is partially duplicated/garbled in extraction; values taken from clean passages.",yes,batch-13
REC-AICRCTX-000283,Zhang2023,CT radiomics identifying non-responders to neoadjuvant chemoradiotherapy among patients with locally advanced rectal cancer.,2023,Cancer Med,10.1002/cam4.5086,peer_reviewed,neoadj_pcr_ww,rectum,Locally advanced rectal adenocarcinoma (title/abstract wording 'colorectal' but cohort is rectal),locally_advanced_rectal,"cT3/T4 NxM0; cT3 ~69-80%, cT4 ~20-31%; N+ ~81-87%",retrospective_cohort,single_center,China,own_cohort,"Xiangya Hospital, Central South University; consecutive patients treated with nCRT + TME (Mar 2009 to Mar 2019/2020)",215,patients,Abstract; Fig 1; Sec 3.1 (151 training + 64 validation),64,151,64,neoadjuvant_response,Identify non-responders to nCRT before treatment to assist treatment planning and offer a more effective strategy,Neoadjuvant chemoradiotherapy (46-50 Gy with 5-FU-based chemotherapy) followed by TME,radiology_imaging,Pre-treatment enhanced radiotherapy-planning CT (275 MaZda texture features from largest-diameter slice); model also includes clinicopathological/lab variables and visual radiological traits (clinical variables added to image model; not coded multimodal per rule 9),classification,classical_ml,"Ensemble learning: LASSO feature selection, random forest score and SVM models (SVM1 radiomic, SVM2 clinical/radiological) integrated into an EL model; logistic regression comparator","15 final features: 7 CT radiomic features (histogram, run-length, co-occurrence, wavelet) and 8 clinicopathological features (including age, PLR, serum creatinine, hemoglobin, CT value)",other_ai_model,Logistic regression model built with the same inputs,Non-response to nCRT (AJCC TRG3) vs response (TRG0-2),AUC,"EL model validation AUC 0.8893 (sens 90.48%, spec 86.05%; n=64); training AUC 0.9240 (sens 88.00%, spec 86.14%; n=151). LR model: validation AUC 0.7185 (sens 95.2%, spec 47.5%); training 0.7210 (sens 56.0%, spec 82.35%)",0.889,NR,NR,internal_test,Abstract; Sec 3.3; Fig 4,no,NA,internal_holdout,performance_metric,Random 2:1 split into training (151) and validation (64) cohorts at a single center; same scanner/protocol,yes,no,research_only,NR,upon_request,none_stated,"Natural Science Foundation of Hunan Province (2022JJ30979); Xiangya-Peking University Wei Ming Clinical and Rehabilitation Research Fund (xywm2015I35); China Post-Doctoral Science Foundation (2018M632997, 2022M713536); funders had no role in the study",none_declared,"A pretreatment planning-CT ensemble ML model (radiomics + clinicopathological features) predicted nCRT non-response with validation AUC 0.89, outperforming a logistic regression model (0.72).","Retrospective single-center study with one CT scanner (selection bias, limited generalizability); modest sample size; 2D features from single largest slice","Logistic regression model: training AUC 0.721, validation AUC 0.719",no,REV-ALCIDES,ai_assisted_single_reviewer,2026-10-07,complete,INCONSISTENT: enrollment period given as March 2009-March 2019 in the abstract but March 2009-March 2020 in Methods. Abstract/Results give AUC 0.92/0.89 (0.9240/0.8893 in Sec 3.3). The abstract calls the disease locally advanced 'colorectal' but all cases are rectal LARC. Model includes 8 clinicopathological plus 7 radiomic features; coded radiology_imaging per rule 9 although half of the final inputs are clinical/lab. Outcome 'non-response' defined as TRG3 (minimal response) and not pCR.,no,batch-13
REC-AICRCTX-000284,Wichtmann2022,Are We There Yet? The Value of Deep Learning in a Multicenter Setting for Response Prediction of Locally Advanced Rectal Cancer to Neoadjuvant Chemoradiotherapy.,2022,Diagnostics (Basel),10.3390/diagnostics12071601,peer_reviewed,neoadj_pcr_ww,rectum,Locally advanced rectal cancer,locally_advanced_rectal,"Pre-nCRT MRI cT2-T4 (mostly cT3), N+ in most of the training cohort (CAO-ARO-AIO-12 patients); test cohort cT2 8, cT3 38, N- 25 / N+ 21",retrospective_cohort,multicenter,Germany,multiple,"Training: CAO-ARO-AIO-12 trial MRI data from Centers 1-3 (Frankfurt, Regensburg, Wurzburg; n=72); validation: Center 4a Mannheim (trial, n=11); external test: Center 4b Mannheim clinical routine data 2009-2013 (n=46)",129,patients,"derived: 72 (Centers 1-3) + 11 (Center 4a) + 46 (Center 4b), Table 1; abstract states 83 + 46",46,72,57,neoadjuvant_response,"Predict pCR after nCRT from pre- and post-therapeutic MRI, to identify candidates for a watch-and-wait strategy instead of surgical resection",Neoadjuvant chemoradiotherapy followed by TME (CAO-ARO-AIO-12 trial regimens; routine nCRT in the external set),radiology_imaging,"Pre- and post-nCRT T2-weighted MRI, DWI (b800) and ADC maps; tumor segmented on T2w",segmentation_plus_prediction,deep_learning,"Retrained multitask Siamese network of two U-Nets joined at multiple layers (approach of Jin et al.), five CV models",Pre- and post-therapeutic T2w images (configuration 1) or T2w + DW b800 + ADC maps (configuration 2),ablation_or_baseline_model,T2w-only versus T2w+DWI/ADC input configurations,pCR (Dworak TRG4) vs non-pCR (TRG0-3),AUC,"External test (Center 4b, n=46): T2w+DWI+ADC AUC 0.60 (95% CI 0.48-0.71); T2w only AUC 0.54 (0.41-0.65). Cross-validation (Centers 1-3, 5-fold average): T2w only AUC 0.68 (0.59-0.77); T2w+DWI+ADC AUC 0.43 (0.35-0.52)",0.60,0.48,0.71,external,Abstract; Sec 3.4; Fig 3 and 4,no,NA,external_retrospective,performance_metric,"5-fold CV on Centers 1-3 (68/12/20 split); unseen Center 4a data and an independent clinical-routine dataset (Center 4b, Mannheim, outside training distribution) applied to the five trained networks",no,no,retrospective_validation,NR,no,none_stated,"Data storage service SDS@hd (MWK Baden-Wurttemberg and DFG, INST 35/1314-1 FUGG, INST 35/1503-1 FUGG); DFG grant 428149221",none_declared,"A published multitask DL response-prediction network lost nearly all discrimination in a multicenter setting (external AUC 0.54-0.60), highlighting data heterogeneity and the need for harmonization.","Difficult rigid registration (distortion, T2w-DWI misalignment); fewer inputs than the original model; pre-trained weights not shared by original authors; hyperparameters not optimized; small and heterogeneous dataset (15 scanners)",Configuration comparison: T2w-only external AUC 0.54 and CV AUC 0.68; T2w+DWI+ADC external 0.60 and CV 0.43,no,REV-ALCIDES,ai_assisted_single_reviewer,2026-10-07,complete,"INCONSISTENT: Results text states external-dataset T2w+DWI AUC of 0.68 ('best results') while the abstract and Sec 3.4 give 0.60 (95% CI 0.48-0.71); the 0.60 value, consistent across abstract and results, was used. The two configurations are co-primary; T2w+DWI/ADC chosen as principal (best external AUC, rule 2b, and the abstract's higher value) although T2w-only was better in CV. Center 4a and 4b are both Mannheim; n_test = 11 (Center 4a) + 46 (Center 4b); n_analytic derived from Table 1 (abstract: 83 + 46). Model requires post-nCRT MRI so it informs restaging/watch-and-wait after CRT rather than pretreatment selection. A negative generalizability study.",yes,batch-13
REC-AICRCTX-000288,Lou2022,Deep Learning Model for Predicting the Pathological Complete Response to Neoadjuvant Chemoradiotherapy of Locally Advanced Rectal Cancer.,2022,Front Oncol,10.3389/fonc.2022.807264,peer_reviewed,neoadj_pcr_ww,rectum,Locally advanced rectal adenocarcinoma,locally_advanced_rectal,"Pretreatment T3/T4 and/or N+; no distant metastases; clinical T2-T4, N0-N2 (Table 1)",retrospective_cohort,multicenter,China,own_cohort,"Primary cohort: Sixth Affiliated Hospital of Sun Yat-sen University (295) + Cancer Center of Sun Yat-sen University (488), 2010-2018, random split 85/15 into train/test; external validation: Yunnan Cancer Hospital (102)",885,patients,Methods (Study Cohort) and Table 1: 666 train + 117 test + 102 external = 885; abstract states 842,102,666,219,neoadjuvant_response,Predict pCR to nCRT from pretreatment biopsy H&E to assist clinical treatment decision making before surgery (nCRT choices; watch and wait mentioned in intro),Neoadjuvant chemoradiotherapy (50 Gy + 5-FU-based FOLFIRI/FOLFOX) followed by TME,digital_pathology,"H&E whole-slide images of pretreatment biopsies, tumor regions hand-annotated, 299x299 patches at 20x",classification,deep_learning,"DeepPCR: pretrained ResNet-18 patch features, K-means (6 clusters), multi-instance fully convolutional model, two-layer FC network (multi-instance learning)",Biopsy H&E patches (WSI-level aggregation),ablation_or_baseline_model,"Patch-based individual and combined models (DeepPCR without clustering/MIL) and hematology MLP model (CEA, CA19-9, LDH, lymphocytes, neutrophils)",pCR vs non-pCR (TRG-based) after nCRT,AUC,"External (n=102): AUC 0.723 (0.591-0.844), AUC-PR 0.887, sens 72.5%, spec 62.7%, PPV 75.8%, NPV 53.6% (threshold 0.7); Internal test (n=117): AUC 0.710 (0.595-0.808), AUC-PR 0.875, sens 72.6%, spec 46.9%, PPV 70.4%, NPV 54.0%",0.723,0.591,0.844,external,Results (pCR Candidate Prediction in the External Validation Cohort); Table 2B,no,Multivariate logistic regression showed DeepPCR independent predictor of pCR; no survival/decision outcomes,external_retrospective,performance_metric,"Random 85/15 internal split (two centers pooled) plus one external center (Yunnan Cancer Hospital, n=102)",no,yes,retrospective_validation,NR,upon_request,none_stated,Guangdong Science and Technology Project; Natural Science Foundation of Guangdong Province; National Science Fund for Excellent Young Scholars; Guangdong Natural Science Funds for Distinguished Young Scholars,none_declared,DeepPCR from pretreatment biopsy H&E achieved AUC 0.710 (internal test) and 0.723 (external) for pCR; independent predictor in multivariable analysis; specificity modest (46.9% and 62.7%).,Retrospective design; multicenter prospective study needed; limited biopsy representativeness due to tumor heterogeneity; black-box nature of deep learning,"External AUC: hematology 0.420, patch-individual 0.527, patch-combined 0.599; internal test AUC: hematology 0.403, patch-individual 0.544, patch-combined 0.627",no,REV-ALCIDES,ai_assisted_single_reviewer,2026-10-07,complete,INCONSISTENT: abstract reports 842 patients but cohort description/Table 1 sum to 885 (783 primary + 102 external); used 885. n_test=117 internal + 102 external. Tencent AI Lab co-authors (affiliation) while COI statement declares none.,no,batch-14
REC-AICRCTX-000289,Nardone2022,Ability of Delta Radiomics to Predict a Complete Pathological Response in Patients with Loco-Regional Rectal Cancer Addressed to Neoadjuvant Chemo-Radiation and Surgery.,2022,Cancers (Basel),10.3390/cancers14123004,peer_reviewed,neoadj_pcr_ww,rectum,Loco-regional rectal adenocarcinoma,locally_advanced_rectal,"cT2-cT4, cN0-cN2 (Table 2); localized disease at staging; long-course C-RT then TME",retrospective_cohort,multicenter,Italy,own_cohort,"Three radiation oncology units (2013-2019): training dataset (n=37) and validation datasets 1 (n=33) and 2 (n=30), each with a different MRI vendor/scanner",100,patients,Results 3.1 and Table 2 (37+33+30),30,37,63,neoadjuvant_response,"Predict pCR after C-RT from delta texture analysis of baseline and post-C-RT MRI, to select patients who may benefit from radical surgery or avoid surgery risk",Long-course neoadjuvant capecitabine-based chemoradiation (45 Gy + 9 Gy boost) followed by TME,radiology_imaging,"Pelvic MRI (T2, DWI, ADC) at baseline and 30+/-15 days after C-RT; GTV contouring, LifeX texture features; delta = (T2-T1)/T1",classification,statistical_model,Univariate/multivariate binary logistic regression on delta texture (radiomic) features; final single predictor ADC GLCM Entropy with a cut-off (-0.10) from training,"Delta texture features (GLCM, shape, histogram) from T2, DWI, ADC; sex, age, stage, grading tested",none,NR,"Complete pathological response (TRG 1, Mandard)",AUC,"Training (n=37): AUC 0.87, sens 70%, spec 74%, acc 73%; Validation 1 (n=33): AUC 0.92, sens 100%, spec 66.7%, acc 72.7%; Validation 2 (n=30): AUC 0.88, sens 80%, spec 80%, acc 80% (training cut-off applied; AUCs from logistic regression refitted in each validation set)",0.88,NR,NR,external,Results 3.3; Table 4; Abstract (CI/Table S4 in supplement),no,Follow-up described but no outcome analysis reported,external_multicenter,performance_metric,"Two validation datasets from different institutions/scanners; training cut-off applied for sens/spec/accuracy, but logistic regression was re-run (refit) in each validation set to obtain AUC",no,no,retrospective_validation,NR,upon_request,none_stated,APC funded by Fondazione SIRM,none_declared,"Delta ADC GLCM Entropy predicted pCR with AUC 0.87 (training) and 0.92 and 0.88 in two validation datasets; small pilot (n=100, 21 pCR).",Retrospective nature; need to investigate reproducibility/reliability in other centers and MRI parameters; larger prospective studies with external validation needed,"Other delta features (DWI Volume, T2) tested; ADC GLCM Entropy only feature remaining in multivariate analysis (OR 0.14 training; 0.08 and 0.06 in validation sets)",yes,REV-ALCIDES,ai_assisted_single_reviewer,2026-10-07,complete,"Validation AUC derived from logistic regression refitted in each validation dataset (not a locked model); chose validation 2 (AUC 0.88, n=30) as most demanding/lowest; CI in Supplementary Table S4 not available. Abstract says 21 pCR of 100 (training 10, val1 6, val2 5). Each validation dataset treated as a separate institution (three institutions stated; site-to-dataset mapping not explicit). Delta features require post-C-RT MRI (restaging).",yes,batch-14
REC-AICRCTX-000290,Shahzadi2022,Analysis of MRI and CT-based radiomics features for personalized treatment in locally advanced rectal cancer and external validation of published radiomics models.,2022,Sci Rep,10.1038/s41598-022-13967-8,peer_reviewed,other,rectum,Locally advanced rectal cancer (LARC),locally_advanced_rectal,UICC stage I-IV distribution reported incl. cT2-4 (Table 1); nCRT followed by surgery,retrospective_cohort,multicenter,Germany,own_cohort,"DKTK-ROG multicentre cohort: training = Dresden (94) + Munich (28); validation = Frankfurt (56) + Freiburg (12), 2006-2015",190,patients,Methods (Patient data): 122 training + 68 validation,68,122,68,neoadjuvant_response,"Prognosis of tumour response (TRG) to nCRT and FFDM to support personalized treatment, organ preservation/watch-and-wait in LARC; plus external validation of published radiomics signatures",Neoadjuvant chemoradiotherapy followed by surgery,multimodal,Pre-treatment T2w MRI + treatment-planning CT radiomics (GTV) combined with clinical T stage,classification,classical_ml,"Radiomics signatures: feature stability filtering, clustering, MRMR/MIM/elastic-net/univariate feature selection, multivariable logistic regression (Cox for FFDM); best joint MRI-LoG + CT-LoG + cT signature",LoG-filtered intensity features from MRI and CT plus clinical T stage (also MFO and SOT classes),ablation_or_baseline_model,"Single-modality and feature-class signatures (MFO, SOT, LoG, All) and cT-only clinical model (AUC 0.60); published signatures re-tested in separate validation study",Tumour response to nCRT (Dworak TRG 3-4 responders vs TRG 0-2),AUC,"Joint MRI-LoG + CT-LoG + cT: external validation AUC 0.70 (0.54-0.84), final training AUC 0.72 (0.62-0.80); cT alone 0.60 (0.50-0.70) validation; threshold 0.248 classified 16/21 responders and 20/47 non-responders correctly",0.70,0.54,0.84,external,"Results, Table 2 (joint MRI_LoG + CT_LoG + cT row) and Discussion",prognostic_association,Second endpoint FFDM: CT-based SOT signature C-index 0.69 in validation with significant KM stratification (p<0.01),external_multicenter,performance_metric,"Site-based split: trained on Dresden+Munich, validated on Frankfurt+Freiburg; 33x repeated 3-fold CV in training for feature selection",yes,no,retrospective_validation,NR,upon_request,other,BMBF grant 03WKDB2D (academia-industry cooperation); Open Access by Projekt DEAL,"Several authors disclose research funding from industry (e.g., Merck KGaA, AstraZeneca, Attomol, GA Generic Assays, Lipotype, PolyAn); senior author states no conflict for this paper","In 190 LARC patients, best response model (LoG MRI+CT features + cT) reached external AUC 0.70; only 1 of 11 published T2w-MRI radiomics signatures could be externally validated (Petkovska AUC 0.64).",Retrospective; relatively low patient numbers and class imbalance with wide CIs; limited reproducibility of published radiomics; clinical differences between cohorts,"Response external AUC: MRI LoG 0.66, CT LoG 0.61, SOT features performed poorly in validation, joint MRI+CT similar to MRI; FFDM: CT SOT C-index 0.69, MRI SOT 0.57, CT LoG 0.63. External validation study: 11 published signatures, validated AUCs 0.48-0.64 (pooled data)",no,REV-ALCIDES,ai_assisted_single_reviewer,2026-10-07,complete,"Dual-aim paper (modelling study + external validation of published models); modelling study treated as main per title/abstract and conclusion. Reporting guideline: IBSI cited for radiomics extraction (coded other). Table 2 layout scrambled in text; joint+cT row values read as final training 0.72, validation 0.70 (0.54-0.84), consistent with text AUC 0.70.",no,batch-14
REC-AICRCTX-000291,Horvat2022,Combined artificial intelligence and radiologist model for predicting rectal cancer treatment response from magnetic resonance imaging: an external validation study.,2022,Abdom Radiol (NY),10.1007/s00261-022-03572-8,peer_reviewed,other,rectum,Locally advanced rectal cancer after neoadjuvant treatment (restaging MRI),locally_advanced_rectal,LARC; pathological ypT3 in 45% (MSK) and 52% (ICESP); ypN0 66% and 60%,retrospective_cohort,multicenter,USA; Brazil,own_cohort,"Internal: Memorial Sloan Kettering (n=114, 2012-2016); external: Instituto do Cancer do Estado de Sao Paulo (n=50, 2014-2015)",164,patients,Results (Patient characteristics): 114 MSK + 50 ICESP,50,114,50,organ_preservation_watch_wait,Predict pCR on restaging MRI after neoadjuvant treatment to improve patient selection for non-surgical (watch-and-wait) management,Neoadjuvant treatment (chemoradiation) followed by TME; restaging MRI,radiology_imaging,"Restaging T2W MRI radiomics (tumor bed, manual segmentation) fused by majority vote with radiologist qualitative rCR/rPR call",classification,classical_ml,"Random forest (1000 trees, SMOTE, 5-fold x10 CV) models A (33 texture features) and B (91 features); late-fusion majority vote of model A + model B + radiologist (A+B+R1, A+B+R2)","Radiomic texture (Haralick, Gabor, first-order) and shape/GLRLM/GLSZM/NGTDM features; radiologist label for combined models",clinician_or_expert,Senior (R1) and junior (R2) radiologist qualitative assessment alone,Pathological complete response (pCR) vs pathological partial response,sensitivity_specificity,"External set (n=50, 8 pCR): Model A+B+R2 sens 50% (16-84), spec 93% (81-99), PPV 57%, NPV 91%; A+B+R1 sens 38%, spec 95% (84-99), PPV 60%, NPV 89%; R1 alone sens 38%, spec 98%, PPV 75%, NPV 89%; R2 alone sens 50%, spec 90%, PPV 50%, NPV 90%; Model A AUC 0.79 (0.62-0.96); Model B AUC 0.83 (0.70-0.97); inter-reader kappa 0.25 vs 0.82 with combined model",93,81,99,external,"Table 2 (A+B+R2 specificity), Table 3 (Models A and B AUC), Abstract",no,NR,external_retrospective,performance_metric,"Trained with repeated 5-fold CV on MSK; applied unchanged to held-out single-site external cohort (ICESP, Brazil)",no,yes,retrospective_validation,NR,upon_request,none_stated,NIH/NCI Cancer Center Support Grant P30 CA008748 (in part),none_declared,Combined radiomics + radiologist model improved inter-reader agreement (kappa 0.82 vs 0.25) and slightly raised junior radiologist specificity/PPV/NPV in predicting pCR on restaging MRI; model B AUC 0.83 externally.,Retrospective; small internal and external samples (8 pCR externally); manual segmentation; DWI not included; lymph node response not assessed; lower sensitivity/PPV in external set,"Model A AUC 0.79 (0.62-0.96, sens 50%, spec 93%); Model B AUC 0.83 (0.70-0.97, sens 38%, spec 90%); A vs B P=0.3; histogram harmonization did not change number of robust features",no,REV-ALCIDES,ai_assisted_single_reviewer,2026-10-07,complete,"Primary model choice: title/conclusion anchor on the combined radiomics + radiologist model (A+B+R2, which has no AUC); headline value is its specificity; abstract leads with Model B AUC 0.83 (listed in performance_value). MSK cohort overlaps a previous study by the same group (ref 10). Restaging (post-treatment) MRI so decision coded as organ_preservation_watch_wait (WW named in keywords/discussion). Code stated as to be made available via GitHub (coded NR). Majority vote uses radiologist label as input; modality coded radiology_imaging.",yes,batch-14
REC-AICRCTX-000292,Chen2022,Predicting pathologic complete response in locally advanced rectal cancer patients after neoadjuvant therapy: a machine learning model using XGBoost.,2022,Int J Colorectal Dis,10.1007/s00384-022-04157-z,peer_reviewed,neoadj_pcr_ww,rectum,Locally advanced rectal cancer after neoadjuvant therapy; upper/middle/lower third,locally_advanced_rectal,T3-4/N+ by MRI/CT (eligibility); depth of invasion T3-4 in all tuning-set patients,retrospective_cohort,single_center,China,own_cohort,"Consecutive LARC patients 2010-2020, Sixth Affiliated Hospital of Sun Yat-sen University; 7:3 split into training and tuning sets",962,patients,Results (Patient characteristics) and Table 1: 694 training + 268 tuning,268,694,268,organ_preservation_watch_wait,Predict pCR preoperatively after NAT to triage patients to watch and wait (pCR) versus surgery (non-pCR),Neoadjuvant therapy (chemotherapy +/- long-course 50 Gy or short-course 5x5 Gy radiotherapy) followed by TME,clinical_tabular,"28 structured EMR variables: demographics, MRI-reported tumor findings (depth, size), colonoscopy size, serum markers (CEA, CA125, CA199, CA153, AFP) before/after NAT and their differences, radiotherapy and chemotherapy regimen",classification,classical_ml,"XGBoost (5-fold CV on training set, oversampling/undersampling for imbalance, SHAP for interpretation)",28 clinicopathological variables (see data_modality_detail),ablation_or_baseline_model,"Nomogram from stepwise multivariable logistic regression (preoperative CA125, CEA, CA199, neoadjuvant radiotherapy)",pCR (TRG0 without lymph node metastasis) vs non-pCR,AUC,"Tuning set (n=268): AUC 0.73, sens 71.9%, spec 70.0%; training set (5-fold CV, n=694): AUC 0.95, sens 82.2%, spec 91.6%. Nomogram: training AUC 0.72 (sens 43%, spec 87.1%), tuning AUC 0.69 (sens 55%, spec 78.5%)",0.73,NR,NR,internal_test,Results (ML model building and validation); Table 3,no,NR,internal_holdout,performance_metric,Random 7:3 split into training (with 5-fold CV) and a held-out tuning set from the same center; tuning set differed from training in several variables,no,yes,research_only,NR,NR,none_stated,National Key R&D Program of China; National Natural Science Foundation of China; Guangdong Natural Science Fund for Outstanding Youth Scholars; Sixth Affiliated Hospital of Sun Yat-sen University 1010 Program; National Key Clinical Discipline,none_declared,"XGBoost on 28 clinical variables reached AUC 0.73 in the held-out tuning set (0.95 in training CV), outperforming a logistic nomogram (0.69); SHAP ranked neoadjuvant radiotherapy, preoperative CA125, MRI tumor size and invasion depth highest.","Retrospective selection bias; internal validation within one institution only, external validation needed; single-institution variation; some variables subjective","Nomogram (logistic): C-index/AUC 0.72 training, 0.69 tuning; calibration curve reported for nomogram only",no,REV-ALCIDES,ai_assisted_single_reviewer,2026-10-07,complete,Abstract highlights AUC 0.95 (training CV); held-out tuning set AUC 0.73 used as primary. Training and tuning sets were not comparable on several variables (stated by authors). Neoadjuvant radiotherapy is an input feature. Calibration reported only for the nomogram. No data/code availability statement found. Decision coded W&W triage per abstract/conclusion (axis inherited neoadj_pcr_ww).,no,batch-14
REC-AICRCTX-000293,Chen2022b,"MRI-Based Radiomics Features to Predict Treatment Response to Neoadjuvant Chemotherapy in Locally Advanced Rectal Cancer: A Single Center, Prospective Study.",2022,Front Oncol,10.3389/fonc.2022.801743,peer_reviewed,neoadj_pcr_ww,rectum,Locally advanced rectal cancer (T2N+ or T3/4a Nany; T4b excluded),locally_advanced_rectal,T2 N+ or T3-T4a Nany; no distant metastasis; T3a-T4a on MRI (Table 2),prospective_cohort,single_center,China,own_cohort,"Sun Yat-sen University Cancer Center, patients on a prospective study receiving CapeOx NAC, Apr 2014-Aug 2020 (described as secondary analysis of prospective research data); random split 91/46",137,patients,"Results (Clinical characteristics): 137 patients, training 91 / validation 46",46,91,46,neoadjuvant_response,Predict good response (TRG 1-2) to neoadjuvant chemotherapy to identify patients who could avoid radiotherapy/lower overtreatment,"Neoadjuvant chemotherapy alone (CapeOx, 2-4 cycles) then TME",multimodal,"Baseline T2WI MRI radiomics (intratumor and 5 mm peritumor) + selective clinical features (T stage, CEA, tumor invasion circumference)",classification,classical_ml,"PyRadiomics (1301 features/ROI), Pearson/univariate filtering, LASSO + backward elimination, multivariable logistic regression; combined clinic-radiomics nomogram","Intra- and peritumor radiomic signatures (9 peritumor, 10 intratumor features) plus T stage, CEA, TIC",ablation_or_baseline_model,"Clinical-only models (traditional T/N AUC 0.701; selective clinical AUC 0.596 validation), intratumor-only and peritumor-only radiomics models",Good response to NAC (Mandard TRG 1-2) vs poor (TRG 3-5),AUC,Validation (n=46): combined clinic-radiomics (R1+R2+clinics) AUC 0.871 (0.706-1.000); combined radiomics 0.844 (0.650-1.000); peritumor 0.838; intratumor 0.805; selective clinical 0.596 (0.396-0.796); traditional clinical 0.701 (0.565-0.837); training: combined clinic-radiomics 0.961 (0.922-0.999),0.871,0.706,1.000,internal_test,Table 7; Results (Models Performance); Abstract,no,NR,internal_holdout,performance_metric,Random 91/46 allocation within a single center; no external or temporal validation despite prospective data collection,yes,no,research_only,NR,upon_request,none_stated,Youth Fund Project of Guangdong Basic and Applied Basic Research Fund Regional Joint Fund (2020A1515110939),none_declared,Peritumor and intratumor T2WI radiomics performed similarly (validation AUC 0.838 vs 0.805); combined clinic-radiomics nomogram reached AUC 0.871 vs 0.596 for clinical model.,"Single center, small sample, selection bias; lack of standard image acquisition protocol; peritumor evaluation depends on experienced radiologists (inter-reader variability); no molecular confirmation","Combined selective clinic + intratumor radiomics validation AUC 0.781; clinic + peritumor 0.844 (0.667-1.000, p=0.025 vs clinical)",yes,REV-ALCIDES,ai_assisted_single_reviewer,2026-10-07,complete,"Cohort stated as prospective (title) but described in methods as secondary analysis of prospective data; only random internal split, so validation is internal_holdout/research_only. Treatment is NAC without radiotherapy (not nCRT). Outcome is good response TRG 1-2 (24 patients with complete/near-complete response in abstract; good response rate 16.5% train vs 19.5% validation). Some reported CI for selective clinical validation AUC appears duplicated from training in text. Radiomic feature table and some details in supplement.",no,batch-14
REC-AICRCTX-000294,Mao2022,Pre-Treatment Computed Tomography Radiomics for Predicting the Response to Neoadjuvant Chemoradiation in Locally Advanced Rectal Cancer: A Retrospective Study.,2022,Front Oncol,10.3389/fonc.2022.850774,peer_reviewed,neoadj_pcr_ww,rectum,Locally advanced rectal cancer (distance to anal verge variable),locally_advanced_rectal,LARC receiving nCRT then TME (stage distribution not coded),retrospective_cohort,single_center,China,own_cohort,"Xiangya Hospital, Central South University, consecutive patients Jul 2010-Dec 2018; random 7:3 allocation",216,patients,Results (Patient Characteristics): 216 = 151 training + 65 validation,65,151,65,neoadjuvant_response,"Predict pCR to nCRT from pretreatment CT to guide personalized treatment (e.g., conservative watch and wait vs surgery)",Neoadjuvant chemoradiotherapy (46-50 Gy + capecitabine) with interval CapeOX/FOLFOX6 then TME,multimodal,"Pretreatment contrast-enhanced CT radiomics (MaZda texture, single largest axial slice) + clinical/lab variables (DAV, LMR, CEA)",classification,classical_ml,"LASSO logistic regression for Rad-score (11 features from 340), then multivariable logistic regression combined model/nomogram","Rad-score, distance to anal verge, lymphocyte-to-monocyte ratio, CEA",ablation_or_baseline_model,Radiomics-only model (Model 2) and clinical-only model (Model 3),"Pathological complete response (no viable tumor, ypT0N0)",AUC,"Combined model (Model 1): training AUC 0.926 (0.878-0.974), validation AUC 0.872 (0.777-0.968); radiomics only 0.849 / 0.834 (0.726-0.942); clinical only 0.825 / 0.788 (0.676-0.900)",0.872,0.777,0.968,internal_test,Results (Model Performance); Abstract; Table 3,no,NR,internal_holdout,performance_metric,Random 7:3 allocation within one center; the abstract calls it an independent cohort but it is not external,yes,no,research_only,NR,upon_request,other,National Natural Science Foundation of China (81701847); Natural Science Foundation of Hunan Province; Xiangya-Peking University Wei Ming Clinical and Rehabilitation Research Fund; others (post-doctoral science foundation),"Two authors (PP, HL) employed by GE Healthcare; remaining authors declare none","Combined CT Rad-score + DAV + LMR + CEA model reached AUC 0.926 (training) and 0.872 (random validation split) for pCR, better than radiomics-only (0.834) or clinical-only (0.788).","Retrospective, single institution, modest sample (44 pCR) with overfitting risk; external validation mandatory; differences in imaging protocols; uncontrolled confounders (staging, nodal status, interval to surgery)",Radiomics-only AUC 0.849 train / 0.834 validation; clinical-only 0.825 / 0.788; Rad-score for N status AUC 0.749 (train),no,REV-ALCIDES,ai_assisted_single_reviewer,2026-10-07,complete,"Authors self-assessed with Radiomics Quality Score (RQS 22/36), coded reporting_guideline=other. Model 1 = Rad-score + DAV + LMR + CEA. Two co-authors employed by GE Healthcare (stated in COI).",no,batch-14
REC-AICRCTX-000295,Emons2022,Gene-expression profiles of pretreatment biopsies predict complete response of rectal cancer patients to preoperative chemoradiotherapy.,2022,Br J Cancer,10.1038/s41416-022-01842-2,peer_reviewed,tox_surg,rectum,"Locally advanced rectal cancer, pretreatment biopsies",locally_advanced_rectal,cUICC II/III rectal cancer treated with preoperative CRT,trial_secondary_analysis,multicenter,Germany; Italy,multiple,"CAO/ARO/AIO-94 and -04 trial patients (175; six surgical departments, 2001-2012; 161 for training/test + 14 validation I); public Padua dataset (Millino, GEO, n=38); prospective TransValid A trial (n=24-25, 6 institutions)",237,patients,Methods and Abstract: 175 + 38 + 24; text/figures elsewhere cite 25 TransValid patients and 238 total,24,64,76,neoadjuvant_response,Predict pCR from pretreatment biopsy gene expression to select patients for watch and wait after preoperative CRT,Preoperative chemoradiotherapy (5-FU +/- oxaliplatin) followed by TME,transcriptomics,Agilent 4x44K microarray gene-expression of pretreatment tumor biopsies (21-transcript signature),classification,classical_ml,Support vector machine on 21-transcript signature (feature selection by hill-climbing over 500 random splits); alternative score-based classifier,21 transcripts (quantile-normalised expression),other_ai_model,Five previously published gene-expression signatures re-evaluated (AUC 0.27-0.61 on 161 samples); score-based classifier from same 21 genes,pCR (absence of viable tumour in primary and lymph nodes) vs incomplete response,AUC,"Prospective TransValid A (n=24-25): AUC 0.81, sens 0.4 at FPR=0; independent I (n=14, 4 pCR): AUC 0.7, sens 0.5; independent II Padua (n=38, 8 pCR): AUC 0.76, sens 0.5; all 161 cases: AUC 0.81, sens 0.31 (FPR=0); 4-fold CV on 64 cases: AUC 0.75, sens 0.4",0.81,NR,NR,prospective,Results (21-transcript classifier robustly identifies over 1/3 of patients with pCR in independent datasets); Fig. 2e-f; Abstract,prognostic_association,Classifier score applied to 468 TCGA colon/rectal cases: high scores associated with longer OS (p=0.0007) and DFS (p=0.0002),prospective,performance_metric,"Trained on 64 extreme cases (32 pCR, 32 poor response) from CAO/ARO/AIO trials; applied without retraining to three independent cohorts: 14 trial patients, public Padua cohort (38), and prospectively collected TransValid A samples (multicenter, 6 institutions)",no,no,prospective_validation,NR,yes,none_stated,Deutsche Forschungsgemeinschaft (KFO 179); Intramural Research Program of NIH/NCI; Open Access by Projekt DEAL,none_declared,21-transcript SVM identified roughly one third or more of pCR cases with zero false positives (AUC 0.81 in 161 patients) and held in three independent cohorts including a prospective one; sensitivity at FPR=0 only 0.31-0.5.,SVM dependent on quantile normalisation; TransValid samples processed in small batches (additional bias); training predominantly male (more misclassified women); relatively short follow-up for prognostic analysis,Score-based classifier (no normalisation needed) identified >30% of pCR in independent datasets without false positives; published signatures GS1-GS5 AUC 0.27-0.61 (161) and 0.4-0.74 (38 Padua),yes,REV-ALCIDES,ai_assisted_single_reviewer,2026-10-07,complete,"INCONSISTENT: TransValid A cohort reported as 24 patients (abstract, Methods: 4 pCR + 20 non-pCR) but as 25 specimens with 5 pCR in Results and Figure 2 legends (and 238 total in Fig. 2 legend); used 24 and 237 with AUC 0.81; sens 0.4 corresponds to 2/5. Of the 161 cases used for AUC 0.81, 64 were used for feature selection/training (overlap). AUC CIs not reported. Patient tables and support vectors are in supplement.",yes,batch-14
REC-AICRCTX-000296,Chen2022,Endoscopy-Based Deep Convolutional Neural Network Predicts Response to Neoadjuvant Treatment for Locally Advanced Rectal Cancer.,2022,Front Physiol,10.3389/fphys.2022.880981,peer_reviewed,neoadj_pcr_ww,rectum,"Locally advanced rectal cancer, primary T3-4/N+",locally_advanced_rectal,Pre-treatment T3-4 and/or N+ (cT2 3.7% in training/val table; T3/T4 majority); post-NT restaging endoscopy,retrospective_cohort,single_center,China,own_cohort,"Sixth Affiliated Hospital, Sun Yat-sen University, consecutive patients Apr 2013-Apr 2021 with post-NT restaging endoscopy and surgery",1000,patients,"Abstract; Results Patient Selection (1,000 patients, 6,939 images)",70,930,70,organ_preservation_watch_wait,Identify TRG0 vs non-TRG0 after neoadjuvant therapy to identify surgery candidates and avoid inappropriate wait-and-watch,"Neoadjuvant chemoradiotherapy (long/short course) or neoadjuvant chemotherapy alone, then radical surgery",endoscopy,Post-NT white-light restaging endoscopic images (6-8 weeks after NT); 4-channel input (RGB + edge-enhanced gray),classification,deep_learning,"Modified ResNeSt-50 DCNN (ImageNet pretrained, fine-tuned, label smoothing, class weighting)",Endoscopic images only,clinician_or_expert,Three endoscopists (>3 y experience) on class-balanced subset of 20 test patients (142 images),"TRG0 (complete response, AJCC 8th) vs non-TRG0 on surgical pathology",AUC,"Independent test (n=70 pts): AUROC 0.77 (0.65-0.93), acc 87.14, sens 61.53, spec 92.98, PPV 66.67, NPV 91.37; Validation (random 10% split): AUROC 0.95 (0.92-0.98), acc 92.13; Training: AUROC 0.94 (0.93-0.95), acc 94.21; Reader subset (20 pts): model AUROC 0.85 (0.68-1; Table 4 0.69-1), acc 85; endoscopists AUROC 0.55/0.70/0.65",0.77,0.65,0.93,temporal,"Results text p.5 and Table 2 (independent test set, Nov 2020-Apr 2021)",no,No survival or clinical outcome analysis,temporal_same_center,performance_metric,Random 9:1 patient-level split of Apr 2013-Oct 2020 into training/validation; chronologically later independent test set (Nov 2020-Apr 2021) from same center; reader study on subset of test set,no,yes,research_only,upon_request,upon_request,none_stated,National Key R&D Program of China (2017YFC1308800); NSFC (81970482); Sixth Affiliated Hospital Clinical Research 1010 Program; National Key Clinical Discipline,NR,"DCNN on post-NT endoscopy identified TRG0 with AUROC 0.77 in temporal test set (NPV 91.4%, sens 61.5%) and outperformed three endoscopists on a 20-patient subset (AUROC 0.85 vs 0.55-0.70).","Single-center retrospective (selection bias); only luminal TRG assessed, not nodes/metastasis; no external validation; multimodal model suggested","Endoscopists 1-3 reader study AUROC 0.55, 0.70, 0.65 (Table 4); Fleiss kappa 0.722",yes,REV-ALCIDES,ai_assisted_single_reviewer,2026-10-07,complete,"Image-level analysis (6,939 images) but patient-level n reported. n_train=930 is training+validation combined (split 9:1, individual counts not given). Test cohort is temporal same-center though authors call it external/independent. Decision coded as W&W (stated aim) rather than neoadjuvant_response; no COI statement found; image-preprocessing in supplement. Reader study AUROC CI 0.68-1 in text vs 0.69-1 in Table 4.",no,batch-15
REC-AICRCTX-000297,Filitto2022,Automated Prediction of the Response to Neoadjuvant Chemoradiotherapy in Patients Affected by Rectal Cancer.,2022,Cancers (Basel),10.3390/cancers14092231,peer_reviewed,neoadj_pcr_ww,rectum,"Locally advanced rectal cancer (cT2-T4, 80% N+)",locally_advanced_rectal,"cT2 8%, cT3 77%, cT4 15%; N+ 80% (n=39)",retrospective_cohort,single_center,Italy,own_cohort,"IRCCS Sant'Orsola-Malpighi Polyclinic Bologna, primary-staging T2w MRI, Jan 2018-Dec 2020",43,patients,Methods 2.1 (43 patients for segmentation; 39 for radiomic TRG analysis),39,NR,NR,neoadjuvant_response,Predict pathologic response (TRG) to nCRT from primary staging MRI as decision support for radiologists,Long-course nCRT (50.4 Gy IMRT + capecitabine) then TME,radiology_imaging,"Baseline T2-weighted pelvic MRI (1.5T); automated U-Net tumor segmentation, then Pyradiomics features (100)",segmentation_plus_prediction,hybrid,"2D U-Net (EfficientNetB0 backbone) segmentation; Pyradiomics features; PCA (6 components, 90% variance); support vector classifier",100 radiomic features from automatically segmented tumor ROI (T2w MRI),other_ai_model,"Literature benchmark Li et al. 2021 (manual segmentation, LASSO + LR/RF/DT/KNN, AUC 0.63-0.93), not same data",TRG 0-1 vs TRG 2-3 (AJCC) on surgical pathology,AUC,"TRG prediction, repeated 10-fold CV (500 repeats): AUC 0.89 (Table 4, no CI); class TRG0-1 precision 0.70, recall 0.79, F1 0.74; TRG2-3 precision 0.84, recall 0.77, F1 0.80; MCC 0.55+/-0.09. Segmentation (test 13 pts): DSC 0.73-0.75 (text 0.74)",0.89,NR,NR,cross_validation,Table 4 (AUC 0.89); Table 3 and Results 3.2 (P/R/F1/MCC),no,Pathologic response only,internal_cv,performance_metric,Segmentation: disjoint 30/13 train/test split of patients. TRG classifier: 500 repeats of 10-fold CV on 39 patients (Table 4 labels it leave-one-out); PCA/standardization apparently on full set before CV,no,no,research_only,yes,upon_request,none_stated,No external funding; acknowledgement of EU H2020 GenoMed4All and In Silico World grants,none_declared,Fully automated U-Net + radiomics + SVC pipeline from baseline MRI predicted TRG response in 39 LARC patients with CV AUC 0.89; segmentation DSC 0.74.,Small single-center dataset; limited generalizability; need multicenter validation with larger cohort; only 1 mucinous case; TRG missing for some patients,Segmentation U-Net DSC 0.73-0.75 on 13 test patients (Table 2); comparison with Li et al. AUC 0.63-0.93,no,REV-ALCIDES,ai_assisted_single_reviewer,2026-10-07,complete,"INCONSISTENT: TRG class sizes 16/23 (n=39; Table 1 and Methods) vs Table 3 support 13/19 (n=32); CV described as 10-fold in Methods/Table 3 but leave-one-out in Table 4; AUC 0.89 reported only in Table 4 (Table 3 gives no AUC). Primary model taken as the TRG classifier (title/conclusion); segmentation is the upstream component. Hybrid coded: DL segmentation + handcrafted radiomics + SVC. Feature standardization/PCA before CV (possible leakage, factual). Segmentation weights on GitHub.",yes,batch-15
REC-AICRCTX-000298,Defeudis2022,MRI-based radiomics to predict response in locally advanced rectal cancer: comparison of manual and automatic segmentation on external validation in a multicentre study.,2022,Eur Radiol Exp,10.1186/s41747-022-00272-2,peer_reviewed,other,rectum,Biopsy-confirmed stage II/III locally advanced rectal cancer,locally_advanced_rectal,Stage II/III LARC (T3/T4 or node-positive),retrospective_cohort,multicenter,Italy,own_cohort,"Three Torino-area centres: A Candiolo (n=44), B Mauriziano (n=23) construction; C Citta della Salute (n=28) external validation; Oct 2010-Dec 2018",95,patients,"Methods/Results Patient dataset, Table 2 (95 patients; automatic pipeline excluded 4 construction patients)",28,NR,28,neoadjuvant_response,Predict response to neoadjuvant chemoradiotherapy to select patients for organ-preserving strategies or alternative therapy,"Neoadjuvant chemoradiotherapy (capecitabine/5-FU/CAPEOX/FOLFOX) or radiotherapy alone, then TME",radiology_imaging,Baseline multiparametric MRI (T2w and ADC from DWI); 157 Pyradiomics features; manual vs automatic (FCN) segmentation,classification,classical_ml,"Ranking feature selection (AUC-based, correlation filter) + Gaussian SVM; automatic ROI from fully convolutional network","Radiomic features (ROI volume, GLCM, GLRLM, GLSZM, from T2w and ADC); 27 selected",ablation_or_baseline_model,Manual-segmentation pipeline (Ranking + polynomial SVM) and hybrid train/validate combinations; also several FS x classifier combinations,Responder (Mandard TRG 1-2) vs non-responder (TRG 3-4/5) on surgical pathology,AUC,"Automatic model external centre C (n=28): AUC 0.81 (0.60-0.89), acc 75, sens 80, spec 69, NPV 75, PPV 75; construction (n=63): AUC 0.86 (0.78-0.94), acc 78. Manual model external: AUC 0.61 (0.52-0.74), acc 68 (19/28), sens 60, spec 77; construction AUC 0.90 (0.82-0.97), acc 83. Hybrid Train_MAN+Val_AUTO AUC 0.69 acc 75; Train_AUTO+Val_MAN AUC 0.62 acc 64",0.81,0.6,0.89,external,"Table 4 (automatic, validation set centre C); Table 3 (manual); Results text p.9",no,Pathologic response only,external_retrospective,performance_metric,"Centres A+B randomly split 70/30 (6-fold CV for feature-number selection); one fully external centre C (n=28, different scanner/protocol); one external site so not multicenter-external",no,no,retrospective_validation,NR,upon_request,none_stated,AIRC 5 per Mille 2018 (ID 21091); FPRC 5xmille 2015 Ministero della Salute (STRATEGY),none_declared,Radiomics pipeline had external AUC 0.81 (acc 75%) with automatic vs AUC 0.61 (acc 68%) with manual segmentation; automatic segmentation was at least as effective on external data.,Retrospective; small sample (n=95; validation n=28); 15 excluded for artifacts; many features relative to sample size (overfitting risk); TRG 3 grouped with non-responders,"Manual-segmentation model (Ranking+polynomial SVM) external AUC 0.61, acc 68; hybrid models; other FS+classifier combos in Tables 3-4 (several overfit, AUC 0.99-1.00 in construction)",yes,REV-ALCIDES,ai_assisted_single_reviewer,2026-10-07,complete,"Two co-primary models (manual vs automatic segmentation); chose automatic per rule 2b (best AUC in external cohort 0.81 vs 0.61; automatic ahead on accuracy, sensitivity). Manual model in other_models_outcomes. n_train not stated (construction 67, split 70/30; 63 for automatic). Selected features in supplement. No code statement found.",no,batch-15
REC-AICRCTX-000299,Bonomo2022,Simulation CT-based radiomics for prediction of response after neoadjuvant chemo-radiotherapy in patients with locally advanced rectal cancer.,2022,Radiat Oncol,10.1186/s13014-022-02053-y,peer_reviewed,neoadj_pcr_ww,rectum,"Histologically confirmed locally advanced rectal adenocarcinoma (low 44%, mid 50%, high 5.5%)",locally_advanced_rectal,"UICC stage II/III: cT2N+ 5.5%, cT3N0 20.4%, cT3N+ 63.2%, cT4 10.9%",retrospective_cohort,multicenter,Germany; Italy,own_cohort,"Tubingen (2007-2010; explorative/training, n=126) and Florence (2011-2017; external validation, n=75) planning CTs",201,patients,Abstract and Results (201 patients; 126 TU + 75 FL),75,126,75,neoadjuvant_response,Predict pathologic good response to neoadjuvant chemoradiation from simulation CT radiomics,"Long-course neoadjuvant chemoradiation (TU 50.4 Gy + 5-FU, 62% with hyperthermia; FL 45 Gy + capecitabine) then TME",radiology_imaging,"Radiation-planning (simulation) CT, manually segmented rectal GTV; 1150 IBSI/wavelet radiomic features",classification,classical_ml,Correlated-feature clustering + PCA metafeatures (5-metafeature signature) + 5-nearest neighbour,"5 PCA metafeatures (wavelet GLSZM large zone emphasis, elongation, intensity histogram mean, run-level variance, cluster tendency)",none,"No comparator; other classifiers (SVM, naive Bayes, RF) compared during model selection",Pathologic good response (Dworak TRG 3+4),AUC,External validation Florence (n=75): AUC 0.63; Tubingen explorative (5-fold CV): AUC 0.65 +/- 0.02,0.63,NR,NR,external,Abstract; Results p.4 and Fig. 2,no,Pathologic response only,external_retrospective,performance_metric,"Model selection with 5-fold CV in Tubingen (n=126); fixed model tested on independent Florence cohort (different country, different treatment protocol and period); single external site",no,no,retrospective_validation,NR,upon_request,none_stated,No funding (Open Access via Projekt DEAL),none_declared,A 5-metafeature planning-CT radiomics signature with 5-NN gave fair prediction of good response (AUC 0.65 CV; 0.63 external).,"Small sample; low pCR rate; TRG 3+4 clustered; low CT contrast limits GTV segmentation; signature may be a surrogate of tumour volume; unrecognized confounders (treatment heterogeneity, hyperthermia, waiting time); AUC <0.7",NR,yes,REV-ALCIDES,ai_assisted_single_reviewer,2026-10-07,complete,"Primary metric AUC 0.63 on external cohort has no CI reported. Cohorts differ in treatment (hyperthermia in 62% of TU only, dose/chemo) and surgery interval (6 vs 9 wk); authors state they are balanced otherwise. Authors cite TRIPOD type 3 only as a classification, not as followed. Full radiomics protocol in supplement.",no,batch-15
REC-AICRCTX-000300,Wang2022,Machine learning-based multiparametric MRI radiomics for predicting poor responders after neoadjuvant chemoradiotherapy in rectal Cancer patients.,2022,BMC Cancer,10.1186/s12885-022-09518-z,peer_reviewed,neoadj_pcr_ww,rectum,Locally advanced rectal cancer treated with nCRT then surgery,locally_advanced_rectal,LARC; cTNM not reported in text,retrospective_cohort,single_center,China,own_cohort,"Affiliated Hospital of Qingdao University, MRI Mar 2012-May 2020; training before Dec 2017, validation after",207,patients,"Results Patient characteristics, Table 2 (207 patients; training 129, validation 78)",78,129,78,neoadjuvant_response,Early identification of poor responders (TRG 3-5) after nCRT before surgery to allow patient-tailored surgery (more extensive resection) and treatment,Neoadjuvant chemoradiotherapy followed by surgery,radiology_imaging,"Multiparametric MRI (T2WI, DWI, CE-T1WI; 3.0T GE), 1027 radiomic features; ComBat harmonization tested",classification,classical_ml,"mRMR followed by LASSO feature selection + support vector machine (20 selector x classifier combinations compared: DT, RF, SVM, LR, AdaBoost)","Radiomic features from T2WI, DWI and CE-T1WI (ICC >=0.75 retained)",other_ai_model,19 other feature-selection x classifier combinations; ComBat vs no ComBat,Poor response (Mandard TRG 3-5) vs good response (TRG 1-2) on surgical pathology,AUC,"Validation temporal (n=78): AUC 0.923 (0.862-0.985), F1 88.14, accuracy 91.03, sensitivity 89.60; training AUC 0.945 (0.896-0.994)",0.923,0.862,0.985,temporal,"Table 4 and Results Classifier performance (mRMR+LASSO+SVM, No ComBat); training Table 3",no,Pathologic response only,temporal_same_center,performance_metric,"Chronological split at Dec 2017 within one institution (training n=129, validation n=78); feature selection on training only; best model among 20 chosen by validation performance",no,no,research_only,NR,upon_request,none_stated,Affiliated Hospital of Qingdao University (Open Access Publishing funding program),none_declared,SVM with mRMR-LASSO selection on multiparametric MRI radiomics identified poor responders with AUC 0.923 in a temporal validation cohort; ComBat did not improve performance.,"Retrospective, selection bias (wait-and-see patients excluded); needs data from different scanners/institutions; indistinct tumour margins after nCRT may affect segmentation",Other 19 combinations in Table 4 (validation AUC 0.43-0.89); ComBat models (best mRMR-LASSO SVM 0.887),yes,REV-ALCIDES,ai_assisted_single_reviewer,2026-10-07,complete,Best of 20 models selected by validation-set AUC (optimism possible; factual). Timing of the MRI relative to nCRT is not clearly stated (described as preoperative). Table 2 text extraction garbled; training/validation class counts not used. Selected features in supplement.,no,batch-15
REC-AICRCTX-000301,Boldrini2022,Applicability of a pathological complete response magnetic resonance-based radiomics model for locally advanced rectal cancer in intercontinental cohort.,2022,Radiat Oncol,10.1186/s13014-022-02048-9,peer_reviewed,neoadj_pcr_ww,rectum,"Pathologically proven locally advanced rectal cancer, no distant metastases",locally_advanced_rectal,"External cohort: T2 10.2%, T3 57.6%, T4 32.2%; N0 42.4%, N1 40.7%, N2 16.9%",retrospective_cohort,single_center,China,own_cohort,"Sichuan Cancer Hospital, consecutive patients Mar 2017-Jan 2018 (validation of a model previously developed in Italy, Dinapoli 2018)",59,patients,Abstract and Results (59 patients; Table 2),59,NA,59,neoadjuvant_response,"Early prediction of pCR after nCRT to support tailored treatment, organ preservation or dose intensification","nCRT (long course 50.4 Gy + capecitabine) or short-course RT 5x5 Gy with CapOx, then TME",radiology_imaging,"Baseline T2w staging MRI (1.5T and 3T Siemens), LoG-filtered skewness and entropy; cT and cN added as covariates",classification,statistical_model,Previously published multivariable logistic regression (2 radiomic features + cT + cN) applied without retraining,"Skewness (LoG 0.48), entropy (LoG 0.34), cT, cN",none,Compared to AUC of original external validation (0.75) only,pCR (ypT0N0) vs non-pCR,AUC,"Whole cohort (n=59): AUC 0.83 (0.71-0.96); at fixed original threshold 0.26: accuracy 0.65, specificity 0.64, sensitivity 0.70, NPV 0.91, PPV 0.28; 1.5T subgroup AUC 0.82 (0.61-1.00); 3T subgroup AUC 0.86 (0.70-1.00)",0.83,0.71,0.96,external,Abstract; Results p.4-5; Table 3,no,Pathologic response only,external_retrospective,performance_metric,"Fixed pre-existing model applied to one intercontinental cohort (different country, scanner vendor, field strength and RT schedules); no refitting or recalibration; original study had internal and external validation by the same group",no,no,retrospective_validation,NR,NR,none_stated,Chengdu Science and Technology Project 2021-YF05-01484-SN; Excellent Youth Foundation Project of Sichuan Cancer Hospital YB2021037; Health Commission of Sichuan Province 20PJ112,none_declared,The 4-variable MRI radiomic+clinical pCR model transported to a Chinese cohort with AUC 0.83 (NPV 0.91) but low PPV (0.28) at the original threshold.,"Small sample (59; 10 pCR); no multi-observer segmentation; heterogeneous treatment, scanners and ethnicity; requires prospective validation",Original model internal AUC 0.73 and original external AUC 0.75 (prior publication),no,REV-ALCIDES,ai_assisted_single_reviewer,2026-10-07,complete,"Study is an external validation of a previously developed model (n=162 training in prior paper, not part of this analysis): n_analytic=59, n_train=NA. Logistic regression coded statistical_model; cT/cN added to an imaging model so modality kept radiology_imaging (rule 9). Cohort characteristics differ from original (N stage, RT schedule, scanners). Data availability statement says data are within article/additional files (only confusion matrices), coded NR. Authors use TRIPOD type-4 as an evidence level, not as a reporting guideline.",no,batch-15
REC-AICRCTX-000302,Song2022,MRI radiomics independent of clinical baseline characteristics and neoadjuvant treatment modalities predicts response to neoadjuvant therapy in rectal cancer.,2022,Br J Cancer,10.1038/s41416-022-01786-7,peer_reviewed,neoadj_pcr_ww,rectum,"Locally advanced rectal adenocarcinoma (cT3-4 or N+, no distant metastasis)",locally_advanced_rectal,"AJCC 7th cT3-4 or any T N+; MRI-T3 ~75%, T4 ~21%",retrospective_cohort,multicenter,China,own_cohort,"Four Chinese centres (Peking University Cancer Hospital, Sixth Affiliated Hospital Sun Yat-sen, PUMC Hospital, Tianjin Union Medical Center), Jan 2012-Jan 2019",674,patients,"Methods Patient selection and Results (674 included of 735; TRG0 n=174, TRG1-3 n=500)",674,NR,NR,neoadjuvant_response,Predict complete response to neoadjuvant (chemo)radiotherapy before treatment to identify patients for organ preservation strategies and avoid overtreatment,"Neoadjuvant (chemo)radiotherapy: short-course RT + chemo, long-course CRT, chemo then CRT, CRT then chemo",radiology_imaging,"Pre-treatment T2-weighted 3.0T MRI; 786 radiomic features (HOG, texture, wavelet, statistical), top 30 by PCA; clinical/treatment variables only in CMBR/CTMBR secondary models",classification,classical_ml,PCA (30 components) + support vector machine (MBR signature); decision tree for non-imaging C/CT models,30 PCA-derived radiomic features from T2WI,ablation_or_baseline_model,"Non-imaging C model (CEA, MRI-T stage, histologic grade) and CT model (plus treatment modalities), decision tree; CMBR and CTMBR variants",Complete response (TRG0 by AJCC; includes 29 cCR on wait-and-see with >2 y follow-up) vs TRG1-3,AUC,"MBR 5-fold CV validation AUC 0.7835 (0.6984-0.8686), training 0.9841; CMBR 0.7871 (0.7057-0.8686), training 0.9891; CTMBR 0.7916 (0.7570-0.8263), training 0.9907; C model validation 0.6103 (0.5983-0.6286); CT model 0.6294 (0.6036-0.6552)",0.7835,0.6984,0.8686,cross_validation,Results Evaluation and comparison; Fig. 2c; Table 3,no,Pathologic/clinical complete response only,internal_cv,performance_metric,Random 5-fold cross-validation over the pooled 674 patients from four centres; no centre-held-out or temporal validation; PCA fitted on all 674 patients before CV,yes,no,research_only,upon_request,upon_request,none_stated,"Beijing Municipal Science & Technology Commission; Peking University Cancer Hospital; Beijing Natural Science Foundation; Beijing Hospital Authority; Capital Funds for Health Improvement and Research; NSFC (82073333, 32071156); funders had no role",none_declared,"Pre-treatment T2 MRI radiomics (SVM) predicted complete response with CV AUC 0.78 across four centres, outperforming non-imaging clinical models (AUC 0.61-0.63); adding clinical/treatment variables did not significantly improve.",T2WI only; no central TRG review; methodological variation across studies; need multi-label classification and molecular data; unclear whether response influences later treatment; prospective multicentre validation needed,CMBR AUC 0.7871; CTMBR AUC 0.7916; C model 0.6103; CT model 0.6294 (CV validation),yes,REV-ALCIDES,ai_assisted_single_reviewer,2026-10-07,complete,"Primary = MBR radiomics signature (title/abstract anchor); CMBR/CTMBR statistically similar. Multicentre pooled data but only random 5-fold CV, so internal_cv (not external). PCA reduction applied to all 674 patients prior to CV (possible information leakage, factual). Two authors affiliated with Blot Info & Tech (platform used); COI states none. Validation-set CIs are across folds. Outcome mixes pathologic TRG0 with clinical CR. Per-fold n not given.",no,batch-15
REC-AICRCTX-000304,Thompson2023,Deep Learning-Based Model for Identifying Tumors in Endoscopic Images From Patients With Locally Advanced Rectal Cancer Treated With Total Neoadjuvant Therapy.,2023,Dis Colon Rectum,10.1097/dcr.0000000000002295,peer_reviewed,neoadj_pcr_ww,rectum,"Locally advanced rectal cancer treated with total neoadjuvant therapy (mid-rectum, mean distance from anal verge 6-8 cm)",locally_advanced_rectal,"Clinical T3 74-87%, T4 6-19%, T1-2 4-7%; node positive 74-89%",retrospective_cohort,single_center,United States,own_cohort,"Memorial Sloan Kettering Cancer Center, TNT patients Dec 2012-Jul 2017; endoscopic images before, during, after TNT and follow-up",1392,images,"Abstract and Results (1392 images from 109 patients: 1099 training/82 patients, 293 testing/27 patients)",293,1099,293,organ_preservation_watch_wait,Improve endoscopic identification of tumor presence/absence after TNT to support watch-and-wait selection,Total neoadjuvant therapy: induction FOLFOX/CAPEOX then long-course chemoradiation (or CRT then consolidation chemo),endoscopy,"White-light flexible endoscopy still images (Olympus CF-Q160S), 256x256 patches from brightest region; up to 3 images per time point",classification,deep_learning,"VGG-19 CNN (ImageNet transfer learning, modified layers, 3-fold CV training)",Endoscopic image patches only,none,No direct comparison with surgeons; literature AUROC 0.80-0.88 cited,"Tumor vs no tumor on endoscopic image (labels from surgeon assessment, surgical pathology, or sustained cCR >2 y)",AUC,"Test set (293 images, 27 patients): AUROC 0.83, sensitivity (no tumor) 0.66, specificity (tumor) 0.87, PPV 0.70, NPV 0.85; training 3-fold CV (1099 images): AUROC 0.83, sens 0.78, spec 0.73, PPV 0.70, NPV 0.80; test after removing poor-quality images: AUROC 0.86, sens 0.87, spec 0.72",0.83,NR,NR,internal_test,Abstract; Results p.5-6; Fig. 3,no,Sustained cCR (2-year) used only as reference label; no outcome by predicted class,internal_holdout,performance_metric,"Patient-level split into training (82 patients, 1099 images, 3-fold CV) and testing (27 patients, 293 images) sets at the same center; method of allocating patients to sets not stated; image-level evaluation",no,no,research_only,NR,NR,none_stated,NCI Cancer Center Support Grant P30 CA008748 (in part),"Garcia-Aguilar: honoraria from Medtronic, Johnson & Johnson, Intuitive Surgical","VGG-19 CNN classified tumor vs no tumor on post-TNT endoscopic images with AUROC 0.83 in the held-out set (sens 0.66, spec 0.87); errors clustered in post-TNT and follow-up images.","Pilot; retrospective, single center; small number of images; excluded patients with regrowth or pCR; need larger validation and near-complete response images; interobserver variability not addressed",NR,yes,REV-ALCIDES,ai_assisted_single_reviewer,2026-10-07,complete,"INCONSISTENT: abstract calls the study a prospective pilot, whereas Discussion states it was retrospective and images were collected retrospectively; coded retrospective_cohort. Labels for during/post-TNT images derive from surgeon assessment, pathology or sustained cCR; images from the same patient across time points; per-patient/split unit of analysis is the image. Reference-standard tumor/no-tumor on image is not the same as pCR. Model details in supplement. Sensitivity defined by authors as detection of no tumor.",yes,batch-15
REC-AICRCTX-000308,Tang2022,Local tuning of radiomics-based model for predicting pathological response to neoadjuvant chemoradiotherapy in locally advanced rectal cancer.,2022,BMC Med Imaging,10.1186/s12880-022-00773-x,peer_reviewed,neoadj_pcr_ww,rectum,Locally advanced rectal adenocarcinoma,locally_advanced_rectal,cT3-4N0 or cT1-4N1-2 (AJCC 7th); no distant metastases,retrospective_cohort,single_center,China (Sichuan Cancer Hospital),own_cohort,"88 LARC patients treated at Sichuan Cancer Hospital & Institute, Mar 2017-Dec 2020 (new cohort); reference GLM (Italy-trained) also tested on 59-patient earlier cohort from same institute",88,patients,"Methods Patients; Results Patient characteristics, Table 1",22,66,22,neoadjuvant_response,Early prediction of pCR after nCRT in LARC (to identify candidates for less/no surgery),"Neoadjuvant chemoradiotherapy (short course 5x5 Gy or long course 50.4 Gy + capecitabine) then Capoex, TME",radiology_imaging,"Pretreatment 3T axial T2w MRI, manual GTV; LoG-filtered radiomics; age added as clinical feature (one of 8 selected)",classification,classical_ml,LASSO logistic regression (5-fold CV lambda) on Mann-Whitney-screened radiomics features; Rad-score,"1643 LoG-filtered radiomics features (statistical, morphological, GLCM, GLRLM, GLSZM) + cT, cN, age; final 7 radiomics + age",ablation_or_baseline_model,"Reference GLM (cT, cN, skewness, entropy; previously developed) AUC 0.831 original cohort and 0.828 new cohort",pCR (Mandard TRG1) vs non-pCR,AUC,"Enhanced LASSO: train AUC 0.926 (95% CI 0.859-0.993); validation (25% hold-out) AUC 0.926 (0.767-1.00). Reference GLM: 0.831 (0.701-0.961) original cohort (n=59), 0.828 (0.700-0.956) new cohort (n=88)",0.926,0.767,1.00,internal_test,Abstract; Results Performance comparison; Fig 4B,no,NR,internal_holdout,performance_metric,"Enhanced model: random 75/25 split of the 88-patient single-center cohort (split described as ""according to their demographic""); 5-fold CV for lambda; bootstrap CIs. Reference GLM was externally applied to the new cohort but it is not the headline model.",no,no,research_only,no,upon_request,none_stated,Sichuan Province Science and Technology Support Program (21RCYJ0022); Sichuan Cancer Hospital Youth Project (YB2021032),none_declared,"Previously trained GLM reproduced AUC ~0.83 in new 3T cohort; locally tuned LASSO model reached AUC 0.926 in 25% hold-out (wide CI), proposed as candidate for clinical practice.",Small sample relative to number of predictors; only T2w MRI used (DWI etc. could improve).,Reference GLM AUC 0.831 and 0.828 (see performance_value); training AUC enhanced 0.926,no,REV-ALCIDES,ai_assisted_single_reviewer,2026-10-07,complete,Main model = enhanced LASSO (anchors title/conclusion). n_train/n_test/n_performance derived: 75%/25% of 88 (66/22); exact split counts not reported (n_source derived: 75/25 of 88). pCR events 12 of 88; events in the 22 hold-out not reported. Original 59-patient cohort overlaps with earlier reference-model validation (same institute) and is not counted in n_analytic. Applicability of reference-model external validation is secondary.,no,batch-16
REC-AICRCTX-000311,Bordron2022,External Validation of a Radiomics Model for the Prediction of Complete Response to Neoadjuvant Chemoradiotherapy in Rectal Cancer.,2022,Cancers (Basel),10.3390/cancers14041079,peer_reviewed,neoadj_pcr_ww,rectum,Locally advanced rectal cancer,locally_advanced_rectal,"cT1-4 (T2 13%, T3 78.2%); N+ 76%",retrospective_cohort,multicenter,France,own_cohort,"Institution 1 (ICO Nantes, n=64, training) and Institution 2 (West Brittany Oncology Institute/Brest, n=60, testing); 2012-2019",124,patients,Results para 1; Table 1; Abstract,60,64,60,neoadjuvant_response,Predict pCR after neoadjuvant CRT to select patients eligible for organ preservation,Neoadjuvant CRT (45-50.4 Gy + capecitabine or FOLFOX) then surgery,multimodal,"Pre-CRT T2w and diffusion MRI + CE-CT radiomics (822 features) combined with clinical features (cT stage, tumor grade selected)",classification,classical_ml,"Multilayer perceptron (SPSS Modeler) on selected features; ComBat harmonization, SMOTE, bootstrap (1000) internal validation; Spearman/AUC feature selection","Selected radiomic features (T2: elongation, histogram energy/entropy/mean/variance/SD, GLNU; diffusion: elongation, HGLRE/HGLZE) + clinical (T stage, grade); no CT features retained",ablation_or_baseline_model,"Clinical-only, radiomic-only, and no-ComBat variants of the model",pCR (ypT0N0) after neoadjuvant CRT,accuracy,"ComBat-Combined test (Inst 2): balanced accuracy 85.5%, AUC 0.81 (p=0.03), Se 80.0, Sp 90.9, cut-off 6.0%; train AUC 0.95, Bacc 90.0. ComBat-Radiomic test: Bacc 60.0, AUC 0.62. No-ComBat Combined test: Bacc 70.0, AUC 0.77. Clinical test: Bacc 60.0, AUC 0.50. Text reports AUC 0.82 (p=0.002) for 25-patient re-segmentation subset",85.5,NR,NR,external,"Table 3 (testing cohort, ComBat_Combined); Abstract",no,NR,external_retrospective,performance_metric,"Train on Institution 1 (n=64), test on Institution 2 (n=60), a single external site; predefined cut-off from training; bootstrap internal validation; ComBat harmonization applied across both sites (a posteriori)",no,no,retrospective_validation,NR,upon_request,none_stated,No external funding,none_declared,"ComBat-harmonized combined (radiomic+clinical) MLP reached Bacc 85.5% (AUC 0.81) in the external site, only 5 pCR events in testing; CE-CT features added nothing.",Loss of performance between training and testing leaves room for over-fitting correction given low event rate (5 pCR of 60 in test); low overall pCR rate (11.3%) and possible selection bias; heterogeneous MRI scanners.,"Clinical, No-ComBat Radiomic, No-ComBat Combined, ComBat-Radiomic models (see performance_value)",no,REV-ALCIDES,ai_assisted_single_reviewer,2026-10-07,complete,"Main model = ComBat-Combined (best, anchors summary and conclusion). Headline metric is balanced accuracy (coded accuracy; AUC 0.81 in Table 3). Text reports AUC 0.82 in segmentation-robustness subset (n=25), not the full test set. MLP on handcrafted features coded classical_ml. Extracted only 5 test pCR events; ComBat harmonization used both cohorts jointly (potential leakage, stated factually). Table 1 text garbled in PDF; counts from text.",no,batch-16
REC-AICRCTX-000314,Shin2022,MRI Radiomics Model Predicts Pathologic Complete Response of Rectal Cancer Following Chemoradiotherapy.,2022,Radiology,10.1148/radiol.211986,peer_reviewed,neoadj_pcr_ww,rectum,Locally advanced rectal cancer; post-nCRT MRI (mucinous adenocarcinoma excluded),locally_advanced_rectal,Clinical stage T3 or higher and/or node-positive at pre-nCRT MRI,retrospective_cohort,single_center,South Korea,own_cohort,"Severance Hospital, Seoul; surgery Jan 2009-Dec 2018; training = surgery before July 2016, test = subsequent",898,patients,Results Patient Characteristics; Table 1; Fig 1,306,592,306,organ_preservation_watch_wait,Post-nCRT pCR diagnosis to identify candidates for organ-preserving strategy (wait-and-see),Neoadjuvant chemoradiotherapy followed by resection,radiology_imaging,"Post-nCRT T2-weighted MRI (and ADC maps for ADC/merged models), semiautomated segmentation, PyRadiomics",classification,classical_ml,"LASSO logistic regression (10-fold CV lambda) radiomics score; T2-weighted, ADC, and merged models","1132 PyRadiomics features per sequence (original, wavelet, LoG); after ICC>0.75 and clustering: 19 selected in T2W model",clinician_or_expert,"Three radiologists (7-19 y experience) assigning mrTRG on post-nCRT MRI; pooled AUC 0.74 (0.68-0.80), Se 15.6%, Sp 98.6%",Pathologic complete response (Mandard grade 1),AUC,"T2W model: test AUC 0.82 (0.76-0.87), Se 80.0 (60/75), Sp 68.4 (158/231); train AUC 0.88 (0.85-0.92), Se 84.2, Sp 75.5. Merged: test 0.82 (0.77-0.88); ADC: test 0.79 (0.73-0.85)",0.82,0.76,0.87,temporal,Table 2; Table 4; Results MRI Radiomic Analysis,no,NR,temporal_same_center,performance_metric,"Chronological split at July 2016 (592 train / 306 test), same single institution; cut-off fixed from training Youden index; LASSO 10-fold CV",no,no,research_only,yes,NR,none_stated,National Research Foundation of Korea (NRF-2018R1D1A1B07048179); Novomics (2019-31-0804) in part,none_declared,T2W radiomics model had higher AUC (0.82 vs 0.74) and sensitivity (80.0% vs 15.6%) but lower specificity (68.4% vs 98.6%) than pooled radiologists for pCR on post-nCRT MRI in a temporal test set.,Single-center retrospective design with possible selection bias and limited generalizability; segmentation variability; no pre/post-nCRT delta-radiomics; lower specificity may raise false-positive pCR diagnoses.,"ADC model test AUC 0.79 (0.73-0.85); merged T2W+ADC test AUC 0.82 (0.77-0.88), Se 76.0, Sp 71.4",no,REV-ALCIDES,ai_assisted_single_reviewer,2026-10-07,complete,"Main model = T2-weighted radiomics model (title/summary; merged model has identical AUC 0.82, T2W selected as headline). Code at github.com/Sev-RAD/Rectal-Radiomics. Imaging is post-nCRT (not pretreatment). Training vs test differ in Mandard grade distribution and MRI-surgery interval (P<.001).",no,batch-16
REC-AICRCTX-000316,DiDio2021,Fractal-Based Radiomic Approach to Tailor the Chemotherapy Treatment in Rectal Cancer: A Generating Hypothesis Study.,2021,Front Oncol,10.3389/fonc.2021.774413,peer_reviewed,other,rectum,Locally advanced rectal adenocarcinoma (mucinous excluded),locally_advanced_rectal,"cT3-4 cN0 or cT1-4 cN1-2, or MRF+; no metastases (conclusion refers to stage III)",retrospective_cohort,single_center,Italy,own_cohort,"Fondazione Policlinico Gemelli IRCCS, Rome; treated May 2008-Jun 2015; 188 of 240 met criteria (OXA n=125, no-OXA n=63)",188,patients,Results para 1; Table 1,63,NR,NA,treatment_intensification,Choose concomitant CT regimen with or without oxaliplatin by predicted 5-year DFS probability from staging MRI,Neoadjuvant chemoradiotherapy (55 Gy SIB) with oxaliplatin-based (CapOx/Xelox) or non-OXA (5-FU/capecitabine) CT,radiology_imaging,"Staging T2w MRI (1.5 T), GTV radiomics; fractal, morphological, statistical, textural features",classification,statistical_model,"Univariate WMW/t-test screening then single-feature logistic regression (maxFD30-50), separate model per regimen cohort","maxFD30-50 (maximum fractal dimension, 30-50% intensity thresholds); 176 features screened",none,NR,5-year disease-free survival (dichotomous),AUC,"no-OXA cohort: AUC 0.75 (95% CI 0.56-0.95) apparent, 3-fold CV AUC 0.75 (SD 0.15), Se 80.0, Sp 62.5. OXA cohort: AUC 0.67 (0.57-0.77), 3-fold CV AUC 0.67 (SD 0.06), Se 44.3, Sp 100",0.75,NR,NR,cross_validation,"Abstract; Results (ROC paragraph, robustness analysis); Fig 3",prognostic_association,5yDFS 84.8% (OXA) and 87.3% (no-OXA); higher maxFD30-50 associated with lower 5yDFS; OXA favoured when maxFD>1.6,internal_cv,performance_metric,3-fold cross-validation with 5 repeats within each regimen cohort; no external validation; models fit on same data as apparent AUC,no,no,research_only,NR,upon_request,none_stated,NR,NR,Single fractal feature (maxFD30-50) from staging T2w MRI predicted 5yDFS with AUC 0.67 (OXA) and 0.75 (no-OXA); OXA appeared beneficial only for maxFD>1.6 (hypothesis generating).,No external validation; wide CIs from small number of events; larger cohorts needed; findings not mature for clinical application.,"OXA-based cohort model: AUC 0.67 (0.57-0.77), CV AUC 0.67 (SD 0.06), Se 44.3, Sp 100",yes,REV-ALCIDES,ai_assisted_single_reviewer,2026-10-07,complete,"Two co-primary models (one per regimen cohort), conclusion favors neither; per rule 2b the model with best AUC (no-OXA, 0.75) chosen as primary, OXA-cohort model in other_models_outcomes. The 0.56-0.95 CI belongs to the apparent (full-data) ROC, not CV, so CI left NR for the CV value. Decision coded treatment_intensification (oxaliplatin addition to nCRT). Funding/COI statements not found in PDF text (NR). Full feature list in Supplementary Materials.",yes,batch-16
REC-AICRCTX-000317,Lutsyk2021,Complete Pathologic Response Prediction by Radiomics Wavelets Features of Unenhanced CT Simulation Images in Locally Advanced Rectal Cancer Patients after Neoadjuvant Chemoradiation.,2021,Isr Med Assoc J,,peer_reviewed,neoadj_pcr_ww,rectum,"Rectal adenocarcinoma, clinical stage IIA-IIIC",locally_advanced_rectal,"Clinical stage II 50 (35.7%), stage III 90 (64.3% as printed 65.3%); cT3 ~96-97%",retrospective_cohort,single_center,Israel,own_cohort,"Rambam Health Care Campus, Sep 2015-Sep 2019; 140 of 170 referred patients (long-course CRT)",140,patients,Results para 1; Table 2,NR,98,42,neoadjuvant_response,"Predict pCR after neoadjuvant CRT from planning CT to support watch-and-wait/organ preservation, dose prescription and patient management",Long-course CRT 45 Gy pelvis + 50 Gy SIB with 5-FU or capecitabine,radiology_imaging,Unenhanced pretreatment CT-simulation images; GTV radiomics (850 features incl. 744 wavelet); distance from anal verge entered as factor,classification,deep_learning,"Multilayer perceptron (SPSS; 1 hidden layer, 10 neurons, tanh, softmax); R neuralnet and random forest as secondary models",Texture and wavelet radiomics features as covariates + distance from anal verge,other_ai_model,Random forest and R-neuralnet versus SPSS MLP; logistic regression (Wald) for feature importance,pCR (no viable tumor in primary and all nodes),AUC,"MLP: AUC 0.872 (cohort unspecified, ROC Fig 1); training 21.8% incorrect, testing 10.3% incorrect (SPSS); R NNet accuracy 79% train / 63% test; random forest train accuracy 0.98 (0.9445-0.9997), test accuracy 0.67 (0.5045-0.8043), Se 0.82, Sp 0.11, PPV 0.77, NPV 0.14",0.872,NR,NR,NR,Results (ROC paragraph); Fig 1,no,NR,internal_holdout,performance_metric,Random 70/30 train/test split of the single-center cohort; no external validation; AUC not attributed to a specific split,no,yes,research_only,upon_request,upon_request,none_stated,NR,NR,"MLP on unenhanced CT-simulation radiomics (mostly wavelet features) gave AUC 0.87 for pCR, but test accuracy varied widely across implementations (63-90%) and random forest test specificity was 0.11.",Single-institution retrospective study; delineation bias; larger multicenter validation needed; overfitting with larger networks acknowledged.,"Random forest test accuracy 0.67 (0.5045-0.8043), Se 0.82, Sp 0.11; R neuralnet test accuracy 63%; logistic regression (Wald) retained 3 wavelet parameters",no,REV-ALCIDES,ai_assisted_single_reviewer,2026-10-07,complete,"INCONSISTENT: SPSS MLP test error 10.3% (implied ~90% accuracy) versus statement that accuracy did not reach 60%, and R NNet test accuracy 63%; AUC 0.872 not tied to train or test split. Primary AUC taken from Fig 1; performance_cohort left NR. n_train/n_test derived: 70%/30% of 140 (98/42) (n_source derived: 70/30 of 140). Stage percentage in text (65.3%) does not match 90/140. Single-hidden-layer MLP coded deep_learning (paper calls it neural network). Funding/COI not stated in PDF.",yes,batch-16
REC-AICRCTX-000318,Feng2022,Development and validation of a radiopathomics model to predict pathological complete response to neoadjuvant chemoradiotherapy in locally advanced rectal cancer: a multicentre observational study.,2022,Lancet Digit Health,10.1016/s2589-7500(21)00215-6,peer_reviewed,neoadj_pcr_ww,rectum,Locally advanced rectal cancer,locally_advanced_rectal,"cT3-4 with cN0-2, or EMVI+, or any cT with cN1-2, or lateral node positive; no distant metastasis",retrospective_cohort,multicenter,China,own_cohort,"Training: Sixth Affiliated Hospital Sun Yat-sen (n=303); retrospective external validation: SYSU Cancer Center (n=480) and Yunnan Cancer Hospital (n=150); prospective multicentre cohort (4 hospitals, n=100; NCT04271657)",1033,patients,Results paras 1-2; Table 1 (303+480+150+100),100,303,730,neoadjuvant_response,Predict pCR to nCRT before treatment to personalise perioperative management (intensified nCRT / watch and wait vs modified nCRT),Standard neoadjuvant CRT (50 Gy/45 Gy in 25 fractions with 5-FU based chemotherapy) then TME,multimodal,"Pretreatment pelvic MRI (T2WI, CE-T1WI, DWI radiomics) + H&E biopsy whole slide images (nucleus features, VGG-19 microenvironment features)",classification,hybrid,"RAPIDS: three SVM signatures (rMRI, pathomics nucleus, pathomics microenvironment) integrated into SVM; VGG-19 CNN feature extraction, PyRadiomics, CellProfiler","2106 radiomics MRI, 770 nucleus, 220 microenvironment features; selected 9 + 12 + 18; no demographic variables",ablation_or_baseline_model,"Single-modality (rMRI, pNUC, pMENV) and dual-modality models",pCR after nCRT and surgery,AUC,"RAPIDS AUC: prospective 0.812 (0.717-0.907), Se 0.888, Sp 0.740, PPV 0.512, NPV 0.929; validation 1 0.860 (0.828-0.892); validation 2 0.872 (0.810-0.934); training 0.868 (0.825-0.912)",0.812,0.717,0.907,prospective,Table 2; Abstract; Results para on prospective study,prognostic_association,"Predicted pCR had better OS/DFS/LRFS/DMFS (training + validation 1, n=783); RAPIDS signature independent prognostic factor on multivariate analysis",prospective,performance_metric,"Training cohort; two retrospective external cohorts at other hospitals; multicentre prospective observational cohort (4 hospitals) with model installed as cloud platform, clinicians and patients masked to predictions; predictions did not alter treatment",no,no,prospective_validation,yes,upon_request,TRIPOD-AI,National Natural Science Foundation of China; Youth Innovation Promotion Association of the Chinese Academy of Sciences,none_declared,"RAPIDS (MRI radiomics + H&E pathomics) predicted pCR with AUC 0.86-0.87 in two retrospective external cohorts and 0.812 in a multicentre prospective cohort, outperforming single-modality models; PPV about 0.5.",Only high-quality MRI/slides used; no scanner harmonization across sites; manual ROI delineation; no demographic variables included.,"Single-modality prospective AUC: rMRI 0.716, pNUC 0.733, pMENV 0.630; dual-modality rMpM 0.676, rMpN 0.783, pMpN 0.803",no,REV-ALCIDES,ai_assisted_single_reviewer,2026-10-07,complete,Main model = RAPIDS integrated model. n_test = 480+150+100 external/prospective patients (derived). Reporting: protocol designed per TRIPOD ML statement and reported per SPIRIT-AI/CONSORT-AI; coded TRIPOD-AI. Hybrid: VGG-19/CellProfiler/PyRadiomics features with SVM classifiers. Prospective cohort had only 23 pCR events. Some implementation details only in appendix.,no,batch-16
REC-AICRCTX-000319,Wu2021,Prediction of Neoadjuvant Chemoradiotherapy Response in Rectal Cancer with Metric Learning Using Pretreatment 18F-Fluorodeoxyglucose Positron Emission Tomography.,2021,Cancers (Basel),10.3390/cancers13246350,peer_reviewed,tox_surg,rectum,"Rectal adenocarcinoma (upper/rectosigmoid 16, mid 103, low 83 in training); mucinous/signet ring excluded",locally_advanced_rectal,"Training cohort cT2 26, cT3 148, cT4 28; N0 60, N1 80, N2 62; M0 198, M1 4 (liver metastases resected at TME); AJCC 7th",retrospective_cohort,single_center,Taiwan,own_cohort,"China Medical University Hospital; Jan 2009-Jul 2018; training Jan 2009-Jun 2017 (n=202), validation Jul 2017 onward (n=34)",236,patients,Abstract; Results 3.1,34,202,34,neoadjuvant_response,Predict favorable response (Dworak TRG3-4) to NCRT; authors say it may inform choice between NCRT and neoadjuvant chemotherapy and patient counselling,"NCRT: IMRT 45 Gy + 5.4 Gy boost with capecitabine, uracil-tegafur or IV 5-FU, then TME",radiology_imaging,Baseline [18F]FDG-PET/CT (PET and low-dose non-contrast CT images processed in parallel),classification,hybrid,"Deep metric learning (two ResNet frameworks, triplet loss) + UMAP dimensionality reduction + SVM classifier",PET and CT image patches (128x128 x ROI length) centered on tumor; no clinical variables,ablation_or_baseline_model,Traditional deep learning without metric learning or UMAP (AUC 0.618; Appendix B),Favorable response (Dworak TRG3 or TRG4) vs TRG0-2,AUC,"Validation (n=34): AUC 0.962 (0.935-0.999), Se 95.0, Sp 100, accuracy 98.2 (abstract states 98.8). Training 5-fold CV (n=202): AUC 0.96 (0.951-0.993), Se 98.3, Sp 96.5, accuracy 97.5",0.962,0.935,0.999,temporal,Results 3.4; Fig 2B; Abstract,no,NR,temporal_same_center,performance_metric,5-fold CV within training cohort (Jan 2009-Jun 2017) and a temporal validation cohort treated from Jul 2017 at the same institute and scanner; no external data,no,yes,research_only,NR,upon_request,none_stated,"Ministry of Science and Technology of Taiwan (MOST 110-2221-E-002-122-MY3, 110-2221-E-002-123-MY3); China Medical University Hospital (DMR-110-089, DMR-111-090, DMR-111-091)",none_declared,"Deep metric learning + UMAP + SVM on baseline FDG-PET/CT predicted favorable NCRT response with AUC 0.96 in CV and temporal validation (n=34), far above plain deep learning (AUC 0.618).",Single institute; external validation needed; few TRG4 responders; small sample; survival outcomes not studied; integration of MRI features suggested.,"Training 5-fold CV AUC 0.96, Se 98.3, Sp 96.5, accuracy 97.5; plain DL AUC 0.618",no,REV-ALCIDES,ai_assisted_single_reviewer,2026-10-07,complete,INCONSISTENT: validation accuracy 98.8% in abstract vs 98.2% in Results; training favorable responders 115 (57%) in abstract vs 117 (58%) in text/Table (table counts 115 TP + 2 FN = 117); male 140 vs 139. Table/Results values used. Population described as rectal cancer scheduled for curative NCRT; 4 patients had liver metastases. Axis inherited as tox_surg but content is pretreatment PET for NCRT response. Results data link provided; imaging raw data on request.,no,batch-16
REC-AICRCTX-000322,Kim2021,A Novel Scoring System for Response of Preoperative Chemoradiotherapy in Locally Advanced Rectal Cancer Using Early-Treatment Blood Features Derived From Machine Learning.,2021,Front Oncol,10.3389/fonc.2021.790894,peer_reviewed,neoadj_pcr_ww,rectum,Rectal adenocarcinoma within 15 cm of anal verge,locally_advanced_rectal,LARC receiving long-course preoperative CRT then TME; cTNM distribution NR in text,retrospective_cohort,single_center,South Korea,own_cohort,"Seoul National University Hospital, Jul 2002-Jun 2019; patients with blood tests before/during CRT",272,patients,"Methods 2.1.1 (""approximately 272""); Conclusion",41,190,41,neoadjuvant_response,"Predict CRT response from early-treatment (week 1-2) blood to support a ""continue or stop"" decision during CRT",Long-course preoperative CRT (median 50.4 Gy + 5-FU or capecitabine) then TME,clinical_tabular,"Pre-CRT and week 1-2 early-CRT blood counts and chemistry, CEA, distance from anal verge, tumor grade",classification,classical_ml,"Ridge regression (best of 30 models: logistic, ridge, lasso, gradient boosting, random forest, two-layer NN) repeated 1000 times with MLM data splitting; averaged coefficients form Response Prediction Score (RPS, 5 features)","Early-CRT monocyte, platelet, neutrophil, eosinophil counts and distance from anal verge (RPS); full model uses clinical + early-CRT blood features",clinical_model,"Single blood features and systemic inflammatory/nutritional indicators NLR, PLR, LMR, PNI (best: early-CRT PLT 0.6065, PLR 0.5699)",Good responder (AJCC TRG 0-1) vs poor responder (TRG 2-3),AUC,"Ridge model with early-CRT features, validation set (mean of 1000 random 70/15/15 repeats): AUROC 0.6322 +/- 0.0771, AUPRC 0.5965. RPS score on whole sample (no hold-out): AUROC 0.6747. Pre-CRT-only models near 0.5",0.6322,NR,NR,internal_test,"Table 1 (ridge, clinical + early-CRT, validation set); Abstract; Results 3.2 (RPS AUROC 0.6747, Fig 4)",no,RPS quartiles stratified TRG and overall/T downstaging (pathologic outcomes); no survival analysis,internal_holdout,performance_metric,1000 repeats of random MLM-algorithm splits (70% train/15% tuning/15% validation) within one centre; RPS coefficients are averages over models fit on the same patients and RPS AUROC 0.6747 was evaluated on all samples,no,yes,research_only,NR,upon_request,none_stated,SNUH Research Fund grant 0420180600,NR,"Early-treatment (week 1-2) blood features outperformed pre-CRT features; ridge-derived RPS reached AUROC 0.6747 (whole sample), modest discrimination that stratified TRG and downstaging.",Small sample relative to those collected; single center; performance too low for practical use.,Other models (validation AUROC) near 0.5-0.63; gradient boosting/random forest heavily overfit (training AUROC up to 0.99); pre-CRT-only models near random,yes,REV-ALCIDES,ai_assisted_single_reviewer,2026-10-07,complete,"Choice: headline named model is RPS (AUROC 0.6747, evaluated on whole sample = apparent); the held-out ridge validation AUROC 0.6322 coded as primary (rule 4, most demanding cohort) with RPS value in performance_value; n_performance/n_train/n_test derived from average split sizes (82.5+107.5 train, ~41 validation per repeat). N is ""approximately 272"". Uses on-treatment (week 1-2) labs, not pretreatment only. COI statement not found in PDF. Supplement tables 1-5 (selected features, sens/spec) not available.",yes,batch-16
REC-AICRCTX-000325,Haak2022,The use of deep learning on endoscopic images to assess the response of rectal cancer after chemoradiation.,2022,Surg Endosc,10.1007/s00464-021-08685-7,peer_reviewed,neoadj_pcr_ww,rectum,Primary rectal cancer after neoadjuvant (chemo)radiotherapy,locally_advanced_rectal,"cT1-2 22%, cT3 71%, cT4 7%; cN0 24%, cN1 28%, cN2 48% (Table 1)",retrospective_cohort,single_center,Netherlands,own_cohort,"Netherlands Cancer Institute database 2012-2015; post-neoadjuvant restaging endoscopy images; W&W patients from prospective W&W studies (NCT00939666, NCT02278653)",226,patients,"Abstract; Results Demographics, Table 1 (226 patients; 731 endoscopic images)",68,158,68,organ_preservation_watch_wait,Select complete responders for a watch-and-wait approach,Neoadjuvant long-course CRT (90%) or short-course RT with prolonged wait (10%); W&W vs TME,multimodal,"Endoscopic images (white light) plus 3 selected clinical variables (cN stage, neoadjuvant treatment, time endoscopy-surgery) fused late via FFN",classification,deep_learning,"CNN (transfer learning, ImageNet) + feedforward NN, late fusion; best EfficientNet-B2 combined; also Xception, MobileNetV2, DenseNet121, ResNet50, InceptionV3, InceptionResNetV2","Endoscopic images (731; median 3 per patient) + cN stage, neoadjuvant treatment, time between restaging endoscopy and surgery",other_ai_model,"Other CNN architectures; image-only and clinical-only (FFN, SVM, logistic regression) models; literature endoscopist performance discussed only",Complete response (pCR ypT0 or sustained cCR >=2 y in W&W) vs non-CR,AUC,"Combined EfficientNet-B2 test AUC 0.83 (95% CI 0.80-0.86), accuracy 0.75 (0.72-0.79), PPV 0.74, specificity 0.75; combined models AUC range 0.76-0.83 (Table 2); image-only EfficientNet-B2 AUC 0.79 (0.75-0.82), sens 0.74, spec 0.70; clinical FFN AUC 0.73+-0.05",0.83,0.80,0.86,internal_test,"Results, Performance of the models and Table 2 (EfficientNet-B2 combined); abstract",no,NR,internal_holdout,performance_metric,"Random 70/30 patient-level split (158 train/validation, 68 test; 731 images -> 512/219); 5-fold CV during training; same-center retrospective",no,no,research_only,NR,NR,none_stated,NR,none_declared,Combined endoscopy+clinical deep learning gave modest accuracy (AUC 0.76-0.83); authors conclude not accurate enough for clinical decision-making and below experienced endoscopists.,Pilot retrospective single-center; few low-resolution 2D images per patient; no DRE/MRI input; long endoscopy-to-surgery interval in some patients; prospective multicenter studies needed,"Image-only CNNs AUC 0.71-0.79; clinical models FFN 0.73, SVM 0.74, LR 0.71 (3 selected features)",no,REV-ALCIDES,ai_assisted_single_reviewer,2026-10-07,complete,INCONSISTENT: text says FFN performed slightly better than SVM clinical model while reporting SVM AUC 0.74 > FFN 0.73; clinical feature list named neoadjuvant treatment in Methods but adjuvant chemotherapy in Results; Table 2 cell formatting corrupted by extraction but EfficientNet-B2 combined AUC 0.83 confirmed in text. n_performance=68 patients (test set; 219 test images); main model = EfficientNet-B2 combined as declared best. Combined image+3 clinical vars counted multimodal (clinical vars are model inputs via FFN branch). Feature selection (SelectKBest) described for clinical models; images split patient-wise.,no,batch-17
REC-AICRCTX-000327,Pang2021,"A Pipeline for Predicting the Treatment Response of Neoadjuvant Chemoradiotherapy for Locally Advanced Rectal Cancer Using Single MRI Modality: Combining Deep Segmentation Network and Radiomics Analysis Based on ""Suspicious Region"".",2021,Front Oncol,10.3389/fonc.2021.711747,peer_reviewed,neoadj_pcr_ww,rectum,Rectal adenocarcinoma within 15 cm of anal verge (mucinous excluded),locally_advanced_rectal,cT3-4 or N-positive; received nCRT then TME,retrospective_cohort,multicenter,China,own_cohort,"Sixth Affiliated Hospital of Sun Yat-sen University 2011-2018 (Seg-T 88, Rad-T 107, In-V 46) and Yunnan Cancer Center (Ex-V 34)",275,patients,Abstract; Results Clinical Characteristics (88+107+46+34),34,107,80,neoadjuvant_response,Early prediction of pCR after nCRT to help doctors make tailored plans for LARC (organ-saving option mentioned),"nCRT (IMRT 45 Gy/25 fx + boost, 5-FU) followed by TME",radiology_imaging,"Post-nCRT T2-weighted MRI only; ""suspicious region"" ROI auto-segmented",segmentation_plus_prediction,hybrid,tsraU-Net (two-stage rectum-aware attention U-Net) segmentation + PyRadiomics features + univariate C-index filter + LASSO (10 features) + RBF-SVM,2370 radiomics features per patient from post-nCRT T2-w MRI ROI (10 retained),ablation_or_baseline_model,Original U-Net vs 4-channel/attention U-Net for segmentation only; no comparator for pCR prediction,Pathologic complete response (no surviving tumor cells) vs non-pCR,AUC,"Rad-T (training) AUC 0.924 (95% CI 0.923-0.926); In-V (same-center later period, n=46) AUC 0.829 (0.821-0.837); Ex-V (external, n=34) AUC 0.815 (0.801-0.830); accuracy/sensitivity/specificity/F-scores in Table 5",0.815,0.801,0.830,external,Abstract; Results Treatment Response Prediction; Table 5,no,NR,external_retrospective,performance_metric,"Temporal same-center validation (In-V, 2017-2018, n=46) plus one external hospital (Ex-V, n=34); segmentation trained on separate Seg-T set",no,no,retrospective_validation,NR,upon_request,none_stated,Guangdong Science and Technology Project (2019B030316003); Sixth Affiliated Hospital of Sun Yat-Sen University Clinical Research 1010 Program (1010PY(2020)-09),NR,Single post-nCRT T2 MRI with automated suspicious-region segmentation and radiomics-SVM predicted pCR with AUC 0.829 internal and 0.815 external validation.,"Preliminary exploration; need more unified-standard data, more precise radiologist delineation, clinical variables, thinner slices (3D); stated as a limitation that data are heterogeneous (details limited)","Segmentation: rectum stage dice 0.954 (4-channel U-Net) vs 0.861 (U-Net); suspicious-region dice ~0.66 (attention U-Net), sensitivity ~0.785",no,REV-ALCIDES,ai_assisted_single_reviewer,2026-10-07,complete,"Main metric taken from external cohort (Ex-V n=34, only 6 pCR) per rule 4; In-V (n=46, 8 pCR) is later period same-center. External cohort is a single hospital (external_retrospective, not multicenter). Table 5 text extraction scrambled; AUCs confirmed by abstract and Results. Data statement: raw data available from authors without undue reservation (coded upon_request). No COI statement found in PDF.",no,batch-17
REC-AICRCTX-000328,Jayaprakasam2022,MRI radiomics features of mesorectal fat can predict response to neoadjuvant chemoradiation therapy and tumor recurrence in patients with locally advanced rectal cancer.,2022,Eur Radiol,10.1007/s00330-021-08144-w,peer_reviewed,neoadj_pcr_ww,rectum,"Locally advanced rectal cancer (cT4 in 35, cN+ 213 of 236/237)",locally_advanced_rectal,cTNM stage 2 (n=23) and stage 3 (n=213); cT4 n=35 (Table 2),retrospective_cohort,single_center,United States,own_cohort,Memorial Sloan Kettering Cancer Center LARC patients treated June 2009-March 2015 with TNT followed by TME (subset of 628 from a prior study); baseline T2 axial MRI (in-house or outside),236,patients,Abstract; Methods Study Participants; Fig 1,236,NA,NA,neoadjuvant_response,"Predict pCR (and recurrence, cT, ypT, ypN) from baseline mesorectal fat radiomics to predict clinical outcomes in LARC","Induction-type total neoadjuvant therapy (FOLFOX/CAPOX/FLOX) then chemoradiation, then TME",radiology_imaging,Baseline T2-weighted axial MRI; manually segmented mesorectal fat; 101 CERR radiomics features,classification,classical_ml,"Elastic net feature selection (up to 8 features) + SVM, 5-fold cross-validation, ADASYN oversampling in training folds",Radiomics features of mesorectal fat (101 features; ICC<0.6 excluded),none,NR,Pathologic complete response (pCR; 41 of 236 responders),AUC,"pCR AUC 0.89 (0.83-0.96), sens 78.0, spec 85.1, PPV 52.5, NPV 94.9, accuracy 83.9 (cross-validation, Table 4); other outcomes in other_models_outcomes",0.89,0.83,0.96,cross_validation,Abstract; Results; Table 4; Fig 3,no,"Local and distant recurrence were modelled as separate prediction targets (AUC 0.79 and 0.87), not as survival/association analysis of model-predicted classes",internal_cv,performance_metric,"5-fold cross-validation only, no held-out or external cohort; feature selection and ADASYN inside folds",no,no,research_only,NR,NR,none_stated,NIH/NCI Cancer Center Support Grant P30 CA008748,"Dr. Cercek: advisory board of Bayer and Array Biopharma; research funding from Tesaro/GSK, RGenix, Seattle Genetics; other authors none","Mesorectal fat radiomics predicted pCR (AUC 0.89), local/distant recurrence (0.79/0.87), cT4, ypT and ypN in cross-validation.",Small sample so CV instead of train/test split; external validation needed; class imbalance (ADASYN); only LARC; heterogeneous MRI protocols; retrospective,Local recurrence AUC 0.79; distant recurrence 0.87; cT4 vs lower 0.80; ypN 0.74; ypT 0.86 (Table 4),no,REV-ALCIDES,ai_assisted_single_reviewer,2026-10-07,complete,INCONSISTENT: text/abstract report 236 patients while Table 2 totals 237 (males 135 + females 101); used 236. Several co-reported outcomes; pCR chosen as primary because it is first in title/conclusion and is the therapeutic-response outcome; recurrence/cT/ypT/ypN in other_models_outcomes. Clinical T category sensitivity/specificity in abstract/Table 4 appear swapped vs PPV/NPV (not used). Cross-validated AUC with ADASYN oversampling in training folds only.,no,batch-17
REC-AICRCTX-000331,Wen2021,Machine learning-based random forest predicts anastomotic leakage after anterior resection for rectal cancer.,2021,J Gastrointest Oncol,10.21037/jgo-20-436,peer_reviewed,tox_surg,rectum,Rectal cancer treated with anterior resection with TME (tumor <=15 cm from anal verge),mixed_all_stages,pT1-2 vs pT3-4 and pN0 vs pN+ (all stages after anterior resection); 25.7% received nCRT,retrospective_cohort,single_center,China,own_cohort,"Changhai Hospital prospectively maintained CRC database: Aug 2009-Jun 2018 (development, n=5,220) and Jul 2018-Jun 2019 (test, n=836)",6056,patients,"Methods Patients; Results (5,220 development + 836 test; derived sum)",836,5220,836,surgical_approach_or_complications,Predict anastomotic leakage after anterior resection and advise whether to perform a temporary stoma,Anterior resection with TME for rectal cancer; temporary stoma decision,clinical_tabular,"Demographic, laboratory, surgical and pathological variables (20 candidates; top 8 retained)",classification,classical_ml,"Random forest classifier (grid-search CV, 5-fold; minority up-sampling to 9,788)","Sex, distance of tumor from anal verge, bowel stenosis/obstruction, preoperative hemoglobin, surgeon volume, diabetes, neoadjuvant CRT, surgical approach (incl. first-year laparoscopy)",clinical_model,"Logistic-regression nomogram on same 8 predictors (training AUC 0.735, test 0.724)",Anastomotic leakage (clinical AL within 6 months; incidence 6.2%),AUC,"Test (n=836, 45 AL) AUC 0.87, sens 0.844, spec 0.697; 5-fold CV validation AUC 0.85+-0.02 (sens 0.818, spec 0.67); training AUC 0.89+-0.00 (sens 0.827, spec 0.739); nomogram AUC 0.724 test",0.87,NR,NR,temporal,Abstract; Results; Fig 2C,no,NR,temporal_same_center,performance_metric,"5-fold CV on 2009-2018 data plus later-period test set (Jul 2018-Jun 2019) from same hospital database; authors label it external validation and ""prospectively collected""",no,yes,research_only,NR,NR,TRIPOD,Clinical Science and Technology Innovation Project of Shanghai Shenkang Hospital Development Center (SHDC12016122); 234 Climbing the Discipline Program (2019YXK032); Ethicon Excellence in Surgery Grant (HZB-20181119-30),none_declared,Random forest on 8 predictors predicted anastomotic leakage better (test AUC 0.87) than the logistic nomogram (0.724); temporary stoma not protective after PSM.,Retrospective single center; selection bias; lacks external validation at other centers (prospective multicenter study under way); some variables (smoking) not recorded; KRAS missing in early years,"Nomogram AUC 0.735 train / 0.724 test; multivariable logistic and PSM analyses of temporary stoma (n=2,218-2,366)",no,REV-ALCIDES,ai_assisted_single_reviewer,2026-10-07,complete,"INCONSISTENT: abstract/results give test AUC 0.87 but Table 6 lists ""Our model"" AUC 0.850; Methods say retrospective with prospectively maintained database while Fig 2 caption calls test set prospectively collected; PSM sample 2,218 (text) vs 2,366 (Table 4). Authors call the 836-patient later-period cohort external, but it is from the same hospital, so coded temporal_same_center (rule 5). Minority up-sampling (to 9,788) is described before the 5-fold CV split, so CV/validation figures may be optimistic; test set is unaffected. No CI for AUC. n_analytic derived as 5,220+836.",yes,batch-17
REC-AICRCTX-000336,Zhuang2021,Radiomic signature of the FOWARC trial predicts pathological response to neoadjuvant treatment in rectal cancer.,2021,J Transl Med,10.1186/s12967-021-02919-x,peer_reviewed,neoadj_pcr_ww,rectum,Locally advanced rectal cancer (FOWARC trial),locally_advanced_rectal,"cT3-4 and/or cN1-2, cStage II-III (Table 1: cTNM II 31, III 82 in primary cohort pattern)",trial_secondary_analysis,NR,China,trial_data,"FOWARC randomized trial (NCT01211210), 177 patients with portal venous-phase contrast CT on same scanner; MRI subset n=99",177,patients,Methods Patients; Results (113 primary + 64 validation),64,113,64,neoadjuvant_response,Predict pCR after neoadjuvant treatment to identify patients appropriate for watch-and-wait and avoid overtreatment,"FOWARC arms: 5-FU/RT, mFOLFOX6, or mFOLFOX6+RT neoadjuvant, then TME",radiology_imaging,"Pre-treatment contrast-enhanced portal venous CT radiomics (rad-score); clinicopathological variables (CEA, MRF, tumor thickness, cN) added to the GBM, not a separate data modality; exploratory CT+MRI rad-score subset",classification,classical_ml,LASSO logistic rad-score (14 of 1218 PyRadiomics features) then gradient boosting machine with clinicopathological variables; 5x10-fold repeated CV tuning,"CT rad-score plus CEA, MRF, tumor thickness, cN stage and other clinicopathological variables",other_ai_model,Logistic regression and SVM integrated models; CT vs MRI vs CT-MRI rad-score by AIC,Pathological complete response (TRG 0),AUC,"GBM validation (n=64, 11 pCR) AUC 0.822 (0.649-0.995), accuracy 0.813, sens 0.727, spec 0.830; GBM primary cohort AUC 0.997 (0.990-1.000), accuracy 0.973, sens 1.000, spec 0.946; SVM 0.961/0.811; combined CT-MRI AIC 75.49 vs CT 81.34 vs MRI 82.39",0.822,0.649,0.995,internal_test,Abstract; Results Development and validation of integrated models; Table 2,no,NR,internal_holdout,performance_metric,"Random 2:1 split of 177 trial patients into primary (113) and validation (64) cohorts, same trial and institution; no external cohort",no,yes,research_only,NR,upon_request,none_stated,"National Basic Research Program of China (973 Program, 2015CB554001); NSFC (81972245, 81902877); Guangdong provincial and Sun Yat-sen University programs (see paper)",none_declared,CT-based radiomic rad-score plus clinicopathological variables in a GBM predicted pCR with AUC 0.822 in validation; combining CT and MRI rad-scores improved AIC.,Few pCR cases; secondary analysis of a trial; independent validation needed; CT-MRI model exploratory with limited sample,"Logistic AUC and SVM AUC 0.961 (0.909-1.000) primary / 0.811 (0.672-0.950) validation; CT-MRI integrated model on n=99 subset (AIC 75.49, Brier 0.087)",no,REV-ALCIDES,ai_assisted_single_reviewer,2026-10-07,complete,Factual: primary-cohort GBM AUC 0.997 vs validation 0.822 (large gap). Validation split is random within the same trial/institution. Setting coded NR: FOWARC is a multicenter trial but the paper does not state sites for the 177 imaged patients (single scanner). Logistic validation AUC not stated in text (only accuracy). Clinical variables added to a radiomics score were not coded as multimodal (rule 9).,no,batch-17
REC-AICRCTX-000338,Zhang2021,Radiomics signature as a new biomarker for preoperative prediction of neoadjuvant chemoradiotherapy response in locally advanced rectal cancer.,2021,Diagn Interv Radiol,10.5152/dir.2021.19677,peer_reviewed,neoadj_pcr_ww,rectum,"Rectal adenocarcinoma, LARC",locally_advanced_rectal,"cT3-4 or N+, inclusion no distant metastasis; Table 1 T3/T4, N0-2 (and M stage rows)",retrospective_cohort,single_center,China,own_cohort,"Liaoning Cancer Hospital, patients enrolled 06/2014-08/2017, pre-nCRT 3.0T MRI (axial/sagittal T2, contrast-enhanced axial T1)",189,patients,"Abstract; Results (training 134, validation 55)",55,134,55,neoadjuvant_response,Individualized preoperative prediction of nCRT response (sensitive vs resistant) to avoid unnecessary radiotherapy/chemotherapy exposure,nCRT (mFOLFOX6 or CapeOX with 45-50.4 Gy IMRT) then TME,radiology_imaging,"Pre-treatment multi-sequence MRI radiomics; CEA and tumor diameter added to the nomogram (clinical variables added to imaging model, not coded multimodal)",classification,classical_ml,"Radiomics nomogram: mRMR/univariable then LASSO logistic signature plus CEA and tumor diameter in multivariable logistic regression; also RF, SVM, KNN and RF ensemble classifier","30-feature radiomics signature (axial contrast T1, sagittal T2) + CEA + tumor-axis diameter",other_ai_model,"RF, SVM, KNN and ensemble classifiers per MRI sequence; image-only signature (AUC 0.749)",nCRT response by Mandard TRG: sensitive (TRG 1/2) vs resistant (TRG 3-5),AUC,"Nomogram validation (n=55) AUC 0.949 (0.892-0.997), sens 0.879, spec 0.909; nomogram training (n=134) AUC 0.970 (0.942-0.997), sens 0.939, spec 0.898; image-only signature validation AUC 0.749; ensemble classifier 10-fold CV AUC 0.830",0.949,0.892,0.997,internal_test,Abstract; Results Fig 2d-e; Table 2 for ML classifiers,no,NR,internal_holdout,performance_metric,Nomogram: training/validation split of single-center cohort (134/55; method of split not described); ML classifiers: 10-fold cross-validation,yes,no,research_only,NR,NR,none_stated,NR,none_declared,Multi-sequence MRI radiomics nomogram with CEA and tumor diameter predicted nCRT response with validation AUC 0.949; RF ensemble reached 0.830 by CV.,Single hospital; small sample; manual segmentation; multicenter data and deep-learning automation needed,"RF/T1WI C+ AUC 0.827; RF sagittal T2 0.788; RF axial T2 0.748; KNN 0.688-0.776; SVM 0.570-0.624; ensemble classifier AUC 0.830, acc 75.4% (Table 2)",no,REV-ALCIDES,ai_assisted_single_reviewer,2026-10-07,complete,"INCONSISTENT: abstract gives ensemble classifier specificity 0.794/sensitivity 0.815 whereas Table 2 gives SEN 0.794/SPE 0.815 (table preferred); nomogram validation AUC CI upper bound 0.997 (abstract) vs 1.000 (text); inclusion says no distant metastasis but Table 1/text show M1 patients; Table 1 counts (e.g., sex/distance) do not sum cleanly. Co-primary models (nomogram vs ensemble classifier); main = radiomics nomogram (best AUC, abstract headline) per rule 2b, ensemble classifier in other_models_outcomes. Training AUC 0.970 vs validation 0.949; split procedure not described.",yes,batch-17
REC-AICRCTX-000339,Yuan2021,Pretreatment CT and PET radiomics predicting rectal cancer patients in response to neoadjuvant chemoradiotherapy.,2021,Rep Pract Oncol Radiother,10.5603/rpor.a2021.0004,peer_reviewed,neoadj_pcr_ww,rectum,Locally advanced rectal cancer treated with NACRT,locally_advanced_rectal,"cT1 1.5%, cT2 4.5%, cT3 86.4%, cT4 7.6%; cN0 36.4%, cN1 56.1%, cN2 7.6%; cM0 100% (Table 1)",retrospective_cohort,single_center,United States,own_cohort,"Moffitt Cancer Center patients with staging PET, Jan 2011-Feb 2018; pre-treatment non-contrast RT-planning CT and 18F-FDG PET",66,patients,Methods Study design; Results (66 patients),66,NA,NA,neoadjuvant_response,"Predict pathologic response (TRG) to NACRT to select patients, incl. for nonoperative management","NACRT (5-FU or capecitabine, 45 Gy pelvis, median 50.4 Gy to primary) then surgery",multimodal,Pre-treatment non-contrast CT plus 18F-FDG PET radiomics combined as composite features (alpha*PET + (1-alpha)*CT),classification,classical_ml,Weka logistic regression (best) vs random forest vs SVM on composite CT+PET radiomics features with correlation-based subset selection; leave-one-out cross-validation,929 radiomic features per modality; composite alpha=0.2; 4-feature model for TRG 0 vs 1-3,other_ai_model,Logistic regression vs RF vs SVM; alpha values 0.2/0.5/0.8,Pathologic complete response (TRG 0) vs TRG 1-3,AUC,"TRG 0 vs 1-3: LOOCV accuracy 88.1%, ROC 0.858, sens 77.8%, spec 89.7% (4 features); TRG 0-1 vs 2-3: accuracy 91.0%, ROC 0.951, sens 93.8%, spec 84.2% (6 features); NAR low/intermediate/high: accuracy 67.7%, ROC 0.814 (11 features)",0.858,NR,NR,cross_validation,Abstract; Results; Table 2,no,NAR score used as surrogate for DFS/OS; actual survival outcomes not analysed against model,internal_cv,performance_metric,"Leave-one-out cross-validation on 66 patients; feature selection and alpha choice done on the same data, performed per alpha",no,no,research_only,NR,NR,none_stated,NR,none_declared,Composite CT+PET radiomics signature predicted TRG 0 vs 1-3 with LOOCV accuracy 88.1% (ROC 0.858) and TRG 0-1 vs 2-3 with accuracy 91%; larger cohort needed.,Single-institute retrospective; no multicenter/prospective validation; scanner variability; most patients lacked pretreatment MRI; small cohort,"TRG 0-1 vs 2-3 ROC 0.951, accuracy 91.0%; NAR 3-class accuracy 67.7%, ROC 0.814; RF and SVM performed worse than logistic regression (values NR)",no,REV-ALCIDES,ai_assisted_single_reviewer,2026-10-07,complete,"INCONSISTENT: median follow-up 27.9 months in text vs 25.5 months in Table 1; Discussion cites a 91-patient cohort from a prior study (not this one). Three co-reported endpoints; pCR (TRG 0 vs 1-3) chosen as main by conclusion/therapeutic relevance (rule 2a), TRG 0-1 vs 2-3 had higher ROC 0.951 and is in other_models_outcomes. Headline metric in abstract is accuracy; AUC (ROC) used as primary_metric_value. Funding section present but empty. No CIs for ROC. Leave-one-out with feature selection/alpha tuning on same data (factual, possible optimism).",yes,batch-17
REC-AICRCTX-000340,Coppola2021,The Heterogeneity of Skewness in T2W-Based Radiomics Predicts the Response to Neoadjuvant Chemoradiotherapy in Locally Advanced Rectal Cancer.,2021,Diagnostics (Basel),10.3390/diagnostics11050795,peer_reviewed,neoadj_pcr_ww,rectum,Locally advanced rectal adenocarcinoma (mucinous excluded),locally_advanced_rectal,"cT3 80%, cT4 20%; cN+ 75% (Table 2)",retrospective_cohort,single_center,Italy,own_cohort,"IRCCS Azienda Ospedaliero-Universitaria di Bologna; staging MRI Jan 2018-Dec 2019 (85 screened, 40 included); baseline 1.5T oblique-axial T2w",40,patients,Abstract; Results 3.1 and Fig 3,40,40,NA,neoadjuvant_response,Differentiate responders from non-responders to nCRT before therapy for tailored care strategies (intensification or avoiding overtreatment),Long-course nCRT followed by TME,radiology_imaging,Baseline T2w MRI; 84 local first-order radiomic features from tumour ROI; single feature selected,classification,statistical_model,"Univariate feature screening (one-tailed Wilcoxon rank-sum, Bonferroni) of 84 first-order radiomic features, single best feature (entropy of local skewness map) with ROC/Youden cutoff; no multivariable model",84 local first-order radiomic features from T2w ROI; selected: entropy of skewness maps (se),none,NR,"Responder (TRG 0-1, n=15) vs non-responder (TRG 2-3, n=25) by AJCC TRG",AUC,"AUC 0.90 (95% CI 0.73-0.96); Youden index 0.68 at cut-off se=3.93; sensitivity 80%, specificity 88%, PPV 80%, NPV 88% (3 FP, 3 FN); same-data discrimination",0.90,0.73,0.96,train,Abstract; Results 3.2; Fig 5,no,NR,none,NA,No validation; discrimination analysis on the entire 40-patient cohort (authors: only a training dataset considered due to small sample); cut-off derived on same data,no,no,research_only,NR,no,none_stated,No external funding,none_declared,A single local-skewness-heterogeneity T2w radiomic feature differentiated TRG 0-1 from TRG 2-3 with AUC 0.90 (p~1e-5) in 40 patients; higher heterogeneity associated with better nCRT response.,Small number of patients (no train/test split); validation with a prospective multicentre study needed,NR,no,REV-ALCIDES,ai_assisted_single_reviewer,2026-10-07,complete,"INCONSISTENT: median age 65 years (IQR 14.5) in text vs 61 (range 46-85) in Table 2 (table preferred, not used in any coded field). Single-feature univariable ROC with selection and cut-off on the same 40 patients (selection from 84 features, Bonferroni-corrected); coded statistical_model and validation none per rule 10/5, although paper frames work as radiomics/machine learning. Text extraction of the MDPI PDF was duplicated/garbled; values cross-checked between abstract and Results.",no,batch-17
REC-AICRCTX-000342,Liu2021,Development of a Joint Prediction Model Based on Both the Radiomics and Clinical Factors for Predicting the Tumor Response to Neoadjuvant Chemoradiotherapy in Patients with Locally Advanced Rectal Cancer.,2021,Cancer Manag Res,10.2147/cmar.s295317,peer_reviewed,neoadj_pcr_ww,rectum,Locally advanced rectal cancer (LARC) treated with nCRT then TME,locally_advanced_rectal,"Clinical stage II or III (cT1-4b, cN0-2)",retrospective_cohort,multicenter,China,own_cohort,"Nanfang Hospital (n=82, training + 10-fold CV internal validation); Sixth Affiliated Hospital of Sun Yat-sen University (n=107, external validation); 2012-2017",189,patients,Abstract; Methods (Patients); Results (Patient Characteristics),107,82,107,neoadjuvant_response,Predict pathological response (TRG 0-1 good vs TRG 2-3 poor) to nCRT before treatment to individualize treatment in LARC,Neoadjuvant chemoradiotherapy (IMRT 50 Gy/25 fx + capecitabine/XELOX/5-FU-oxaliplatin) followed by TME,radiology_imaging,"Pre-CRT MRI texture radiomics (HR-T2WI and contrast-enhanced T1WI); clinical factors (CRM on MRI, CA19-9) added to the imaging model",classification,classical_ml,mRMR feature selection + random forest importance ranking + forward search; SVM classifier,"Top 20 (T1+C: 16-19) texture features from 6192 (Gabor, GLCM, GLRLM, GLSZM, NGTDM) plus CRM and CA19-9 (CA72-4 in a variant not available externally)",ablation_or_baseline_model,Radiomics-only model vs joint radiomics+clinical model,Good pathological response (AJCC TRG 0-1) vs poor response (TRG 2-3) to nCRT,AUC,"Joint T1+C (CRM+CA19-9): external AUC 0.6818 (0.5659-0.7977), internal 0.9113 (0.8449-0.9776); joint HR-T2WI: external 0.6413, internal 0.9371 (0.8751-0.9997); radiomics-only T2WI: internal 0.8910, external 0.5413; radiomics-only T1+C: internal 0.8938, external 0.6089; joint with CA72-4 (internal only): T2WI 0.9350, T1+C 0.9168",0.6818,0.5659,0.7977,external,Table 3; Results (Combination of Radiomics and Clinical Characteristics); n=107,no,NR,external_retrospective,performance_metric,Training/internal validation by 10-fold CV in 82 patients from one center; external validation in 107 patients from a second center (different scanner 1.5T vs 3.0T); single external site,no,no,retrospective_validation,NR,NR,none_stated,"National Natural Science Foundation of China (81872470, 81803063, 81903125); Natural Science Foundation of Guangdong Province; Guangdong Medical Research Foundation; Southern Hospital Director Foundation",none_declared,"Adding CRM and CA19-9 to MRI radiomics raised internal AUC to 0.91-0.94, but external AUC remained modest (0.64-0.68) with sensitivity/specificity near 0.55-0.68, despite the authors claiming external confirmation.",Small retrospective sample with few TRG 0 cases; CEA not modeled due to small n; different MRI equipment/parameters between centers; multicenter prospective studies needed,"Radiomics-only HR-T2WI AUC internal 0.8910 / external 0.5413; radiomics-only T1+C 0.8938 / 0.6089; joint HR-T2WI (CRM+CA19-9) internal 0.9371 / external 0.6413; joint with CA72-4 internal only (0.9350, 0.9168)",no,REV-ALCIDES,ai_assisted_single_reviewer,2026-10-07,complete,"Co-primary joint models (HR-T2WI and T1+C); chose T1+C joint (CRM+CA19-9) as best AUC in the most demanding (external) cohort, rule 2b. INCONSISTENT: external cohort size 107 (Table 2, abstract) vs 22/103 in text for TRG 0; Table 3 text-based CI values are garbled by pdftotext (external T2WI joint CI not reliable); text says good response n=55 and Table 2 shows 55/27 for training, external 60/47. Clinical variables added to imaging model, so coded radiology_imaging (rule 9) although authors call it multimodal. Primary model is pre-CRT; internal AUC from 10-fold CV.",yes,batch-18
REC-AICRCTX-000343,Jin2021,Predicting treatment response from longitudinal images using multi-task deep learning.,2021,Nat Commun,10.1038/s41467-021-22188-y,peer_reviewed,other,rectum,Locally advanced rectal adenocarcinoma treated with neoadjuvant CRT and TME,locally_advanced_rectal,"Pre-CRT T1-T4b, N0-N2b by MRI (mostly T3-T4, N+); locally advanced rectal adenocarcinoma",retrospective_cohort,multicenter,China,own_cohort,"Sixth Affiliated Hospital Sun Yat-sen Univ (SAH): training n=321 (2013-2016), internal validation n=160 (2017-2018); SYSUCC external validation n=141",622,patients,Methods (Study design and patients); Abstract (2568 training scans),141,321,301,neoadjuvant_response,Predict pCR after neoadjuvant CRT to identify patients who could undergo watchful waiting and avoid radical surgery,Neoadjuvant chemoradiotherapy followed by total mesorectal excision,radiology_imaging,"Pre- and post-CRT multiparametric MRI (T1, T1+contrast, T2, DWI); CEA used only in a secondary integrated model",segmentation_plus_prediction,deep_learning,3D RP-Net: multi-task Siamese 3D U-Net with multi-scale depth-wise convolution fusion for tumor segmentation and pCR prediction,Co-registered pre- and post-CRT 4-channel multiparametric MRI volumes,ablation_or_baseline_model,"Single time-point ResNet-18 (pre or post), T2-only model, single-task Siamese networks (simple concatenation and multi-scale), traditional radiomics model, post-CRT T stage, CEA-only",pCR (TRG 0) vs non-pCR (TRG 1-3) after nCRT,AUC,"3D RP-Net AUC: external (n=141) 0.92 (0.87-0.96), sens 91% spec 92%; internal temporal validation (n=160) 0.95 (0.91-0.98), sens 93% spec 94%; integrated imaging+CEA internal validation AUC 0.97 (0.93-0.99); T2-only AUC 0.86-0.88",0.92,0.87,0.96,external,"Abstract; Results (Model performance); Fig. 3a,e; n=141 external",no,Association of deep learning score with TRG 0-3 only (supplementary); no survival outcomes,external_retrospective,performance_metric,"Training cohort (n=321) with cross-validation/early stopping; temporal same-center validation (n=160, 2017-2018) and independent external hospital (n=141); one external site only",yes,yes,retrospective_validation,yes,upon_request,none_stated,NR,none_declared,A multi-task Siamese 3D U-Net using longitudinal pre/post-CRT MRI predicted pCR with AUC 0.95 (internal) and 0.92 (external); adding CEA dynamics raised internal AUC to 0.97.,Retrospective with selection bias; Asian-only training data; PPV not yet sufficient for clinical use; prospective validation needed,Integrated imaging+CEA random forest AUC 0.97 (0.93-0.99) internal validation; T2-only AUC 0.86-0.88; single-task and single time-point comparators lower by 7-19% AUC (supplementary tables),yes,REV-ALCIDES,ai_assisted_single_reviewer,2026-10-07,complete,"Primary model = imaging-only 3D RP-Net (title/abstract anchor); integrated CEA model is secondary. Text says patients were ""prospectively collected"" for validation but Methods state retrospective study, so coded retrospective_cohort; internal validation is temporal same-center. Comparator/ablation tables only in supplement. Funding statement not found in the supplied PDF text (NR). Data on request via data access agreement.",no,batch-18
REC-AICRCTX-000344,DelliPizzi2021,MRI-based clinical-radiomics model predicts tumor response before treatment in locally advanced rectal cancer.,2021,Sci Rep,10.1038/s41598-021-84816-3,peer_reviewed,other,rectum,Non-mucinous locally advanced rectal adenocarcinoma (>=T3 or N+) treated with long-course CRT,locally_advanced_rectal,"cT1-2 19.4%, cT3 76.4%, cT4 4.2%; cN0 2.7%, cN1 30.6%, cN2 66.7%",retrospective_cohort,single_center,Italy,own_cohort,"G. D'Annunzio University of Chieti, 3.0 T staging MRI, Jan 2011-Feb 2019, 72 of 164 screened patients",72,patients,Methods (Subjects); Results; Table 2,72,NA,NA,neoadjuvant_response,Early (pretreatment) prediction of response to CRT to tailor neoadjuvant treatment (intensification/organ preservation) in LARC,Long-course neoadjuvant CRT (45-55 Gy with 5-FU/leucovorin or capecitabine) followed by TME,radiology_imaging,"Baseline T2-weighted MRI: radiomic features from tumor core and tumor border plus 9 MRI-derived visual clinical features (tumor location, volume, MRF, EMVI, T and N stage etc.)",classification,classical_ml,Partial least squares (PLS) regression with leave-one-out nested cross-validation,"9 MRI-based clinical features + 1405 radiomic features (r>0.95 inter-reader repeatability; PyRadiomics, 3 resolutions) from tumor core (TC) and tumor border (TB)",ablation_or_baseline_model,"Clinical-only (AUC 0.684), radiomics-only (0.700), clinical+TC only (0.689), clinical+TB only (0.541)",Major pathological response (Mandard TRG 1-2) vs non-major (TRG 3-4); 3 patients with sustained clinical complete response coded as major response,AUC,"Clinical+radiomic TC+TB: AUC 0.793 (p=5.6e-5), LOO nested CV; clinical only 0.684; radiomic only 0.700; clinical+TC 0.689; clinical+TB 0.541",0.793,NR,NR,cross_validation,Abstract; Results; Fig. 4c; n=72 (leave-one-out nested CV),no,NR,internal_cv,performance_metric,Leave-one-out nested cross-validation in a single-center cohort; no separate validation cohort,no,yes,research_only,NR,upon_request,none_stated,NR,none_declared,Combining MRI-based clinical features with radiomic features from tumor core and border gave AUC 0.793 for pretreatment prediction of major pathological response; border features added value only in combination with core.,"Small sample, no validation cohort; retrospective single-center; some patients without antiperistaltic agent and scanner software upgrades; only T2w imaging; prospective multicenter studies needed",Clinical-only AUC 0.684; radiomics-only 0.700; clinical+TC 0.689; clinical+TB 0.541,no,REV-ALCIDES,ai_assisted_single_reviewer,2026-10-07,complete,Positive class labelled as non-major response in ROC analysis (AUC reported for that coding). Clinical features are MRI-derived visual reads so modality kept radiology_imaging (rule 9). No CI reported for AUC (p-value from shuffle-null only). Funding statement not found in PDF text. 3 of 72 labelled via sustained clinical complete response surrogate.,no,batch-18
REC-AICRCTX-000346,Li2021,Evaluating treatment response to neoadjuvant chemoradiotherapy in rectal cancer using various MRI-based radiomics models.,2021,BMC Med Imaging,10.1186/s12880-021-00560-0,peer_reviewed,neoadj_pcr_ww,rectum,Locally advanced rectal adenocarcinoma (>=cT3 or N+) treated with nCRT then TME,locally_advanced_rectal,>=cT3 or N+ (baseline); ypT/ypN reported in Table 2,retrospective_cohort,single_center,China,own_cohort,"Changhai Hospital, Shanghai, June 2016-June 2019; 80 of 114 assessed patients; pre- and post-nCRT 3.0 T high-resolution T2WI (Siemens and GE scanners)",80,patients,Methods (Participants); Results (Participant characteristics); Table 2,80,NA,NA,neoadjuvant_response,"Evaluate treatment response (TRG and pCR) to nCRT to aid treatment decisions, e.g. reassessing need for TME / watch-and-wait","nCRT: 50.4 Gy in 25-28 fractions plus oral capecitabine, then TME",radiology_imaging,"Radiomics (PyRadiomics, Radcloud) from pre- and post-nCRT high-resolution T2-weighted MRI",classification,classical_ml,"LASSO or PCA feature reduction, then logistic regression, random forest, decision tree and KNN classifiers with leave-one-out CV",2818 radiomic features (1409 pre + 1409 post nCRT); 2561 robust (ICC>=0.8); LASSO selected 3 (TRG) or 11 (pCR); PCA top 5 components,other_ai_model,"Four classifiers (LR, RF, DT, KNN) and two reduction methods (LASSO vs PCA) compared with DeLong tests",pCR (ypT0N0) vs non-pCR (selected as primary model; second target TRG 0-1 vs 2-3),AUC,"pCR, LASSO: KNN 0.945 (0.870-0.984; sens 85.7, spec 98.5), RF 0.912, DT 0.870, LR 0.801; pCR, PCA: KNN 0.712 (0.557-0.867), RF 0.693; TRG, LASSO: RF 0.943 (0.883-0.978; sens 90.3, spec 92.7), DT 0.838, KNN 0.777, LR 0.734; TRG, PCA: RF 0.930 (0.849-1.000)",0.945,0.870,0.984,cross_validation,Abstract; Results (Radiomics models of pCR classification); Table 3; n=80 (LOOCV),no,NR,internal_cv,performance_metric,Leave-one-out cross-validation within a single-center cohort; no external or hold-out validation; unclear whether feature selection was nested within LOOCV,no,no,research_only,NR,upon_request,none_stated,National Key Clinical Specialist Construction Programs of China; Youth initiative fund of Naval Medical University (2018QN05),none_declared,"In 80 LARC patients, LASSO-reduced radiomics from pre/post-nCRT T2WI gave LOOCV AUC 0.943 (RF, TRG) and 0.945 (KNN, pCR), superior to PCA reduction and net benefit on DCA.","Manual segmentation; retrospective single-center; no external validation, small uneven sample; clinical factors (tumor markers, molecular) not included","TRG good vs poor response: RF/LASSO AUC 0.943, RF/PCA 0.930; other classifiers lower (see performance_value)",no,REV-ALCIDES,ai_assisted_single_reviewer,2026-10-07,complete,"Two co-primary targets (TRG and pCR) with several models; chose pCR/KNN/LASSO as best AUC (0.945 vs 0.943 for TRG/RF), rule 2b; the conclusion does not single out one model (needs_review). Inputs include post-nCRT MRI, so model is a post-treatment response assessment rather than pretreatment prediction. Two authors affiliated with Huiying Medical Technology (Radcloud platform vendor); COI statement says none. Consent for publication statement reported although consent waived.",yes,batch-18
REC-AICRCTX-000350,Chen2020,MRI Radiomics for Prediction of Tumor Response and Downstaging in Rectal Cancer Patients after Preoperative Chemoradiation.,2020,Adv Radiat Oncol,10.1016/j.adro.2020.04.016,peer_reviewed,neoadj_pcr_ww,rectum,"Locally advanced rectal cancer without distant metastases, treated with nCRT then TME",locally_advanced_rectal,"cT2 10.3%, cT3 61.6%, cT4 25.6%, unknown 2.6%; cN0 17.9%, cN1-2 82.1%",retrospective_cohort,single_center,United States,own_cohort,"University of California Davis, Sept 2010-Feb 2018; 39 patients; 1.5 T GE Signa HDxt pre- and post-CRT high-resolution T2WI",39,patients,Abstract; Methods (Patient selection); Table 1,7,26,7,neoadjuvant_response,"Predict response (pCR, good response TRG 0-1, T-downstaging) to nCRT to aid patient-tailored treatment (intensification, organ/sphincter preservation)",nCRT (infusional 5-FU or capecitabine/UFT concurrent) followed by TME,radiology_imaging,"Radiomics (IBEX, 294 features) from pre-CRT, post-CRT T2WI and delta features; clinical N stage included in the best GR model",classification,classical_ml,"Univariate Wilcoxon + correlation filtering, then Gaussian-kernel SVM multivariate classification with leave-one-out validation","38 independent radiomic features (pre-CRT, post-CRT, delta) plus clinical variables (age, sex, cT, cN, grade, chemo type)",ablation_or_baseline_model,"Pre-CRT vs post-CRT vs delta-radiomic models (permutation test, no significant difference)",Good response (TRG 0-1) vs non-GR (TRG 2-3) after nCRT,accuracy,"GR vs non-GR, pre-CRT global minimum + cN stage: training (LOO) accuracy 100%, test 100% (n=7); post-CRT cN + 0.025 quantile + local entropy min: train 100%, test 83.3%; pCR vs non-pCR pre-CRT GLRLM-GLN + max 3D diameter: train 92.3%, test 57.1%; T-downstaging pre-CRT GLCM-correlation+NIDM+GLCM-variance: train 92.3%, test 71.4%; post-CRT NIDM busyness: train 92.3%, test 50.0%",100,NR,NR,internal_test,Results (SVM-based multivariate classification); Table 2; test n=7,no,NR,internal_holdout,performance_metric,"Training set = 26 patients with both pre- and post-CRT images (leave-one-out for predictor selection); test set = 7 patients with only pre-CRT images (pre-CRT models) or 6 with only post-CRT images (post-CRT models); non-random split by image availability, single center",no,no,research_only,NR,upon_request,none_stated,No specific funding (authors Qiu and Shi received grants from Shandong Province Key R&D Program 2017GSF218075 and Taishan Scholars Program),Qiu and Shi received grants from Shandong Province Key Research and Development Program and the Taishan Scholars Program during the study,"In 39 LARC patients, pre-CRT, post-CRT and delta radiomic SVM models performed similarly; the best GR vs non-GR predictor (pre-CRT global minimum + cN stage) reached 100% accuracy on a 7-patient test set.","Retrospective, small sample; single center without external validation; AJCC TRG grouping used because of small categories","pCR vs non-pCR best pre-CRT test accuracy 57.1% (n=7), post-CRT 66.7% (n=6); T-downstaging pre-CRT test accuracy 71.4%, post-CRT 50.0%; 13, 14 and 16 univariate predictive features for pCR, GR, T-downstaging",yes,REV-ALCIDES,ai_assisted_single_reviewer,2026-10-07,complete,"No AUC reported; accuracy only. Multiple co-primary targets (pCR, GR, T-downstaging) without declared primary; chose GR vs non-GR pre-CRT model (best predictor highlighted in abstract and conclusion-aligned pre-CRT sufficiency), rule 2c, test accuracy based on only 7 patients; performance_cohort internal_test. The test split is by image availability, not random. Feature selection used all data in univariate step before LOO/test split (as described). Delta-radiomic and post-CRT models also use post-treatment MRI.",yes,batch-18
REC-AICRCTX-000353,Zhu2020,A Deep Learning Model to Predict the Response to Neoadjuvant Chemoradiotherapy by the Pretreatment Apparent Diffusion Coefficient Images of Locally Advanced Rectal Cancer.,2020,Front Oncol,10.3389/fonc.2020.574337,peer_reviewed,neoadj_pcr_ww,rectum,Locally advanced rectal adenocarcinoma (>=cT3 or cN+) scheduled for NCRT,locally_advanced_rectal,"cT2 ~5-15%, cT3 ~66-77%, cT4a-b ~13-26% (Table 2); >=cT3 or cN+",retrospective_cohort,single_center,China,own_cohort,"Peking University Cancer Hospital, Dec 2009-Jul 2016; chronological split: training Dec 2009-Mar 2015 (n=500), test Mar 2015-Jul 2016 (n=200); 1.5 T (n=221) and 3.0 T (n=479) scanners",700,patients,Abstract; Methods (Subjects); Results,200,500,200,neoadjuvant_response,"Pretreatment prediction of good responders to NCRT to individualize treatment (intensify NCRT, organ preservation)","NCRT: IMRT 22 fractions (2.3 Gy GTV / 1.9 Gy CTV) with concurrent capecitabine, then TME at 8-10 weeks",radiology_imaging,Pretreatment ADC maps (derived from DWI b=0/1000) of tumor ROI; T2WI model as comparison,classification,deep_learning,"3D CNN with four feature-extract units (convolution, max-pooling in parallel with center-cropping), dense layers and SoftMax; DL_ADC",Manually delineated tumor ROI patches (64x64x16) from pretreatment ADC images (augmented by rotation),other_ai_model,DL_T2 (same network on T2WI) and mean ADC value threshold; 3.0 T-only models,Good response (ypT0-1 and ypN0) vs non-GR (ypT>1 or ypN>0),AUC,"Test (n=200, chronological): DL_ADC AUC 0.851 (0.789-0.914), sens 94.3, spec 68.3, PPV 87.4, NPV 83.7; mean ADC 0.723 (0.637-0.809); DL_T2 0.721 (0.640-0.802); 3.0 T only: DL_ADC 0.825 (0.752-0.899), DL_T2 0.809 (0.739-0.878)",0.851,0.789,0.914,temporal,Abstract; Results; Table 3; Fig 4A; n=200 test group,no,NR,temporal_same_center,performance_metric,Chronological split at one center (training 500 with 5-fold CV for hyperparameters; test 200 later patients); no external site,no,no,research_only,yes,yes,none_stated,"National Natural Science Foundation of China (81971584, 81501464, 91959116); Beijing Municipal Administration of Hospitals; Beijing Hospitals Authority Ascent Plan; National Key R&D Program of China; Capital's Funds for Health Improvement and Research; Beijing excellent talents training project",NR,"A DL model on pretreatment ADC images predicted good response to NCRT with AUC 0.851 in a chronological test set of 200, outperforming mean ADC (0.723) and a T2-based DL model (0.721).",Retrospective; no multicenter external validation; manual delineation subjective and time-consuming; data augmentation used rather than real samples,DL_T2 AUC 0.721; mean ADC AUC 0.723 (cut-off 1.07e-3 mm2/s); DL_ADC_3.0T 0.825; DL_T2_3.0T 0.809,no,REV-ALCIDES,ai_assisted_single_reviewer,2026-10-07,complete,"Data availability: authors give processed data and weights at GitHub (radiologypkucancer/rectal_MR_DL), coded yes for data and code. No conflict-of-interest statement found in PDF text. GR defined as ypT0-1N0 (broader than pCR). Rotation augmentation applied before split of training only (training group), not test.",no,batch-18
REC-AICRCTX-000357,Jeon2020,Combining Radiomics and Blood Test Biomarkers to Predict the Response of Locally Advanced Rectal Cancer to Chemoradiation.,2020,In Vivo,10.21873/invivo.12126,peer_reviewed,neoadj_pcr_ww,rectum,Locally advanced rectal cancer (cT3-4 or node-positive) treated with nCRT then TME,locally_advanced_rectal,"cT1-2 ~2%, cT3 ~85%, cT4 ~13%; cN+ ~83-96%; no distant metastases",retrospective_cohort,single_center,South Korea,own_cohort,"Seoul National University Bundang Hospital, 2008-2015, 135 patients randomly split 2:1 (training n=90, validation n=45); pre-nCRT T2WI (1.5T/3T Philips) and blood tests",135,patients,Abstract; Results (Patient characteristics); Table I,45,90,45,neoadjuvant_response,Noninvasive prediction of good response (Dworak TRG 3-4) to nCRT to determine subsequent treatment strategy (local excision/watch-and-wait candidates),"nCRT 50.4 Gy/28 fx with 5-FU (21.5%) or capecitabine (78.5%), then TME; adjuvant chemotherapy in 91.1%",multimodal,"Pretreatment T2WI radiomics (6-8 selected of 17 robust features) plus 8 blood-test biomarkers (NLR, PLR, LMR, NAR, albumin, CEA, hemoglobin, platelets)",classification,classical_ml,"Elastic net (alpha 0.5, 10-fold CV) models R, B, RB; model R+B = logistic linear combination of R and B scores",17 robust radiomic features (ICC>0.8) and 8 blood biomarkers,ablation_or_baseline_model,Radiomics-only (R) and blood-only (B) models vs combined RB and R+B,Good response (Dworak TRG 3-4) vs non-GR (TRG 0-2),AUC,"Validation (n=45): R+B 0.705 (0.528-0.882); R 0.705 (0.545-0.864); RB 0.679 (0.495-0.863); B 0.603 (0.415-0.792). Training (n=90): R+B 0.771 (0.668-0.874); R 0.751; RB 0.785; B 0.627. Entire cohort (n=135): R 0.733, B 0.621, RB 0.747, R+B 0.743",0.705,0.528,0.882,internal_test,Results (Performance of the models); Fig. 1; validation cohort n=45,prognostic_association,"Univariate Cox: scores of models B, RB, R+B associated with DFS; multivariate: model B score HR 0.16 (0.04-0.68), response HR 0.28; model R and R+B scores not significant",internal_holdout,performance_metric,"Random 2:1 split (caret) into training (n=90) and validation (n=45) cohorts, single center; no external validation",no,yes,research_only,NR,NR,none_stated,National Research Foundation of Korea (NRF) grants #2020R1C1C1014192 and #2017R1D1A1B03033892,none_declared,"Radiomics and blood biomarkers were non-redundant, but combined models (validation AUC 0.68-0.71) did not significantly outperform radiomics alone (0.705); radiomics dominated model scores, blood score was more tied to DFS.",Only T2-weighted MRI; variable acquisition parameters across patients; no independent validation dataset,"Model R validation AUC 0.705; model RB 0.679; model B 0.603; entire-cohort AUCs R 0.733, B 0.621, RB 0.747, R+B 0.743 (RB and R+B better than B, not than R)",no,REV-ALCIDES,ai_assisted_single_reviewer,2026-10-07,complete,"INCONSISTENT: abstract gives training AUC for R+B as 0.711 while Results text gives 0.771 (CI 0.668-0.874); text/CI value used. Four models without a declared winner; chose R+B (title/combination anchor) whose validation AUC ties model R (0.705), rule 2c. Single observer delineated tumors; stability tested by segmentation translation. DFS reported as secondary association only.",yes,batch-18
REC-AICRCTX-000358,Cusumano2021,A field strength independent MR radiomics model to predict pathological complete response in locally advanced rectal cancer.,2021,Radiol Med,10.1007/s11547-020-01266-z,peer_reviewed,neoadj_pcr_ww,rectum,"Biopsy-proven locally advanced rectal cancer (stage II-III, cT3-4, no distant metastases) treated with long-course nCRT then TME",locally_advanced_rectal,cT3 and cT4; cN0-N2; stage IIA-IIIC (Table 1),retrospective_cohort,multicenter,Italy; Netherlands,own_cohort,"Institution A (1.5 T GE, n=136, 2008-2014) and Institution B (3 T Philips, n=59, 2008-2012); 195 patients; pre-CRT T2WI",195,patients,Abstract; Methods (Patients); Table 1,195,NA,NA,neoadjuvant_response,"Predict pCR before nCRT to identify patients for conservative approaches (local excision, watch and wait) / treatment tailoring",Long-course nCRT (50-55 Gy with capecitabine or 5-FU +/- oxaliplatin) followed by TME 6-8 weeks later,radiology_imaging,"Pretreatment T2-weighted MRI radiomics (intensity-based filtered fractal, texture, energy features) harmonized across 1.5 T and 3 T",classification,statistical_model,Multiple logistic regression with 3 features chosen by univariate WMW screening and AIC; 10-fold CV x300,"Max fractal dimension (IB 0-50), run-length grey-level non-uniformity (IB 0-50), energy (of 496 features from 90 radiomic features x IB filters)",none,NR,Pathological complete response (ypT0N0 or ypT0/ypNx),AUC,Whole dataset after 10-fold CV (300 repeats): AUC 0.72; 1.5 T subset 0.70; 3 T subset 0.83,0.72,NR,NR,cross_validation,Abstract; Results; Fig. 2; n=195 merged dataset,no,NR,internal_cv,performance_metric,Both institutions merged as one training set; 10-fold cross-validation repeated 300 times; per-scanner AUCs reported by applying the model to each subset; no independent test set,no,no,research_only,NR,NR,none_stated,Open access funding provided by Universita Cattolica del Sacro Cuore (CRUI-CARE Agreement),none_declared,"A 3-feature logistic radiomics model on pre-CRT T2WI pooled from 1.5 T and 3 T scanners reached cross-validated AUC 0.72 (0.70 at 1.5 T, 0.83 at 3 T) for pCR.",No independent external dataset including both 1.5 T and 3 T from a third institution; prospective validation planned,1.5 T subset AUC 0.70; 3 T subset AUC 0.83 (same model),no,REV-ALCIDES,ai_assisted_single_reviewer,2026-10-07,complete,"Feature selection (univariate screening per scanner cohort, choice of third feature and AIC) used the whole merged dataset before the repeated 10-fold CV, so cross-validated AUC may be optimistic (factual). No CI for AUC reported. Two centers are pooled for development, so no external validation. Institution names anonymised in the PDF (XXX, YYY). Statistical_model coded because plain logistic regression without regularization or ML framing.",no,batch-18
REC-AICRCTX-000359,Shao2020,Multiparametric MRI and Whole Slide Image-Based Pretreatment Prediction of Pathological Response to Neoadjuvant Chemoradiotherapy in Rectal Cancer: A Multicenter Radiopathomic Study.,2020,Ann Surg Oncol,10.1245/s10434-020-08659-4,peer_reviewed,neoadj_pcr_ww,rectum,Locally advanced rectal cancer (cT3-4/N0-2/M0),locally_advanced_rectal,cT3-4/N0-2/M0 LARC treated with nCRT then TME,retrospective_cohort,multicenter,China,own_cohort,"Four Chinese hospitals: SYSU6 (n=303, primary cohort), SYSUCC (n=480, VC1), Yunnan Cancer Hospital (n=150, VC2), Peking University Cancer Hospital (n=48, VC3); 2007-2017",981,patients,Methods Patients; Results Clinical Characteristics (981 patients; PC 303 + VC1-3 678),678,303,678,neoadjuvant_response,"Pretreatment prediction of pathological response (TRG0-3) to nCRT to restage LARC patients and individualize treatment planning (e.g., watch and wait, local excision, weighing neoadjuvant benefit vs toxicity)",Neoadjuvant chemoradiotherapy followed by TME,multimodal,"Pretreatment multiparametric MRI (T2WI, ADC from DWI; radiomic features via PyRadiomics) plus H&E biopsy whole slide images (pathomic features via CellProfiler)",classification,classical_ml,"XGBoost radiopathomics signature (RPS), 4-class TRG prediction",Selected radiomic (MRI) and pathomic (WSI nuclear/morphology/texture) features (XGBoost gain then Spearman filtering),ablation_or_baseline_model,"Radiomics-only signature (RS, mp-MRI) and pathomics-only signature (PS, WSI)","Four-level pathological response (TRG0-TRG3, AJCC/CAP) after nCRT and TME",accuracy,"RPS overall ACC (4-class): all validation cohorts pooled (N=678) 85.2 (95% CI 82.53-87.87); VC1 87.66; VC2 78.66; VC3 81.34. Kappa pooled 0.772 (0.733-0.812). RS pooled ACC 70.19; PS 62.0. RPS AUC TRG0 vs rest 0.989 pooled (0.997 PC; VC1 0.990, VC2 0.994, VC3 0.951); abstract AUC 0.98 (TRG0), 0.93 (<=TRG1), 0.84 (<=TRG2). pCR subgroup ACC 97.65 (96.5-98.8); GR subgroup ACC 88.47 (86.07-90.87). PC (training) performance not tabulated in text.",85.2,82.53,87.87,external,"Table 1 (pooled validation, N=678); Fig 2; abstract (79.66-87.66% range)",prognostic_association,"RPS grades associated with OS and DFS (Kaplan-Meier, P<0.01); independent of true TRG in multivariable Cox (OS HR 6.975, 95% CI 4.191-13.12; DFS HR 3.831, 2.204-4.917)",external_multicenter,performance_metric,"Trained on SYSU6 (n=303); validated on three independent external hospitals (SYSUCC, YNCH, PUCH; n=678 total); bootstrap 1000 for CIs",no,yes,retrospective_validation,NR,NR,none_stated,National Natural Science Foundation of China; Beijing Natural Science Foundation; National Key R&D Program of China; CAS Strategic Priority Research Program; Youth Innovation Promotion Association CAS,none_declared,Combining mp-MRI radiomics and biopsy WSI pathomics (RPS) outperformed single-modality signatures for four-class pretreatment TRG prediction across three external cohorts (ACC 79.7-87.7%) and was prognostic for OS/DFS.,Not explicitly listed; authors note low AUC for <=TRG2 in VC3 and pooled cohort because of few TRG3 (negative) samples; TRG3 and TRG1 sensitivity lower.,"RS (MRI only) pooled ACC 70.19, kappa 0.514; PS (WSI only) pooled ACC 62.0, kappa 0.417; RPS pCR subgroup ACC 97.65; GR subgroup ACC 88.47.",no,REV-ALCIDES,ai_assisted_single_reviewer,2026-10-07,complete,"INCONSISTENT: abstract and methods state retrospective recruitment, but Discussion calls it a multicenter prospective study; coded retrospective_cohort. Per-class sensitivity TRG3 35.69 and TRG1 65.53 (Table 2). Internal PC performance not given in text tables. Clinical variables not model inputs (Table S2 baseline only).",no,batch-19
REC-AICRCTX-000361,Huang2020,Machine learning for predicting pathological complete response in patients with locally advanced rectal cancer after neoadjuvant chemoradiotherapy.,2020,Sci Rep,10.1038/s41598-020-69345-9,peer_reviewed,neoadj_pcr_ww,rectum,"LARC, tumors within 12 cm of anal verge",locally_advanced_rectal,Clinical stage II-III (T3-4 or N+),retrospective_cohort,single_center,Taiwan,own_cohort,Kaohsiung Medical University Hospital: 236 consecutive patients 2011-2017 (training/testing) + 34 new patients Jan-Sep 2018 (validation),270,patients,Methods Patients; Results Patient characteristics,34,165,71,neoadjuvant_response,Predict pCR after neoadjuvant CRT to identify LARC patients who can benefit from watch-and-wait / omission of radical surgery,Neoadjuvant chemoradiotherapy (fluoropyrimidine-based or FOLFOX-based) then TME,clinical_tabular,"Clinical, laboratory, treatment and toxicity variables including post-CRT CEA, RT-surgery interval, chemotherapy regimen, cT, cN",classification,classical_ml,"Artificial neural network (16-4-1 multilayer perceptron, one hidden layer); compared with KNN, SVM, naive Bayes, multiple logistic regression","16 variables significant on univariate logistic regression (gender, age, tumor location, chemo type, cT, cN, TNM stage, grade, post-CRT CEA, anemia, diarrhea, urinary symptoms, dermatitis, leukopenia, RT dose, RT-surgery interval)",other_ai_model,"KNN, SVM, naive Bayes classifier, multiple logistic regression",Pathological complete response (ypT0N0),AUC,"Validation set (34 new patients, Table 4): ANN AUROC 0.84, sens 0.94, 1-spec 0.80, PPV 0.89, NPV 0.87, acc 0.88; MLR AUROC 0.77, KNN 0.74, SVM 0.76, NBC 0.63. Training (n=165): ANN AUROC 0.79, acc 0.87. Internal testing (n=71): ANN AUROC 0.81, sens 0.94, acc 0.86.",0.84,NR,NR,temporal,Table 4 (validation n=34); Table 3 (training/testing),no,NA,temporal_same_center,performance_metric,"Random 70/30 split of 236 patients (training n=165, testing n=71) plus 34 later patients (2018) from the same hospital; bootstrapping with 1000 replications",no,yes,research_only,NR,yes,none_stated,Ministry of Science and Technology (Taiwan); Ministry of Health and Welfare (Taiwan),none_declared,"A 16-4-1 ANN predicted pCR after nCRT in LARC more accurately than KNN, SVM, NBC and logistic regression (validation AUROC 0.84); post-CRT CEA was the most influential predictor.",MRI features not assessed (incomplete MRI data); pCR endpoint limits utility to a small subset; only pCR models run.,"Validation AUROC: KNN 0.74, SVM 0.76, NBC 0.63, MLR 0.77.",no,REV-ALCIDES,ai_assisted_single_reviewer,2026-10-07,complete,"Data availability: ""all data generated or analysed are included in the article"" (coded yes). Inputs include post-CRT variables (post-CRT CEA, RT-surgery interval, toxicities), so not strictly pretreatment. Shallow single-hidden-layer ANN coded classical_ml (not end-to-end deep learning). Validation n=34 is small; bootstrap CIs not reported in tables. Table 3 header says 1,000 pairs of models (training n=165/testing n=71).",yes,batch-19
REC-AICRCTX-000363,Petresc2020,Pre-Treatment T2-WI Based Radiomics Features for Prediction of Locally Advanced Rectal Cancer Non-Response to Neoadjuvant Chemoradiotherapy: A Preliminary Study.,2020,Cancers (Basel),10.3390/cancers12071894,peer_reviewed,neoadj_pcr_ww,rectum,Locally advanced rectal cancer on baseline MRI,locally_advanced_rectal,LARC on pre-treatment MRI; long-course nCRT then TME (cT/cN distribution in Table 1),retrospective_cohort,single_center,Romania,own_cohort,Regional Institute of Gastroenterology and Hepatology Cluj-Napoca; MRI Jan 2017-May 2019; 67 eligible patients,67,patients,"Abstract; Results 2.1 (training 44, validation 23)",23,44,23,neoadjuvant_response,Early prediction of non-response to nCRT before treatment to avoid ineffective therapy and consider primary surgery or intensified regimen,Long-course neoadjuvant chemoradiotherapy followed by TME,radiology_imaging,"Pre-treatment T2-weighted MRI radiomics (whole-tumor 3D manual segmentation, PyRadiomics, 960 features)",classification,classical_ml,"LASSO logistic regression radiomics score (Rad-Score, 7 features) after univariate and Spearman filtering","T2WI radiomic features (shape, first-order, GLCM, GLSZM, GLRLM, GLDM; LoG and wavelet filtered)",clinical_model,"Semantic-pathological logistic model (tumor length, differentiation grade, MRF status) vs complex model adding Rad-Score",Non-response to nCRT (Ryan TRG 3 vs TRG 1-2),AUC,"Validation (n=23): AUC 0.80 (95% CI 0.58-0.94); at training cut-off -0.42 sens 75, spec 60, PPV 50, NPV 81.8, acc 65. Training (n=44): AUC 0.94 (0.82-0.99), sens 100, spec 85.2, acc 91.",0.80,0.58,0.94,internal_test,Abstract; Results 2.4 Validation of the Radiomics Score; Figure 3b,no,NA,internal_holdout,performance_metric,Single-institution cohort split into training (44) and validation (23) groups; method of allocation (random vs temporal) not stated; LASSO 10-fold CV used for feature selection,no,no,research_only,NR,NR,none_stated,No external funding,none_declared,"A 7-feature T2WI radiomics score predicted LARC non-response to nCRT (validation AUC 0.80, training 0.94) and was an independent predictor (OR 6.52, 95% CI 1.87-22.72).","Single-institution, retrospective, small sample; only one classification method (logistic regression); needs external validation in larger multicentre prospective studies.","Complex model (semantic-pathological + Rad-Score) vs semantic-pathological model: reported AUC 0.97 vs 0.80, p=0.007 (CIs as printed appear transposed); Rad-Score OR 6.52 (1.87-22.72) in multivariable model.",no,REV-ALCIDES,ai_assisted_single_reviewer,2026-10-07,complete,"INCONSISTENT: complex vs semantic-pathological model AUC CIs printed as 0.97 (0.66-0.91) vs 0.80 (0.87-0.99), i.e. CIs do not contain point estimates (likely transposed); not used for primary metric. Allocation to training/validation not described. Feature count: 960 (text/abstract) vs 934 (methods) extracted. PyRadiomics configuration in Supplementary File S1 (not needed for primary values).",no,batch-19
REC-AICRCTX-000364,Zhang2020,Predicting treatment response to neoadjuvant chemoradiotherapy in local advanced rectal cancer by biopsy digital pathology image features.,2020,Clin Transl Med,10.1002/ctm2.110,peer_reviewed,neoadj_pcr_ww,rectum,Locally advanced rectal adenocarcinoma,locally_advanced_rectal,"LARC; cT2 3 (2%), cT3 60, cT4 87; N0-N2 (Table 1)",retrospective_cohort,single_center,China,own_cohort,Yunnan Cancer Hospital; 151 LARC patients treated with nCRT Jan 2013-Jun 2018; biopsy H&E WSIs,151,patients,Methods (151 patients); Table 1 (primary 120 = 61+59; validation 31 = 11+20),31,120,31,neoadjuvant_response,Predict treatment response to nCRT to identify patients who will not benefit and to make personalized treatment plans,Neoadjuvant chemoradiotherapy (regimen in Appendix S3),digital_pathology,"Pretreatment biopsy H&E whole slide images; tumor ROI tiles (512x512 at x200), 104 texture features per tile",classification,classical_ml,LASSO feature selection (17 of 104 texture features) -> RBF-kernel SVM tile-level classifier -> mean tile probability per patient -> logistic regression pathology signature,Handcrafted texture features from tumor tiles of H&E biopsy WSIs,none,"Tile-level SVM classifier reported as intermediate step; multivariable logistic regression with clinical variables (age, sex, cT, cN, CEA) showed pathology score as only independent predictor",Poor response to nCRT (TRG 2/3 vs TRG 0/1),AUC,"Pathology signature: validation (n=31) AUC 0.877 (0.719-0.97), acc 0.710 (0.548-0.871), sens 0.700, spec 0.727, F1 0.757; primary (n=120) AUC 0.930 (0.883-0.966), acc 0.792. Tile-level SVM: AUC 0.887 primary / 0.797 validation (667 tiles).",0.877,0.719,0.97,internal_test,Results text; Table 2 (P-v row); Figure 2D,no,NA,internal_holdout,performance_metric,Random 80:20 split of one-center cohort into primary (120) and validation (31) datasets; LASSO 10-fold CV within primary set,yes,no,research_only,NR,NR,none_stated,National Key R&D Program of China; National Science Fund for Distinguished Young Scholars; NSFC; National Science Foundation for Young Scientists of China; Key R&D Program of Guangdong Province,none_declared,"A biopsy H&E digital-pathology signature (texture features, SVM+logistic) predicted poor response to nCRT in LARC with AUC 0.877 in the random held-out validation set and was the only independent predictor beside clinical variables.",Small sample relative to number of predictors; inconsistent H&E slide quality/sampling; needs large independent prospective multicenter validation.,"Tile-level SVM classifier: primary AUC 0.887, validation AUC 0.797 (acc 0.732).",yes,REV-ALCIDES,ai_assisted_single_reviewer,2026-10-07,complete,"Clinical Translation and Medicine short communication; nCRT regimen, inclusion criteria and model details are in appendices not available in the PDF (supplement_needed=yes; core performance values are in main text/Table 2). Clinical data (Table 1) used only for multivariable comparison, not as signature inputs. Table 1 column labels non-PR/PR are the paper own (response grouping TRG 0/1 vs 2/3).",no,batch-19
REC-AICRCTX-000370,Shen2020,Predicting pathological complete response in rectal cancer after chemoradiotherapy with a random forest using <sup>18</sup>F-fluorodeoxyglucose positron emission tomography and computed tomography radiomics.,2020,Ann Transl Med,10.21037/atm.2020.01.107,peer_reviewed,tox_surg,rectum,"Newly diagnosed biopsy-proven rectal adenocarcinoma (low 64, middle 61, upper/rectosigmoid 44); mucinous/signet ring excluded",locally_advanced_rectal,"AJCC 7th clinical T2 20, T3 132, T4 17; N0 56, N1 70, N2 43; M0 167, M1 2; all scheduled for curative NCRT then TME",retrospective_cohort,single_center,Taiwan,own_cohort,"China Medical University Hospital, Jan 2009-Jul 2016; 294 screened, 169 analysed",169,patients,Results Patient characteristics; Fig 1 flowchart; Table 1 (N=169),169,169,NA,neoadjuvant_response,Predict pCR to NCRT from baseline PET/CT to identify patients for wait-and-see strategy or less extensive surgery,"NCRT (capecitabine, uracil-tegafur or IV 5-FU; IMRT 45 Gy/25 fx + boost 5.4 Gy) then TME",radiology_imaging,"Baseline 18F-FDG PET/CT; 68 radiomic features from metabolic tumor volume (SUVmax x0.4 threshold), 42 retained",classification,classical_ml,"Random forest (7 splits, 6 trees; RF7,6)","42 PET/CT radiomic features (2 classical PET, 5 probability-based, 35 texture) pre-selected by ROC analysis on all patients",ablation_or_baseline_model,"Binary logistic regression on single best feature (short-run high gray-level emphasis), AUC 0.683 vs RF (P<0.0001)",Pathological complete response (Dworak TRG4) after NCRT and TME,accuracy,"5-fold CV (n=169): accuracy 89, sensitivity 74, specificity 92, PPV 67, NPV 96 (as fractions 0.89/0.74/0.92/0.67/0.96); apparent/whole cohort (n=169, cutoff 0.3013): AUC 0.941, accuracy 95.3, sensitivity 81.8, specificity 97.3, PPV 81.8, NPV 97.3; logistic comparator AUC 0.683",89,NR,NR,cross_validation,"Results: Cross-validation of the proposed model (text); apparent: Results RF structure and classification result, Table 2, Fig 4",no,NR,internal_cv,performance_metric,Single center; 5-fold CV plus out-of-bag; features selected and cutoff calibrated on all 169 patients before CV; no external or temporal validation,no,no,research_only,NR,NR,none_stated,Ministry of Health and Welfare Taiwan; China Medical University Hospital; Asia University; Academia Sinica; MOST Taiwan; Tseng-Lien Lin Foundation; Aoshima Memorial Funds; funders had no role,none_declared,RF on baseline PET/CT radiomics predicted pCR with apparent AUC 0.941 and accuracy 95.3% (CV accuracy 89%); pCR rate 13% (22/169); authors state external validation is needed.,Single institution without external validation; fixed 40% SUVmax MTV threshold; few pCR cases (PPV prevalence dependent); feature selection used all data (possible information leakage into test); single feature-selection method; MRI not compared; pCR rate may depend on surgery interval.,"Logistic regression single feature AUC 0.683 (OR 1.04, 1.014-1.067); RF AUC across 500 forests G7,6 range 0.8718-0.9728",no,REV-ALCIDES,ai_assisted_single_reviewer,2026-10-07,complete,"Headline abstract accuracy 95.3 / AUC 0.941 are apparent (resubstitution, all 169) performance; most demanding reported cohort is 5-fold CV, so coded cross_validation with accuracy 89 (reported as 0.89; no CI, no CV AUC). Feature selection (ROC on all 68 features) done on the full cohort before CV: factual note of possible leakage, also acknowledged by authors. n_train=169 reflects model fit on all patients.",no,batch-19
REC-AICRCTX-000371,Petkovska2020,Clinical utility of radiomics at baseline rectal MRI to predict complete response of rectal cancer after chemoradiation therapy.,2020,Abdom Radiol (NY),10.1007/s00261-020-02502-w,peer_reviewed,neoadj_pcr_ww,rectum,Locally advanced rectal cancer; mid rectum 47/102; mucinous excluded,locally_advanced_rectal,Locally advanced rectal cancer; most T3; nCRT (50.4 Gy +/- capecitabine) then TME; detailed cTNM in Table 2 (not extracted),retrospective_cohort,single_center,United States,own_cohort,Memorial Sloan Kettering Cancer Center consecutive patients Oct 2011-Jan 2015 (9/102 MRIs from outside institutions); same 102 patients as earlier restaging-radiomics study (Horvat 2018),102,patients,Results Patient characteristics; Fig 1,102,102,NA,neoadjuvant_response,Predict complete response to neoadjuvant CRT from baseline MRI to stratify patients and allow alternative individualized therapies (non-operative management),"Neoadjuvant chemoradiation (50.4 Gy, preferably capecitabine) followed by TME",radiology_imaging,"Baseline T2-weighted rectal MRI radiomics (108 CERR/IBSI features, manual segmentation) plus anatomical MRI staging criteria from standardized MRI reports (tumor length, T stage, extramural depth, EMVI, location)",classification,classical_ml,LASSO-derived radiomics score (6 features) combined with anatomical MRI criteria in an RBF support vector machine,"Radiomics score + tumor location, length, T stage, extramural depth of invasion, EMVI",ablation_or_baseline_model,Anatomical MRI-only SVM and radiomics-only score (compared by DeLong),Pathologic complete response (ypT0N0),accuracy,"Combined SVM (CV): accuracy 74, sensitivity 58, specificity 77; anatomical-only SVM: accuracy 67, sensitivity 42, specificity 72; radiomics score alone (n=102): AUC 0.75 (95% CI 0.63-0.87), cutoff 1.39 sens 0.70 spec 0.74; re-segmentation by 2 radiologists (66 patients): AUC 0.75 (0.59-0.91) and 0.71 (0.52-0.90)",74,NR,NR,cross_validation,Abstract and Results: Support Vector Machine Classifier Model; Radiomic Classification of pCR,no,NR,internal_cv,performance_metric,Single center; LASSO 5-fold stratified CV and SVM CV; inter-reader segmentation robustness on 66 patients is not independent validation; authors state no external validation,no,yes,research_only,yes,NR,none_stated,NIH/NCI Cancer Center Support Grant P30 CA008748; Colorectal Cancer Research Center CC50367 at MSKCC,"Garcia-Aguilar received honoraria from Medtronic, Johnson & Johnson, Intuitive Surgical; others none",Baseline T2 radiomics score gave AUC 0.75 for pCR; adding it to anatomical MRI criteria in an SVM raised accuracy from 67% to 74% (sensitivity 42% to 58%).,Small retrospective sample; excluded non-surgical patients (selection bias); imbalanced (about 19 pCR); drugs/doses not separated; pilot study; anatomical criteria from clinical consensus reports without inter-reader agreement; T2 only; manual segmentation; no external validation.,Radiomics score alone AUC 0.75 (0.63-0.87); Wilcoxon p=0.001; 6 LASSO features of 73 robust (35 of 108 excluded for field strength),no,REV-ALCIDES,ai_assisted_single_reviewer,2026-10-07,complete,"INCONSISTENT: pCR count reported as 18 (19%) in Results but 19 in Discussion/Limitations; pPR 83 (83+18=101 vs N=102); No table resolves the discrepancy; N=102 used. Principal model taken as combined radiomics+anatomical SVM (title/conclusion); radiomics score alone is the abstract AUC headline. Accuracy values are cross-validated; no AUC reported for the combined SVM. Anatomical criteria derive from MRI reports so modality coded radiology_imaging, not multimodal. Code: text says R code is on a GitHub repository (CERR). Same 102 patients as Horvat 2018 (cohort overlap with other work).",no,batch-19
REC-AICRCTX-000372,Antunes2020,Radiomic Features of Primary Rectal Cancers on Baseline T&lt;sub&gt;2&lt;/sub&gt; -Weighted MRI Are Associated With Pathologic Complete Response to Neoadjuvant Chemoradiation: A Multisite Study.,2020,J Magn Reson Imaging,10.1002/jmri.27140,peer_reviewed,neoadj_pcr_ww,rectum,"Rectal adenocarcinoma, locally advanced (cT3-4, cN+) or threatening structures",locally_advanced_rectal,cT3-4 and/or cN+ locally advanced rectal adenocarcinoma; distant metastasis excluded; long-course nCRT then proctectomy,retrospective_cohort,multicenter,United States,own_cohort,"3 Cleveland institutions 2009-2019: Site 1 Cleveland Clinic (discovery n=60), Site 2 University Hospitals and Site 3 Louis Stokes VA (hold-out n=44)",104,patients,Methods Data description; Abstract,44,60,44,neoadjuvant_response,Pre-treatment identification of pCR to neoadjuvant chemoradiation to enable early identification of candidates for wait-and-watch non-operative management,"Long-course nCRT 45-50.4 Gy with capecitabine, then proctectomy",radiology_imaging,"Baseline T2-weighted MRI, 764 radiomic texture descriptors from single largest tumor slice (Laws, CoLlAGe, Haralick, Gabor, gradient)",classification,classical_ml,"Random forest on top 4 features chosen by correlation pruning + Wilcoxon rank-sum (also mRMR, LASSO compared)",4 radiomic texture features,ablation_or_baseline_model,"Alternative feature selection schemes (mRMR, LASSO), 2-6 features and whole-GTV features (hold-out AUC 0.634); univariate clinical/MRI variables non-significant",Pathologic complete response (AJCC TRG 0 vs 1-3),AUC,"Hold-out external (n=44; 10 pCR): AUC 0.712, accuracy 70.5, sensitivity 70.0 (7/10), specificity 70.6 (24/34); discovery CV (n=60, 50 runs of 3-fold): AUC 0.699 +/- 0.076; whole-GTV model: discovery AUC 0.595, hold-out AUC 0.634 (accuracy 63.6, sens 30, spec 73.5)",0.712,NR,NR,external,Abstract; Results: Performance of radiomics classifier in identifying pCR patients; Fig 3,no,NR,external_multicenter,performance_metric,"Developed on Site 1 (n=60) with repeated 3-fold CV; hold-out validation on 44 patients from two other sites (UH, VA)",no,no,retrospective_validation,NR,NR,none_stated,National Cancer Institute grants; NCRR; NIBIB; DOD programs; VA Merit Review; Ohio Third Frontier; Wallace H. Coulter Foundation; CWRU CTSA,NR,RF on 4 baseline T2 MRI texture features achieved discovery AUC 0.699 and hold-out two-site AUC 0.712 (accuracy 70.5%) for pCR; features robust across field strength and two annotators; clinical/MRI variables not associated with pCR.,"Discovery set limited to 60 patients from one site; class imbalance (about 1 in 4 pCR), addressed by undersampling in training; heterogeneity of scanners, resolutions and annotations.","Feature selection comparison (hold-out only 2-stage Wilcoxon generalized); whole-GTV RF AUC 0.634; robustness: feature agreement between 2 annotators (rho 0.691-0.930), 8/9 features not different 1.5T vs 3T",no,REV-ALCIDES,ai_assisted_single_reviewer,2026-10-07,complete,Primary metric AUC 0.712 has no CI. n_train 60 is the discovery set (CV). Hold-out set small (10 pCR events). Mucinous tumors present in the validation cohort (5). No conflict-of-interest statement found in the manuscript text.,no,batch-19
REC-AICRCTX-000373,Maaref2020,Predicting the Response to FOLFOX-Based Chemotherapy Regimen from Untreated Liver Metastases on Baseline CT: a Deep Neural Network Approach.,2020,J Digit Imaging,10.1007/s10278-020-00332-2,peer_reviewed,metastatic_systemic,colorectal,Colorectal cancer liver metastases (CLM) on baseline CT,metastatic,Colorectal liver metastases receiving first-line FOLFOX + bevacizumab,retrospective_cohort,single_center,Canada,own_cohort,"CHUM institutional liver biobank, Jun 2009-Jun 2016; 202 CLM patients/444 lesions; response task 120 patients/381 lesions",120,patients,"Methods Patient Dataset (120 patients for response prediction; 381 lesions: 213 responsive, 168 non-responsive); 202 patients/444 lesions for treated-vs-untreated task",76,267,76,systemic_therapy_selection_response,"Predict response to FOLFOX + bevacizumab first-line from untreated liver metastases on baseline CT, to determine chemotherapy regimen and eligibility for surgery",First-line FOLFOX with bevacizumab for CLM,radiology_imaging,"Baseline contrast-enhanced CT (portal venous), automatically segmented lesions with radiologist validation",classification,deep_learning,Inception-inspired CNN (2D slices combined per lesion) after a treated-vs-untreated lesion classifier CNN,Bounding boxes or segmentations of all untreated lesions on baseline CT,ablation_or_baseline_model,"Four input configurations (largest lesion vs all lesions; bounding box vs segmentation); classical ML (DT, SVM, ANN with Haralick features) compared only in the treated/untreated task",Histopathologic response by tumor regression grade (TRG 1-3 responsive vs 4-5 non-responsive) after FOLFOX-bevacizumab,accuracy,"Setup 3 (bounding box, all untreated lesions): AUC 0.83 (0.78-0.87), accuracy 78.9 (text 78; CI 74-83), sens 97.2, spec 59.5; Setup 4 (segmentation all lesions): AUC 0.88 (0.85-0.94), accuracy 76.6, sens 98.1, spec 54.3; Setup 1: AUC 0.66, acc 61.7; Setup 2: AUC 0.68, acc 66.1",78.9,74,83,internal_test,Abstract (78%); Table 3 Setup 3; Results Treatment Response Prediction (CI),no,NR,internal_holdout,performance_metric,"Single center; random 70/10/20 split with fivefold CV; lesion-level analysis, patient-level separation of lesions not stated; no external validation",no,no,research_only,NR,NR,none_stated,"MEDTEQ, IVADO, MITACS; FRQ-S and FARQ (An Tang); Imagia Cybernetics provided hardware",NR,"CNN predicted FOLFOX-bevacizumab response from untreated CLM on baseline CT with 78% accuracy (AUC 0.83; high sensitivity 97%, low specificity 59%), and separated treated from untreated lesions with 91% accuracy.","Only lesion-bearing images (no healthy subjects); best model needs accurate automatic segmentation; small training set (444 lesions/202 patients); single center, no multicenter or independent validation.","Treated vs untreated lesion CNN (202 patients/444 lesions): AUC 0.97, accuracy 91 (CI 88-93), sens 90, spec 91; DT/SVM/ANN AUC 0.66/0.60/0.62 and accuracy 67/59/60",no,REV-ALCIDES,ai_assisted_single_reviewer,2026-10-07,complete,"INCONSISTENT: primary model chosen as Setup 3 because abstract anchors 78% accuracy (best AUC is Setup 4, 0.88). Test N not stated: n_train 267, n_test/n_performance 76 derived: 70%/20% of 381 lesions; text says 27 of 34 poor responders correct (79%), at odds with specificity 59.5%; Discussion refers to TACE-treated lesions and TACE classification although regimen studied is FOLFOX. Unit of analysis is lesions (381) from 120 patients; prediction per lesion, so same-patient lesions may cross split (not stated). Table 3 values preferred over text (78 vs 78.9).",yes,batch-19
REC-AICRCTX-000378,vanGriethuysen2020,Radiomics performs comparable to morphologic assessment by expert radiologists for prediction of response to neoadjuvant chemoradiotherapy on baseline staging MRI in rectal cancer.,2020,Abdom Radiol (NY),10.1007/s00261-019-02321-8,peer_reviewed,neoadj_pcr_ww,rectum,Locally advanced rectal adenocarcinoma (non-mucinous) treated with long-course CRT,locally_advanced_rectal,"cT3 and/or N+ (cT1-2 12%, cT3 82%, cT4 6%; cN0 8%, cN1 30%, cN2 61%)",retrospective_cohort,multicenter,Netherlands,own_cohort,"Maastricht UMC (center 1, n=86) and Zuyderland Medical Center Heerlen (center 2, n=47), 2007-2013, baseline staging MRI",133,patients,Abstract; Methods Study population; Table 3,46,83,46,neoadjuvant_response,"Predict good (TRG1-2) or complete response to neoadjuvant chemoradiotherapy on baseline MRI; could guide intensification, omission of CRT or organ preservation",Long-course CRT (28x1.8 Gy + capecitabine 825 mg/m2),radiology_imaging,"Baseline multiparametric MRI (T2W, DWI b0, DWI b1000/1100, ADC); 2505 PyRadiomics features",classification,classical_ml,mRMR feature selection (9 features) + L2-regularized logistic regression with balanced class weights; trained per segmentation (5) and outcome (2),"Radiomic features (intensity, texture, shape) from T2W, DWI and ADC; only 415 stable features eligible",clinician_or_expert,"Two expert abdominal radiologists, 5-point subjective likelihood score based on morphologic criteria (size, signal, T/N-stage, shape, CRM, EMVI)",Good response (TRG1-2) to CRT; second outcome complete response (ypT0/TRG1 or sustained cCR >2 y in W&W),AUC,"Good response, center 2 validation, radiomics exp_segm1 0.79 [0.66-0.93], exp_segm2 0.69, non-exp_segm1 0.78, non-exp_segm2 0.70, semi-automatic 0.60 (ns); radiologists R1 0.68, R2 0.67. Complete response, center 2: radiomics exp_segm1 0.77 [0.58-0.96], exp_segm2 0.69 (ns), non-exp_segm1 0.73 [0.51-0.94], non-exp_segm2 0.66 (ns), semi-aut 0.63 (ns); radiologists R1 0.83, R2 0.74. Training center 1: complete 0.71-0.74, good 0.69-0.77",0.79,0.66,0.93,external,"Table 4 (center 2 validation, good response, exp_segm1); Results text",no,NR,external_retrospective,performance_metric,"Train on center 1 (n=86), validate on center 2 (n=47), different vendor/protocol; 5-fold stratified CV for hyperparameters in training set; one external center",no,no,retrospective_validation,NR,NR,none_stated,Dutch Cancer Society (KWF) grant 2016-2/10611,Dr. Aerts declares stock options in Sphera and Genospace; other authors none,"Radiomics from baseline MRI with manually corrected segmentations achieved external AUC 0.69-0.79 (good response) and 0.73-0.77 (complete response, only 2 of 4 models significant), comparable to expert radiologists (0.67-0.83); semi-automatic segmentations alone not significant.","Small dataset with wide CIs, overfitting risk (strong regularization), subjective radiologist scoring, only locally advanced tumors, needs multicenter validation","Complete-response radiomics models (exp_segm1 AUC 0.77 external); models per segmentation; radiologists R1/R2 AUC 0.83/0.74 complete, 0.68/0.67 good; no significant differences radiomics vs radiologists (DeLong P 0.18-0.93)",no,REV-ALCIDES,ai_assisted_single_reviewer,2026-10-07,complete,"Multiple co-primary models (good vs complete response, 5 segmentations) with no declared winner and no conclusion-anchored model; chose best external AUC (good response, expert segmentation 1). n_performance 46: 1 center-2 patient lacked TRG (3 in center 1, so train 83). Feature details in Supplementary 2 not needed.",yes,batch-20
REC-AICRCTX-000379,Hamerla2019,Radiomics Model Based on Non-Contrast CT Shows No Predictive Power for Complete Pathological Response in Locally Advanced Rectal Cancer.,2019,Cancers (Basel),10.3390/cancers11111680,peer_reviewed,neoadj_pcr_ww,rectum,Locally advanced rectal carcinoma treated with neoadjuvant CRT then TME,locally_advanced_rectal,"cT2 7%, cT3 80%, cT4 13%; cN0 18%, cN1 53%, cN2 29%",retrospective_cohort,single_center,Germany,own_cohort,"Consecutive patients, University of Leipzig, 2010-2018, single CT scanner (planning non-contrast CT)",169,patients,Abstract; Results 2.1; Table 1,169,NA,NA,neoadjuvant_response,Predict pCR after neoadjuvant chemoradiation from non-contrast planning CT radiomics (replication of Bibault et al.),"Neoadjuvant CRT (mean 50.4 Gy, infusional 5-FU) followed by TME",radiology_imaging,Non-contrast treatment-planning CT; 1819 radiomics features from manually segmented tumor,classification,classical_ml,"Random forest (default parameters) with recursive feature elimination (63 features), 100x repeated 4-fold CV","CT radiomic features (shape, first-order, texture, filtered/wavelet)",ablation_or_baseline_model,Same pipeline run on computer-generated random data as negative control,pCR vs non-pCR after neoadjuvant CRT,accuracy,"CV accuracy 0.87 (SD 0.01); balanced accuracy 0.50 (SD 0.01); MCC 0.0 (SD 0.02); random-data control: accuracy 0.87, balanced accuracy 0.5, MCC 0.0",0.5,NR,NR,cross_validation,Results 2.2 (balanced accuracy); Abstract,no,NR,internal_cv,performance_metric,100 repetitions of 4-fold cross-validation on the single cohort; no independent test set; random-data negative control,no,no,research_only,NR,NR,none_stated,No external funding,none_declared,"Random forest on non-contrast CT radiomics reached accuracy 0.87 but balanced accuracy 0.50 and MCC 0, equal to the random-data control: no predictive power for pCR; class imbalance (13% pCR) produced optimistic accuracy.","Random forest choice, segmentation strategy, 169 cases (though learning curve suggests more data would not help), no multivariate analysis",NR,no,REV-ALCIDES,ai_assisted_single_reviewer,2026-10-07,complete,Negative study. primary_metric_value is balanced accuracy 0.50 (authors headline after imbalance correction); plain accuracy 0.87 reported in performance_value. n_train/n_test NA because repeated 4-fold CV only.,no,batch-20
REC-AICRCTX-000380,Li2019,Predicting pathological complete response by comparing MRI-based radiomics pre- and postneoadjuvant radiotherapy for locally advanced rectal cancer.,2019,Cancer Med,10.1002/cam4.2636,peer_reviewed,neoadj_pcr_ww,rectum,Locally advanced rectal adenocarcinoma treated with nCRT then TME,locally_advanced_rectal,"cT3-4 or N+ (c-Stage II-III); cT3 ~57-78%, cT4 11-34%, cN2 ~54-67% per Table 1",retrospective_cohort,single_center,China,own_cohort,"Consecutive LARC patients, Xiangya Hospital, Mar 2011-Mar 2018; random 2:1 split into primary and validation cohorts",131,patients,Abstract; Results 3.1; Table 1,44,87,44,neoadjuvant_response,Predict pCR to nCRT using change in MRI radiomics pre- vs post-nRT; authors suggest support for watch-and-wait,nCRT (46-50 Gy/23-25 fx + 5-FU/capecitabine or mFOLFOX6/CAPOX) then TME,radiology_imaging,T2-weighted MRI pre-nRT and within 1 week post-nRT; delta of 165 IBEX radiomics features (post minus pre); post-treatment imaging required,classification,classical_ml,LASSO logistic regression (10-fold CV for lambda) producing 7-feature Rad-score; multivariable logistic regression,"Delta radiomic features (7 selected: GOH-Skewness, GLRLM-RLNU, ID-Local Entropy Max, ID-Local Range Min, NIDM-Coarseness, max 3D diameter, surface area density); clinical variables tested in multivariable analysis",none,NR (clinical factors only in multivariable model),"pCR (ypT0N0, TRG 0) vs non-pCR",AUC,Primary cohort AUC 0.92 (0.86-0.99); validation cohort AUC 0.87 (0.74-1.00); Rad-score OR 23.581 (4.445-125.090) multivariable,0.87,0.74,1.0,internal_test,Abstract; Results 3.3 (validation cohort),no,NR,internal_holdout,performance_metric,"Random 2:1 split of single-center cohort (87 primary, 44 validation); ""independent cohort"" is a random internal hold-out",yes,no,research_only,NR,NR,none_stated,National Natural Science Foundation of China (81702956); Central South University Strategy-Oriented Special Project (ZLXD2017003); XiangYa-Peking University Wei Ming Fund (xywm2015I21),none_declared,Delta T2 MRI radiomics signature (7 features) distinguished pCR in the random hold-out cohort (AUC 0.87) and was an independent predictor of pCR (OR 23.6).,"Retrospective, single institution, limited number of patients; prospective multi-region trials needed","Primary cohort AUC 0.92; multivariable model with distance from anal verge, chemotherapy regimen, interval to surgery and Rad-score",no,REV-ALCIDES,ai_assisted_single_reviewer,2026-10-07,complete,"Model uses post-nRT MRI (delta features), so it is not a pre-treatment selection tool. Validation cohort described as independent but is a random split of the same center. Minor text inconsistency: pCR rate 27/131 = 20.6%. Not marked INCONSISTENT.",no,batch-20
REC-AICRCTX-000381,Shayesteh2020,Prediction of Response to Neoadjuvant Chemoradiotherapy by MRI-Based Machine Learning Texture Analysis in Rectal Cancer Patients.,2020,J Gastrointest Cancer,10.1007/s12029-019-00291-0,peer_reviewed,neoadj_pcr_ww,rectum,"Locally advanced rectal cancer within 15 cm of anal verge, cT3-4 and/or N+",locally_advanced_rectal,cT3-4 or node-positive; no cTNM distribution reported,retrospective_cohort,single_center,Iran,own_cohort,"Imam Khomeini hospital, Tehran University of Medical Sciences, Oct 2016-Apr 2018 (paper also labels study ""multicenter"" in compliance statement)",67,patients,Abstract; Methods Patient Characteristics; Table 2,67,NA,NA,neoadjuvant_response,Predict response to nCRT (responder = AJCC/CAP grade 0-1 vs non-responder grade 2-3) from pretreatment MRI texture,nCRT (45-50.4 Gy + capecitabine 825 mg/m2) then surgery,radiology_imaging,"Pretreatment T1W and T2W MRI (3T), IBEX texture features with LoG filter sigma 0.5/1/1.5",classification,classical_ml,"Naive Bayesian network (best of 9 WEKA classifiers incl. AdaBoost, LogitBoost, random forest, LMT) with CfsSubsetEval feature selection, 10-fold CV, T2W LoG sigma 0.5","Intensity, shape, co-occurrence, run-length texture features from T1W/T2W MRI",other_ai_model,"Eight other classifiers, six feature selection algorithms and filter settings compared within the paper",Responder (AJCC/CAP TRG 0-1) vs non-responder (TRG 2-3) to nCRT,AUC,"Best: naive Bayes, T2W, LoG 0.5, CfsSubsetEval, 10-fold CV AUC 85.1 (CI 0.77-0.89, p=0.0001); T2W unprocessed AdaBoost 74.8; T1W AdaBoost LoG sigma 1 78.1; other feature selection algorithms lower (e.g. SYM AT LogitBoost 74.5)",0.851,0.77,0.89,cross_validation,Abstract; Results text; Table 3; Table 4,no,NR,internal_cv,performance_metric,10-fold CV on the whole cohort; feature selection and the best filter/classifier/feature-selection combination chosen on the same data (selection-on-test); no hold-out or external set,no,no,research_only,NR,NR,none_stated,No financial support,none_declared,"Across 9 ML classifiers, LoG filtering and 6 feature selection methods, naive Bayes on T2W LoG 0.5 features with CfsSubsetEval gave the best CV AUC (0.851) for predicting TRG 0-1 response to nCRT.","Small sample (""53 patients""), feature robustness/segmentation variability, only 10-fold CV without external validation","Unprocessed T2W AdaBoost AUC 74.8; T1W AdaBoost LoG sigma 1 AUC 78.1; CfsSubsetEval: AdaBoost 79.4, LogitBoost 79.3, LMT 77.5; univariate best feature AUC 0.65",no,REV-ALCIDES,ai_assisted_single_reviewer,2026-10-07,complete,"INCONSISTENT: limitations state 53 patients whereas methods/abstract/Table 2 give 67; Table 2 response percentages (9.4, 26.4, 47.2) imply a denominator of 53. Used 67 (abstract, methods). Grading of 11/19/26/11 sums to 67. Feature selection and model/filter selection were done on the full cohort before CV (possible optimistic bias); recorded factually. Paper states ""Multicenter study"" in compliance form but data from one hospital.",no,batch-20
REC-AICRCTX-000383,Bulens2020,Predicting the tumor response to chemoradiotherapy for rectal cancer: Model development and external validation using MRI radiomics.,2020,Radiother Oncol,10.1016/j.radonc.2019.07.033,peer_reviewed,neoadj_pcr_ww,rectum,Locally advanced rectal adenocarcinoma treated with CRT then TME,locally_advanced_rectal,Development: cT3-4N0 or T1-4N1-2; validation: T4Nx or TxN2 or T3 with threatened mesorectal fascia (mucinous excluded),prospective_cohort,NR,Belgium,own_cohort,"Development: 70 of 85 patients from a prospective clinical trial (2012-2015, Philips Ingenia 3T); validation: 55 patients from an observational prospective study (2008-2011, Philips AchievaTX 3T); authors at Leuven, sites not stated explicitly",125,patients,Abstract; Results (70 dev + 55 validation),55,70,55,neoadjuvant_response,Predict (near-)complete pathological response (ypT0-1N0) to CRT to select patients for organ-preserving strategies (watch-and-wait/local excision),CRT (45-50 Gy + 5-FU or capecitabine) then TME,radiology_imaging,"T2-weighted MRI and DW-MRI (b800, ADC) before and after CRT; 2131 radiomic features per sequence plus 4 semantic volumetric/ADC parameters (post-CRT imaging required)",classification,classical_ml,"Standardization + PCA + LASSO logistic regression; 42 models developed with 5-fold CV tuning, 3 selected by precision and AUC>0.75","Quantitative radiomic features from T2, b800 and ADC pre/post CRT, with or without four semantic parameters (DeltaVolume%, Sphere_post, ADC_avg_post, ADCratio_avg)",ablation_or_baseline_model,Previously established four-feature semantic MRI model (AUC 0.87 in validation); radiomics models did not outperform it,(Near-)complete pathological response ypT0-1N0,AUC,"External validation: semantic_dwi_post AUC 0.86 (0.76-0.97), PPV 80%, sens 33%, spec 97%; t2_dwi_pre_post 0.83 (0.70-0.95), PPV 80%, sens 33%, spec 97%; semantic_dwi_adc_pre 0.49 (0.24-0.74); four-feature semantic model 0.87 (0.76-0.97). Development CV: t2_dwi_pre_post 0.83 (0.73-0.93, sens 50, spec 90, PPV 67); semantic_dwi_adc_pre 0.86 (0.75-0.98); semantic_dwi_post 0.84 (0.75-0.94, sens 63, spec 88, PPV 67)",0.86,0.76,0.97,external,"Results text (validation cohort), Table 2, Abstract (CI 0.76-0.97 in text, abstract 0.76-0.97)",no,NR,external_retrospective,performance_metric,"Separate independent cohort (different period, scanner and protocol) of 55 patients, from prospective studies but model applied retrospectively; one validation cohort; institution(s) not stated, so external site status assumed per authors",no,no,retrospective_validation,yes,NR,TRIPOD,Belgian IWT agency; FWO fellowships; De Drie Lichten and Dr. Catharine van Tussenbroek foundations; NIBIB R01EB020527; funders had no role,none_declared,"Radiomics MRI models using pre/post-CRT imaging predicted ypT0-1N0 in an independent cohort (AUC 0.83-0.86), but did not outperform a simple four-feature semantic model (AUC 0.87); pretreatment-only radiomics validated poorly (AUC 0.49).","Differences between cohorts (patients, tumors, radiation dose), small numbers and overfitting risk, b800 interpolation noise in development cohort, single reader ROI on T2 transferred to DWI","t2_dwi_pre_post (pure radiomics, post-CRT data) external AUC 0.83 (0.70-0.95); semantic_dwi_adc_pre pretreatment external AUC 0.49; four-feature semantic model external AUC 0.87 (0.76-0.97)",no,REV-ALCIDES,ai_assisted_single_reviewer,2026-10-07,complete,"Three co-primary selected models, no declared winner; chose best external AUC among radiomics-based models (semantic_dwi_post, 0.86), alternative is t2_dwi_pre_post 0.83 (pure radiomics, abstract-first). Both selected models use post-CRT MRI (restaging, not pre-treatment selection). Validation cohort called external by authors but sites not named, coded external_retrospective. Primary-cohort CI text for validation semantic_dwi_post 0.75-0.97 in Results vs abstract 0.76-0.97; used 0.76-0.97.",yes,batch-20
REC-AICRCTX-000385,Yi2019,MRI-Based Radiomics Predicts Tumor Response to Neoadjuvant Chemoradiotherapy in Locally Advanced Rectal Cancer.,2019,Front Oncol,10.3389/fonc.2019.00552,peer_reviewed,neoadj_pcr_ww,rectum,"Biopsy-proven rectal adenocarcinoma, LARC (T3-4 or N+) treated with nCRT then TME",locally_advanced_rectal,"LARC cT2-4 (cT2 ~2-3%, cT3 ~75%, cT4 ~20%), cN0-2",retrospective_cohort,single_center,China,own_cohort,"134 consecutive LARC patients, Xiangya Hospital, March 2009-December 2017; 1.5T Siemens or 3.0T GE scanners",134,patients,Abstract; Results Patients Characteristics (134 patients; 3:1 random split),41,93,41,neoadjuvant_response,"Predict response (pCR, good response, down-staging) to nCRT; potential complementary tool to assist clinical decision making",Standard neoadjuvant chemoradiotherapy then total mesorectal excision,radiology_imaging,"Axial T2-weighted MRI texture features (340 MaZda features from one slice) plus clinicopathological/laboratory features (lab data, FOBT, pathology type, distance from anal verge); clinical variables added to an imaging model (not coded multimodal)",classification,classical_ml,"LASSO Rad-score and Random Forest on selected features combined by SVM (SVM-score), final SVM combining texture and clinicopathological models (model 7); MATLAB",10 T2WI texture features + 7-8 traditional radiological/clinicopathological features (from 31 TRC candidates),ablation_or_baseline_model,Texture-only (model 3) and clinicopathological-only (model 6) models; combined model significantly better (P<0.05),Pathological complete response (ypT0N0M0) vs non-pCR,AUC,"pCR SVM-combined: training AUC 0.9078 (0.8315-0.9841), validation AUC 0.8745 (0.7482-0.9949), validation accuracy 0.854, sens 0.806, spec 0.900; good response validation AUC 0.8972 (0.8019-0.9925), training 0.9017; down-staging validation AUC 0.8920 (0.7940-0.9901), training 0.9297",0.8745,0.7482,0.9949,internal_test,"Table 2 (pCR, SVM3, validation cohort); Results text",no,NR,internal_holdout,performance_metric,Random 3:1 split of the single-institution dataset into training (n=93) and validation (n=41) for the pCR model; no external or temporal cohort,no,no,research_only,NR,NR,none_stated,"National Natural Science Foundation of China (81702956, 81602399); Postdoctoral Science Foundation of Central South University; Central South University special project; Beijing CSCO Fund",none_declared,"Combined texture + clinicopathological SVM model predicted pCR (validation AUC 0.87), good response (0.90) and down-staging (0.89) from baseline T2WI; combined model outperformed either component alone.",Retrospective with selection bias; modest sample size; single institution/single dataset without external validation; features from single largest slice; three different MRI scanners,"Good response model validation AUC 0.8972; down-staging validation AUC 0.8920; component models (texture only, TRC only) lower, e.g. pCR validation SVM1 0.8194, SVM2 0.7581",no,REV-ALCIDES,ai_assisted_single_reviewer,2026-10-07,complete,"Primary = pCR model (title/abstract lead, first listed outcome). Abstract AUCs (0.91/0.90/0.93) correspond to the TRAINING cohort in Table 2; validation values used here. cT/cN counts from Table 1 differ slightly across models. Inclusion/exclusion details in supplement not needed for coded fields.",no,batch-20
REC-AICRCTX-000387,Shi2019,Machine learning for prediction of chemoradiation therapy response in rectal cancer using pre-treatment and mid-radiation multi-parametric MRI.,2019,Magn Reson Imaging,10.1016/j.mri.2019.05.003,peer_reviewed,neoadj_pcr_ww,rectum,"Locally advanced rectal cancer without distant metastasis (AJCC), CRT then TME",locally_advanced_rectal,"LARC by AJCC TNM, no distant metastasis (examples cT3N+M0); stage distribution not tabulated",retrospective_cohort,NR,NR,own_cohort,"51 LARC patients receiving neoadjuvant CRT: 45 with pre-treatment MRI, 41 with mid-RT MRI, 35 with both; 3.0T GE Signa HDxt; institution not stated in methods (authors from Hangzhou, China and US)",51,patients,Abstract; Methods 2.1 Patients,35,NA,NA,neoadjuvant_response,Predict final pathologic response from pre-treatment and 3-4 week mid-RT MRI; identify likely pCR to spare TME and poor responders to change regimen or operate early,"CRT: 50 Gy/25 fx IMRT + capecitabine and oxaliplatin, one additional chemo cycle, then TME at 6-8 weeks",radiology_imaging,"Multi-parametric MRI (T1, T2, DWI b0/800 with ADC, DCE) pre-treatment and mid-RT; GLCM texture and histogram features plus ROI tumor volume/ADC",classification,classical_ml,"3-layer perceptron ANN with forward feature selection on radiomics + ROI parameters, 4-fold CV (MATLAB); secondary: 7-layer CNN, 10-fold CV, data augmentation","96 radiomic parameters (GLCM texture and histogram from T1, T2, ADC, DCE L2) plus tumor volume, mean ADC and DCE signal (ROI parameters)",other_ai_model,"ROI-only parameters, radiomics-only subsets (T1+T2, ADC, DCE), and CNN deep learning compared with ROI+radiomics ANN (DeLong tests); LR and SVM on selected features gave similar AUCs",Pathologic complete response (TRG 0) vs non-pCR; secondary good response (TRG 0-1) vs non-GR,AUC,"pCR ROI+radiomics ANN AUC: pre-treatment 0.80 (n=45), mid-RT 0.82 (n=41), both 0.86 (n=35); GR: 0.91, 0.92, 0.93; CNN pCR mean AUC 0.59/0.74/0.83, GR 0.52/0.55/0.74",0.86,NR,NR,cross_validation,"Table 2 (pCR vs non-pCR, pre-treatment + mid-RT, ROI+Radiomics); Abstract",no,NR,internal_cv,performance_metric,4-fold cross-validation for radiomics ANN (ROC from pooled out-of-fold predictions); 10-fold CV for CNN; no independent test cohort,no,no,research_only,NR,NR,none_stated,"NIH R01 CA127927; Rutgers Cancer Institute of New Jersey (P30 CA072720); Chinese National Natural Science Foundation (81441086, 81672976); Zhejiang Natural Science Foundation (LY14H160016); Zhejiang Major Science and Technology Program (2013C03044-6)",NR,ROI + radiomics ANN on pre-treatment plus mid-RT multiparametric MRI gave AUC 0.86 for pCR and 0.93 for good response; combining time points improved accuracy; CNN inferior due to small sample.,Small case number limiting CNN training and radiomics feature choice; tumor ROI contoured once (no robustness selection),"Pre-treatment-only radiomics+ROI pCR AUC 0.80 and GR 0.91 (the baseline-usable models); mid-RT only 0.82/0.92; GR with both 0.93; CNN pCR 0.83 (both), GR 0.74; ROI-only pCR 0.75/0.77/0.84",no,REV-ALCIDES,ai_assisted_single_reviewer,2026-10-07,complete,"Co-primary models across time points with no declared winner; chose conclusion-anchored combined pre-treatment + mid-RT ROI+radiomics pCR (AUC 0.86, n=35), which is also the best pCR AUC. Mid-RT inputs are not available at baseline decision; pre-treatment-only pCR AUC 0.80 (n=45) is in other_models_outcomes. Performance evaluated on the entire dataset by pooled CV predictions; no CIs reported. Setting/country not stated in methods; COI statement absent from the author manuscript text.",yes,batch-20
REC-AICRCTX-000389,Zhou2019,Radiomics-Based Pretherapeutic Prediction of Non-response to Neoadjuvant Therapy in Locally Advanced Rectal Cancer.,2019,Ann Surg Oncol,10.1245/s10434-019-07300-3,peer_reviewed,neoadj_pcr_ww,rectum,Biopsy-proven locally advanced rectal cancer receiving neoadjuvant therapy before surgery,locally_advanced_rectal,"LARC; cT2-T4, cN0-N2 (mostly cT3; Table 1)",retrospective_cohort,single_center,China,own_cohort,"425 LARC patients, Sixth Affiliated Hospital of Sun Yat-sen University, Nov 2012-May 2017; random 3:1 split; same MRI machine and fixed parameters",425,patients,"Abstract; Methods Patients (primary n=318, validation n=107)",107,318,107,neoadjuvant_response,Pretherapeutic prediction of non-response (TRG 3) to avoid overtreatment/toxicity and choose alternative treatment in a timely manner,"Neoadjuvant therapy: FOLFOX chemotherapy (n=248) or 5-FU concurrent radiotherapy 46-50 Gy (n=177), then surgery",radiology_imaging,"Pretherapeutic multiparametric MRI (T1w, T2w, DWI/ADC, CE-T1w); 2424 radiomic features",classification,classical_ml,"Wilcoxon + Spearman + LASSO feature selection, then multivariate logistic regression (MPR model, 16 features)",16 radiomic features from multiparametric MRI (10 LoG-filtered); CMPR variant adds age,ablation_or_baseline_model,"Four single-modality models (ADC, T1w, CE-T1w, T2w) and CMPR (MPR + age) model",Non-response to neoadjuvant therapy (AJCC TRG 3) vs response (TRG 0-2),AUC,"MPR: primary cohort AUC 0.822 (0.752-0.891); validation AUC 0.773 (0.608-0.937), validation accuracy 76.64%; CMPR: primary 0.843 (0.779-0.902), validation 0.744 (0.585-0.909)",0.773,0.608,0.937,internal_test,Figure 2B (validation cohort MPR AUC); Discussion text (0.773); Abstract reports primary cohort 0.822,no,NR,internal_holdout,performance_metric,"Random 3:1 split of single-center cohort into primary (n=318, 39 TRG3) and validation (n=107, 13 TRG3); single-modality models and signature built on primary cohort only",yes,no,research_only,NR,NR,none_stated,Beijing Natural Science Foundation (7182109),none_declared,"Pretherapeutic multiparametric MRI radiomic model predicted TRG 3 non-response with validation AUC 0.773 (primary 0.822), better than single-modality models in the primary cohort.",Few non-responders (12.2%); single center; needs multicenter validation; additional clinical information needed to test CMPR,"CMPR (MPR+age) validation AUC 0.744, calibration poor in validation (Hosmer-Lemeshow p<0.05); single-modality models lower, CE-T1w best",no,REV-ALCIDES,ai_assisted_single_reviewer,2026-10-07,complete,Abstract AUC 0.822 (0.752-0.891) is the primary (development) cohort; validation AUC 0.773 used per rule 4. Sensitivity/specificity at Youden cut-off in Appendix Table A4 (not used). Only 13 non-responders in validation cohort.,no,batch-20
REC-AICRCTX-000393,Bibault2018,Deep Learning and Radiomics predict complete response after neo-adjuvant chemoradiation for locally advanced rectal cancer.,2018,Sci Rep,10.1038/s41598-018-30657-6,peer_reviewed,neoadj_pcr_ww,rectum,"Locally advanced rectal adenocarcinoma, T2-4 N0-1",locally_advanced_rectal,"T2 9, T3 75, T4 11; N0 19, N+ 76 (MRI)",retrospective_cohort,multicenter,France,own_cohort,"Three AP-HP hospitals (HEGP, Cochin, Ambroise Pare), 2010-2016, clinical data warehouse (i2b2)",95,patients,Abstract; Methods Dataset description,95,NR,NR,neoadjuvant_response,Predict pCR after neoadjuvant chemoradiation to identify patients who could receive conservative treatment instead of radical resection,"Neoadjuvant chemoradiation (capecitabine, 45-50.4 Gy) then TME",multimodal,Planning CT radiomics (28 filtered features) + clinical T stage,classification,deep_learning,"DNNClassifier (TensorFlow), 3 hidden layers (10,20,10), ReLU, Adagrad","29 variables: T stage + 28 robust (ICC>0.8) Wilcoxon-filtered CT radiomics features (GLCM 2D/3D, IntensityDirect)",other_ai_model,Linear regression with T stage only (baseline); SVM on same 29 features,Pathologic complete response after neoadjuvant chemoradiation,accuracy,"DNN 5-fold CV: accuracy 80% (95% CI 70.54-87.51), sens 68.2, spec 83.56, mean AUC 0.72 (0.65-0.87); LR: acc 69.5, AUC 0.59; SVM: acc 71.58, AUC 0.62",80,70.54,87.51,cross_validation,"Results, Deep Learning network training and testing; Table 1",prognostic_association,KM overall survival by actual pCR: no significant association (log-rank p=0.258); no pCR patient died,internal_cv,performance_metric,Random 5-fold cross-validation within pooled three-center cohort; no external or held-out test set; feature selection done on 4 of 5 partitions to limit leakage,no,no,research_only,yes,upon_request,none_stated,NR,none_declared,DNN on CT radiomics plus T stage predicted pCR with 80% accuracy in 5-fold CV vs 69.5% (LR) and 71.58% (SVM).,Small sample with many predictors; feature selection may cause test-set leakage; black-box model; low evidence level (hypothesis-generating),"LR baseline (T stage): acc 69.5, AUC 0.59; SVM: acc 71.58, AUC 0.62",no,REV-ALCIDES,ai_assisted_single_reviewer,2026-10-07,complete,"Author Correction version. Code/parameters said to be provided online (ref 24) -> code yes. AUC reported as mean across folds; headline metric accuracy per abstract. Hospitals are the three centers but validation is random CV, not by center.",no,batch-21
REC-AICRCTX-000395,Dinapoli2018,"Magnetic Resonance, Vendor-independent, Intensity Histogram Analysis Predicting Pathologic Complete Response After Radiochemotherapy of Rectal Cancer.",2018,Int J Radiat Oncol Biol Phys,10.1016/j.ijrobp.2018.04.065,peer_reviewed,neoadj_pcr_ww,rectum,Locally advanced rectal cancer (adenocarcinoma) without distant metastases,locally_advanced_rectal,LARC without distant metastases; cT and cN entered in model (distribution in Table 1),retrospective_cohort,multicenter,Italy,multiple,"Training: center 1 (Gemelli, retrospective 2008-2014, n=162); VS1: center 2 retrospective (n=34 per text); VS2: center 3 from THUNDER trial (NCT00969657) (n=25)",221,patients,Abstract/Results: 162 + 34 + 25,59,162,59,neoadjuvant_response,Predict pCR probability from pre-treatment MR to tailor treatment to tumor phenotype,"Neoadjuvant chemoradiation (3D-CRT, capecitabine-based) then surgery",radiology_imaging,"Pre-treatment T2-weighted MR (1.5T) first-order intensity histogram features after LoG filter (skewness, entropy); cT added as clinical covariate",classification,statistical_model,Logistic regression with backward elimination (nomogram),"Skewness (LoG sigma 0.485), entropy (LoG sigma 0.344), cT",clinical_model,"cT-only model compared by DeLong test (final model significantly better, P<.01)",Pathologic complete response (TRG=1),AUC,"Training AUC 0.73 (0.65-0.82); external combined VS1+VS2 AUC 0.75 (0.61-0.88); VS1 0.75 (0.55-0.94), VS2 0.79 (0.59-0.98) per Fig 3 legend (text reverses: VS1 0.79, VS2 0.75); HL calibration P=.77 train, .98 external",0.75,0.61,0.88,external,Results; Fig. 3C legend (combined external),prognostic_association,pCR associated with DFS (HR 0.24) and MFS (HR 0.28) in training set; OS and LRC not significant; IBH features not associated with survival,external_multicenter,performance_metric,"Training at center 1; external verification on two separate centers (center 2 retrospective, center 3 THUNDER trial subset), different MR scanners (Philips, Siemens)",yes,no,retrospective_validation,NR,NR,none_stated,No specific grant,none_declared,"Vendor-independent MR first-order histogram model (skewness, entropy, cT) predicted pCR with AUC 0.73 internal and 0.75 externally in two outside centers; radiomics added to cT alone.",Small validation sets from heterogeneous MR protocols; applicability limited to described acquisition protocols; GTV delineation by different operators; features not associated with survival,"cT-only model (lower AUC than final, P<.01)",no,REV-ALCIDES,ai_assisted_single_reviewer,2026-10-07,complete,"INCONSISTENT: VS1 n=39 in Table 1 vs 34 in abstract/text; VS1/VS2 AUCs swapped between text (0.79/0.75) and Fig 3 legend (0.75/0.79); preferred text/abstract n (34) as stated repeatedly and combined AUC unaffected. Table 1 TS pCR 46/162, VS1 7/34, VS2 7/25. Appendix not available for review.",no,batch-21
REC-AICRCTX-000397,Horvat2018,MR Imaging of Rectal Cancer: Radiomics Analysis to Assess Treatment Response after Neoadjuvant Therapy.,2018,Radiology,10.1148/radiol.2018172300,peer_reviewed,neoadj_pcr_ww,rectum,Rectal adenocarcinoma after neoadjuvant CRT (mucinous excluded),locally_advanced_rectal,Locally advanced rectal cancer (MR-staged) treated with neoadjuvant CRT then TME; cTNM distribution not extracted,retrospective_cohort,single_center,United States,own_cohort,"Consecutive MSKCC patients, Mar 2012-Feb 2016; 114 of 327 after exclusions (5 MR studies from outside institutions)",114,patients,Abstract; Methods Study Population; Fig 1,114,NA,NA,organ_preservation_watch_wait,Diagnosis of clinical complete response after CRT (pCR as reference) to support selection for nonsurgical management,Neoadjuvant chemoradiation followed by TME; MR restaging after CRT,radiology_imaging,"Post-CRT high-resolution T2-weighted MR texture features (34: first-order, Haralick, Gabor)",classification,classical_ml,"Random forest with SMOTE oversampling; repeated (100x) 5-fold CV; 50 trees, 6 variables per split",34 texture measures from manually segmented post-treatment tumor bed on T2W MR,clinician_or_expert,"Consensus qualitative reading by two radiologists on T2W, DWI, and combined T2W+DWI",Pathologic complete response (ypT0N0) vs partial response,AUC,"RF (repeated 5-fold CV): AUC 0.93 (0.87-0.96 abstract; 0.87-0.97 results), sens 100 (84-100), spec 91 (84-96), PPV 72 (53-87), NPV 100 (96-100); qualitative T2W+DWI: sens 84, spec 56, PPV 30, NPV 94",0.93,0.87,0.96,cross_validation,Abstract; Results Quantitative MR Texture Analysis; Fig 3; Table 3,no,NR,internal_cv,performance_metric,Repeated 5-fold cross-validation on SMOTE-balanced data; no hold-out or external set,no,yes,research_only,NR,NR,none_stated,MSKCC Support Grant/Core Grant (P30 CA008748),none_declared,"RF on T2W texture features discriminated pCR from pPR with AUC 0.93 in CV, outperforming qualitative T2W/DWI assessment (specificity and PPV significantly higher than combined T2W+DWI).",Few pCR cases (21); no watch-and-wait patients; no nodal evaluation; consensus reading without interreader agreement; single reader segmentation; T2W only; manual segmentation; SMOTE may be overoptimistic; no external validation,"Qualitative radiologist assessment T2W, DWI, T2W+DWI (comparator)",no,REV-ALCIDES,ai_assisted_single_reviewer,2026-10-07,complete,"INCONSISTENT: AUC 95% CI upper bound 0.96 (abstract) vs 0.97 (results text); AUC table not available, kept abstract. Decision coded organ_preservation_watch_wait because the stated aim is cCR diagnosis for nonsurgical management, with pCR from surgery as reference (alternative: neoadjuvant_response). Images evaluated post-CRT.",no,batch-21
REC-AICRCTX-000400,Nie2016,Rectal Cancer: Assessment of Neoadjuvant Chemoradiation Outcome based on Radiomics of Multiparametric MRI.,2016,Clin Cancer Res,10.1158/1078-0432.ccr-15-2997,peer_reviewed,neoadj_pcr_ww,rectum,MRI-staged T3/T4 rectal cancer without distant metastasis,locally_advanced_rectal,"cT3-4, no distant metastasis; 50 Gy IMRT + capecitabine/oxaliplatin",retrospective_cohort,single_center,China,own_cohort,"Consecutive patients at Sir Run Run Shaw Hospital, Jan 2012-Nov 2014",48,patients,Abstract; Results Patient characteristics,48,NA,NA,neoadjuvant_response,"Predict pathologic response (pCR, good response by TRG) after preoperative CRT to tailor treatment (e.g. sphincter-saving local excision)","Preoperative CRT (50 Gy IMRT, capecitabine + oxaliplatin) followed by TME",radiology_imaging,"Pre-CRT multiparametric MRI: anatomical T1/T2, DWI (ADC) and DCE-MRI; volume-averaged and voxelized features",classification,classical_ml,Three-layer perceptron ANN (feed-forward back-propagation) with forward feature selection; 4-fold cross-validation,103 imaging features reduced to 2-4 selected predictors (pCR: mean-ADC + GLCM autocorrelation from DCE),ablation_or_baseline_model,Single-modality and volume-averaged vs voxelized feature sets,Pathologic complete response (ypT0N0),AUC,"pCR: combined multiparametric ANN AUC 0.84 (4-fold CV); single descriptors volume-averaged 0.54-0.73, voxelized 0.71-0.79. GR (TRG 0-1): combined AUC 0.89",0.84,NR,NR,cross_validation,Abstract; Results Prediction of individual parameters and combined feature sets; Fig 3,no,NR,internal_cv,performance_metric,4-fold cross-validation on the same 48 patients; feature selection done by forward search within the ANN framework; no external/hold-out set,no,no,research_only,NR,NR,none_stated,"Zhejiang Provincial Natural Science Foundation, National High Technology R&D Program of China, NSFC, Zhejiang Major Science and Technology Program",S. Jabbour reports commercial research grants from Merck; others none,"Combining anatomical, DWI and DCE MRI features with voxelized analysis in an ANN reached AUC 0.84 for pCR and 0.89 for good response (cross-validated).",Small sample vs number of predictors (only 11 pCR); training and testing on same data (CV used); limited DCE time points; larger study needed for cutoff and narrow CIs,GR (TRG 0-1) prediction AUC 0.89 combined; per-modality ANN models (e.g. DCE voxelized GR 0.85),no,REV-ALCIDES,ai_assisted_single_reviewer,2026-10-07,complete,"ANN is a shallow 3-layer perceptron with manual feature selection, coded classical_ml rather than deep_learning. Pre-treatment imaging. Feature selection performed within the ANN pipeline on full cohort (selection and CV not clearly nested). Supplementary appendix with all 103 features not reviewed.",no,batch-21
REC-AICRCTX-000403,Liu2026,Multi-omics Signature Predicts Anti-EGFR Therapy Benefit in Colorectal Cancer Liver Metastases: A Multi-center Cohort Study.,2026,Curr Cancer Drug Targets,10.2174/0115680096454400260619162910,peer_reviewed,biomarker_actionable,colorectal,"RAS wild-type colorectal cancer liver metastases (unresectable, synchronous)",metastatic,"Unresectable RAS wild-type CRLM, first-line cetuximab-based therapy",trial_secondary_analysis,multicenter,China,multiple,Development: patients from CHINESE trial (NCT01564810) and its same-criteria validation cohort 2012-2014 (PMID 30305811); external: prospectively enrolled consecutive patients 2018 from Zhongshan Xiamen Hospital and Wenzhou First Affiliated Hospital; negative control: 61 FOLFOX-only patients,227,patients,Results 3.1/Table 1: derived 136 modeling cetuximab + 30 external + 61 negative chemo-only,30,NR,30,targeted_therapy_biomarker,Predict sensitivity to anti-EGFR (cetuximab) therapy in RAS-wt CRLM for treatment stratification (anti-EGFR vs e.g. bevacizumab),First-line cetuximab plus mFOLFOX6/FOLFIRI; chemotherapy-only (FOLFOX) as negative validation,multimodal,"Baseline CT images (ResNet18) + genomic sequencing (WES/panel gene mutations, Lasso-selected 9 genes) fused by weighted probability",classification,hybrid,Late fusion (weights 3:7) of ResNet18 CT classifier and Lasso + Random Forest genomic classifier,"Three largest tumor slices of CT (3x360x360); 9 selected genes (e.g. RET, GNA11, TP53, APC, NOTCH1, MDC1, TCF3, COL1A1)",ablation_or_baseline_model,Radiomic-only and genetic-only signatures; negative validation cohort (chemo-only); established biomarkers,Sensitivity to cetuximab (RECIST response by MDT),AUC,"Fusion external (n=30): AUC 0.86 (0.72-1.00), acc 0.80, sens 0.87, spec 0.73; fusion 3-fold CV (n=95) AUC 0.72 (0.65-0.79), acc 0.70; chemo-only negative cohort AUC 0.54; radiomic test AUC 0.75 (0.57-0.94); genetic test AUC 0.81 (0.66-0.96)",0.86,0.72,1.00,external,Abstract; Results 3.4; Fig 3C,prognostic_association,"Fusion-sensitive vs insensitive: mPFS 9.0 vs 5.0 mo (HR 0.44, 95% CI 0.20-0.99, P=0.047); ORR 76.5% vs 15.4%; HR for response 17.9",external_multicenter,performance_metric,"Locked components evaluated on an independent cohort of 30 patients enrolled consecutively from 2 other institutions in 2018 (not used for training, selection, tuning or fusion weights); plus chemo-only negative cohort (n=61)",no,yes,retrospective_validation,NR,yes,other,"NSFC (82573727, 82403820, 82072653, 81602035, 82072678); Fujian Provincial Health Commission; Fujian NSF; Shanghai Health Commission; Xiamen S&T Agency",none_declared,"Late-fusion CT deep-learning plus genomic RF signature predicted cetuximab sensitivity in RAS-wt CRLM (external AUC 0.86 vs 0.75 radiomic, 0.81 genetic) and not chemo-only response (AUC 0.54).",Selection bias from using subset of CHINESE trial patients; heterogeneous CT acquisition; small external cohort with wide CI; larger prospective cohorts needed,Radiomic ResNet18 test AUC 0.75; genetic RF test AUC 0.81; negative cohort fusion AUC 0.54; fusion 3-fold CV AUC 0.72,yes,REV-ALCIDES,ai_assisted_single_reviewer,2026-10-07,complete,"External cohort described as prospectively enrolled in 2018 (before model development, same-period analysis), coded external_multicenter (2 external sites) not prospective validation. Fusion weights 3:7 chosen empirically from validation performance (cohort overlap of weight tuning stated as excluded from external set). Component cohorts: radiomic 93/31, genetic 74/33; n_train for fusion not applicable as fixed weights, set NR. Reporting guideline: STROBE. Data: within article; genomic data at biosino NODE link (no accession). Supplement tables S1-S6 not available.",yes,batch-21
REC-AICRCTX-000414,Li2026,Rectal Cancer Radiotherapy Response Prediction: Retrospective Study of Development of a Deep Learning-Based Radiomics Model.,2026,JMIR Med Inform,10.2196/77313,peer_reviewed,other,rectum,Pathologically confirmed rectal cancer treated with standard long-course radiotherapy (some with concurrent chemotherapy/surgery),mixed_all_stages,"Train/test: T2 ~25-27%, T3 58-60%, T4 15%; N0 38-40%, N1 43-44%, N2 17%",retrospective_cohort,single_center,China,own_cohort,"Shanxi Provincial People's Hospital, Jan 2015-Dec 2023, paired pre-RT CT and DCE-MRI",2000,patients,Abstract; Methods; Multimedia Appendix 1 (2450 screened),200,1600,200,neoadjuvant_response,Pre-RT prediction of radiotherapy response (RECIST good vs poor) to support personalized treatment decisions,"Standard long-course RT (50.4 Gy/28 fx), some with concurrent chemotherapy and surgery",radiology_imaging,Primary: pre-RT DCE-MRI and T2W MRI within expert tumor masks; CT used for registration/QC and in late-fusion sensitivity analysis only,classification,deep_learning,"Transformer (ViT-style, 12 encoder layers, 8 heads, 16x16 patches), 2D slice-level with patient-level averaging; U-Net for training-set segmentation",2D MRI slices/patches within tumor mask (MRI-only); 1600 train / 200 val / 200 test,other_ai_model,CNN (ResNet-34) and GCN under identical training,Radiotherapy response by RECIST 1.1 on post-treatment MRI (good = CR/PR vs poor = SD/PD),AUC,"Transformer MRI-only test (n=200): AUC 0.921 (0.901-0.945), acc 87.0 (84.2-89.5), sens 89.2 (85.3-92.4), spec 82.9; CNN AUC 0.881; GCN AUC 0.894; CT+MRI late fusion AUC 0.926 (0.905-0.948)",0.921,0.901,0.945,internal_test,"Abstract; Results Table 2, Table 3, Table 5",no,NR,internal_holdout,performance_metric,Random patient-level 8:1:1 split (train/val/test) with 5-fold CV inside training; test masks manually delineated; no external validation,yes,yes,research_only,upon_request,NR,none_stated,No external funding,none_declared,"MRI-only Transformer predicted RT response with AUC 0.921 on a 200-patient internal test set, outperforming CNN (0.881) and GCN (0.894); CT+MRI fusion did not significantly improve AUC.","Single center; internal holdout only, no external multicenter validation; imaging-only inputs; Grad-CAM post hoc; test used manual masks (idealized, automated pipeline not evaluated); 2D slice-level models",CNN AUC 0.881; GCN AUC 0.894; CT+MRI late-fusion Transformer AUC 0.926; U-Net segmentation Dice 0.892,no,REV-ALCIDES,ai_assisted_single_reviewer,2026-10-07,complete,"Stage coded mixed_all_stages (T2-T4, N0-N2 all RT-treated, not restricted to cT3-4/N+). Code: promised on GitHub upon publication (coded yes); model weights upon request; data availability not stated. Response label was RECIST on follow-up MRI after RT (not pCR). Text also says 5-fold CV averages reported as final results, but headline numbers are from the independent test set (preferred). [Blind-QA adjudication 2026-10-07: code_availability: yes -> upon_request]",no,batch-21
REC-AICRCTX-000415,Ma2026,A serum metabolite-based machine learning model predicts response to neoadjuvant immunotherapy in mismatch repair-deficient colorectal cancer.,2026,Front Oncol,10.3389/fonc.2026.1730155,peer_reviewed,biomarker_actionable,colorectal,dMMR/MSI-H colorectal cancer; colon (~70%) and rectum (~26%),locally_advanced_resectable,"cT3 18-27%, cT4 73-100%; N0-N2; pM1 14-50% by cohort/response group; received neoadjuvant anti-PD-1/PD-L1 then surgery",retrospective_cohort,multicenter,China,own_cohort,"SYSU-SAH (training, n=121, serum 2019-2024) and SYSUCC (external, n=30, serum 2023-2024)",151,patients,Methods Study design and patient cohort; Table 1,30,121,30,immunotherapy_msi_selection,Predict response to neoadjuvant immunotherapy in dMMR CRC to identify likely responders and individualize therapy,Neoadjuvant anti-PD-1/PD-L1 immunotherapy followed by surgery,other,"Serum metabolites (LC-MS discovery, ELISA quantification of PGE2, tryptophan, arginine, citrulline, histidine)",classification,classical_ml,"Random forest (5-MPM) selected among LR, KNN, RF, SVM, LDA, XGBoost; 5-fold CV repeated 5x","Five serum metabolites (PGE2, tryptophan, arginine, citrulline, histidine)",other_ai_model,Five other ML algorithms; variants with M stage/clinical variables; leave-one-metabolite-out ablation,Pathologic response to neoadjuvant immunotherapy (MPR or pCR vs non-response),AUC,"5-MPM RF: training 5-fold CV AUC 0.85 (0.81-0.88), MCC 0.50; external (n=30) AUC 0.88 (0.87-0.89 by 1000 bootstrap), MCC 0.76; RF+M stage: CV AUC 0.88, external AUC 0.88, accuracy 0.87; SVM external AUC 0.89",0.88,0.87,0.89,external,Abstract; Results (metabolite-based model); Fig 3,no,NR,external_retrospective,performance_metric,Training SYSU-SAH n=121 with repeated 5-fold CV; independent single-center external cohort SYSUCC n=30 (8 non-responders); CIs from bootstrapping the fixed test set,no,yes,retrospective_validation,NR,yes,none_stated,Guangdong Basic and Applied Basic Research Foundation; Sixth Affiliated Hospital SYSU 1010 program; NSFC 82303928; Guangzhou Basic Research Foundation; SYSU starting funding,none_declared,A five-serum-metabolite random forest model predicted pathologic response to neoadjuvant ICI in dMMR CRC (CV AUC 0.85; external AUC 0.88); adding M stage did not significantly improve it.,"Modest cohort size (n=151); Chinese population only; need larger, multicenter, ethnically diverse validation","RF + M stage: CV AUC 0.88, ext AUC 0.88; SVM ext AUC 0.89; other algorithms (LR, KNN, LDA, XGBoost) in Fig 3C",no,REV-ALCIDES,ai_assisted_single_reviewer,2026-10-07,complete,"Stage coded locally_advanced_resectable (cT3-4) although pM1 in 14-50% by group (Table 1). Study design not stated explicitly; retrospective samples inferred. External CI (0.87-0.89) from bootstrap on n=30 is very narrow and not a true sampling CI. Model selection among 6 algorithms partly by external-cohort metrics (SVM AUC higher noted). Data availability: repositories stated, accession in article/supplement not seen. Metabolite panel selected on training cohort only.",no,batch-21
REC-AICRCTX-000418,Jiao2026,Multi-Phasic CECT Peritumoral Radiomics Predict Treatment Response to Bevacizumab-Based Chemotherapy in RAS-Mutated Colorectal Liver Metastases.,2026,Bioengineering (Basel),10.3390/bioengineering13020137,peer_reviewed,metastatic_systemic,colorectal,"Colorectal liver-limited metastases, RAS-mutated, measurable (>=4.5 mm), no extrahepatic disease",metastatic,Liver-only metastases; first-line bevacizumab-based chemotherapy (FOLFOX/FOLFIRI/CAPEOX); tumor burden low-to-oligometastatic emphasis,retrospective_cohort,multicenter,China,own_cohort,"Nanfang Hospital and Zhujiang Hospital registry, Jan 2017-Jun 2025; 42 patients contributing 73 lesion-level samples; training 51 samples (30 pts), validation 22 samples (12 pts) split by admission time",73,samples,"Abstract; Results 3.1 (42 patients, 73 samples)",22,51,22,systemic_therapy_selection_response,Identify early resistance to bevacizumab-based chemotherapy to guide clinical decision-making in RAS-mutated CRLM,"First-line bevacizumab plus FOLFOX, FOLFIRI or CAPEOX",radiology_imaging,"Pre-treatment dual-phase CECT radiomics (AP, PVP, AP-PVP subtraction, DeltaP) from peritumoral, core and whole-tumor 2D ROIs",classification,classical_ml,"Naive Bayes (best of LR, DT, RF, SVM, KNN, NB) on LASSO-selected multi-phasic radiomic features","4 final radiomic features (e.g. GLCM inverse variance AP, GLCM IMC2 PVP and AP-PVP, GLDM small dependence emphasis DeltaP)",other_ai_model,Five other classifiers and single-phase feature-set models,Resistance to bevacizumab-based chemotherapy (radiological progression) vs response (PR/CR),AUC,"NB combined multi-phasic: train AUC 0.731 +/- 0.098 (3-fold CV), test AUC 0.717 (0.473-0.929), sens 0.900, spec 0.500, balanced acc 0.700; best single-phase test AUC 0.671 (PVP KNN)",0.717,0.473,0.929,temporal,"Abstract; Results 3.4, Table 5",no,NR,temporal_same_center,performance_metric,Patient-level split by admission time into discovery (30 pts/51 samples) and independent validation (12 pts/22 samples) from the same two-hospital registry; feature selection and tuning on discovery only,no,yes,research_only,NR,upon_request,TRIPOD,Hong Kong PolyU startup/one-line budgets; Guangdong Provincial Health Commission fund; Ministry of Human Resources and Social Security,none_declared,"Peritumoral and LoG-filtered features from multi-phasic CECT dominated; combined-phase Naive Bayes reached test AUC 0.717 (sens 0.90, spec 0.50) in a 22-sample validation set.","Pilot with small sample (n=42), selection bias; 2D ROIs only; lesions >=4.5 mm; no chemotherapy-only control group; no paired histology/genomics; standardized acquisition may limit generalizability; prospective multicenter validation needed","Other classifiers (LR 0.608, DT 0.550, RF 0.592, SVM 0.583, KNN 0.579 test AUC); single-phase best test AUC PVP 0.671, AP 0.583, subtraction 0.600, DeltaP 0.650",yes,REV-ALCIDES,ai_assisted_single_reviewer,2026-10-07,complete,"INCONSISTENT: registry described as prospectively collecting data (Methods 2.1/2.3) but consent statement says waived due to retrospective nature; coded retrospective_cohort. Samples (lesion-level) are not independent patients: 73 samples from 42 patients; unit coded samples. Best model (NB) chosen by test AUC among six. Validation split by admission time, hospital assignment of the split not stated; coded temporal_same_center. Supplementary tables (S1-S4, TRIPOD checklist) not available.",no,batch-21
REC-AICRCTX-000424,Piliposyan2026,Radiomic signatures from baseline CT predict chemotherapy response in unresectable colorectal liver metastases.,2026,J Med Imaging (Bellingham),10.1117/1.jmi.13.1.014505,peer_reviewed,metastatic_systemic,colorectal,Colorectal liver metastases (initially unresectable),metastatic,Initially unresectable CRLM,retrospective_cohort,single_center,United States,own_cohort,"MSK patients with CRLM treated with chemotherapy 2009-2020 (615 queried, 355 after exclusions); segmentation model trained on public/other datasets",355,patients,Results 3.1 and Fig. 5 (355 after exclusions),58,241,58,systemic_therapy_selection_response,Predict chemotherapy response from baseline CT to guide personalized treatment planning / downstaging,Neoadjuvant/systemic chemotherapy for unresectable CRLM,radiology_imaging,Baseline contrast-enhanced portal venous CT; 107 PyRadiomics features from all-tumor and largest-tumor ROIs (3D U-Net segmentation),classification,classical_ml,"Stacking classifier (best 3 of LR, decision tree, RF, SVM, kNN, AdaBoost, NB; LR meta-learner); mRMR top-20 features","Radiomic features only (shape, first-order, texture) from all-tumors ROI",other_ai_model,"Individual base classifiers (LR, NB, SVM, AdaBoost) and largest-tumor ROI model",Responder (CR/PR) vs non-responder (SD/PD) by volumetric RECIST-aligned criteria (-65%) on post-treatment CT at ~8 weeks,AUC,"Test (bootstrap) all-tumors: SC AUC 0.775 (0.645-0.887), LR 0.775, NB 0.757, Ada 0.693; largest tumor: LR 0.725, other models 0.723-0.744; SC all-tumors F1 0.735",0.775,0.645,0.887,internal_test,"Table 2 (all tumors, SC) and Results 3.2; Table 2 text layout scrambled in extraction, SC row assigned by text",no,NA,internal_holdout,performance_metric,"Random undersampling then stratified 80/20 split, single institution; 5-fold CV in training for stacking; bootstrap CI on test",no,yes,research_only,no,upon_request,none_stated,NCI R01CA233888; NIH/NCI Cancer Center P30 CA008748,none_declared,Radiomics-based stacking classifier on baseline CT predicted chemotherapy response in unresectable CRLM with AUC 0.775 (all tumors) vs lower for largest tumor only.,"Wide range of imaging parameters 2009-2020; retrospective; single-center, external validation planned","Largest-tumor ROI SC/LR/NB/SVM AUC 0.72-0.74; abstract says ""up to 0.77""",no,REV-ALCIDES,ai_assisted_single_reviewer,2026-10-07,complete,"INCONSISTENT: after undersampling 312 patients but split reported as 241 train + 58 test (=299); n_train/n_test as stated. Class balancing by undersampling done before the split. Imaging data not shareable, extracted features on request.",no,batch-22
REC-AICRCTX-000442,Ammirabile2025,MRI-based radiomics predicts the pathologic response of colorectal liver metastases to systemic therapy: A multicenter study.,2025,Eur J Radiol,10.1016/j.ejrad.2025.112325,peer_reviewed,metastatic_systemic,colorectal,"Colorectal liver metastases (primary: right colon 32%, left colon 46%, rectum 22%)",metastatic,"Resected CRLM after preoperative oxaliplatin/irinotecan chemotherapy; radiologic PR 131, SD 31",retrospective_cohort,multicenter,Italy,own_cohort,"Consecutive CRLM resections 2018-2021 at Humanitas (Milan) and Gemelli (Rome); 740 screened, 162 included",162,patients,"Results 3.1, Fig. 1",NR,NR,NR,systemic_therapy_selection_response,Non-invasive prediction of pathologic response (TRG) to systemic therapy to inform continuation/switching of chemotherapy and surgical selection,"Preoperative oxaliplatin and/or irinotecan-based chemotherapy (anti-VEGF 56%, anti-EGFR 30%) before liver resection",multimodal,Post-chemotherapy Gd-EOB-DTPA MRI radiomics (PVP and HBP; tumor and 5-mm peritumoral VOI) plus 6 clinical variables,classification,classical_ml,"Weighted ensemble (0.5 clinical RF probability + 0.5 radiomic model probability); Random Forest and logistic regression components; Bayesian (TPE) tuning, 5-fold CV in training","6 clinical variables (synchronous metastases, CEA, radiologic response, tumor size, anti-VEGF, major hepatectomy) + 12 radiomic features (PVP/HBP, Tumor-VOI/Margin-VOI)",clinical_model,Pure clinical Random Forest model (AUC 0.744) and radiomic-only models; combined vs clinical p<0.001 (bootstrap),Pathologic response by TRG (responders TRG1-3 vs non-responders TRG4-5),AUC,"Validation set, clinical-radiomic full model: AUC 0.860 (0.833-0.882), accuracy 0.773, sensitivity 0.724, specificity 0.812; radiomic-only AUC 0.779, accuracy 0.731; clinical-only AUC 0.744, accuracy 0.720, sens 0.687, spec 0.748; PVP tumor radiomic AUC 0.754; HBP tumor AUC 0.697",0.860,0.833,0.882,internal_test,"Abstract; Results 3.4; Table 2 (full weighted model, last row)",no,NA,internal_holdout,performance_metric,Random 66/34 split of the pooled two-center cohort (training vs independent validation set); no external or site-held-out validation; authors state external validation still needed,no,yes,research_only,yes,upon_request,other,AIRC (Italian Association for Cancer Research) grant #2019-23822,none_declared,"Adding MRI radiomics (tumor + peritumoral, PVP+HBP) to clinical variables improved prediction of TRG vs a clinical-only model (AUC 0.860 vs 0.744) on a held-out validation split.",Retrospective; only two MRI phases (T2WI/DWI excluded for protocol heterogeneity); manual segmentation; no external validation; scanner heterogeneity (ComBat); no user-friendly scoring system,Radiomic-only full model AUC 0.779; clinical-only RF AUC 0.744; single-phase radiomic models AUC 0.697-0.754,no,REV-ALCIDES,ai_assisted_single_reviewer,2026-10-07,complete,"Validation set size not reported in text (66% training split of 162; implied ~107/55) so n_train/n_test/n_performance NR; Table 2 layout scrambled, full weighted model AUC assigned from the last value and abstract/Results. Reporting guideline: CLEAR checklist followed, METRICS used. Analysis restricted to patients with radiologic SD/PR after chemo, largest lesion per patient.",no,batch-22
REC-AICRCTX-000447,Chen2025,A PET-CT radiomics model for immunotherapy response and prognosis prediction in patients with metastatic colorectal cancer.,2025,Front Oncol,10.3389/fonc.2025.1568755,peer_reviewed,biomarker_actionable,colorectal,Metastatic colorectal cancer (all with synchronous liver metastases per Table 1 footnote),metastatic,"mCRC, initially non-operable majority; anti-PD-1/PD-L1 treated in response cohort",retrospective_cohort,multicenter,China,own_cohort,"306 mCRC patients from Shenzhen People's Hospital, Tenth Affiliated Hospital of Southern Medical University and Shenzhen Pingshan District People's Hospital: training 105, internal validation 60, external set 1 (TME phenotype) 42, external set 2 (immunotherapy response) 99",306,patients,Methods Study design; Table 1,99,105,201,immunotherapy_msi_selection,Identify mCRC patients likely to respond to immunotherapy (anti-PD-1/PD-L1) before treatment,Anti-PD-1/PD-L1 immune checkpoint inhibitors,radiology_imaging,Baseline 18F-FDG PET/CT; DNN-extracted features from PET and CT ROIs (Rad-Score). RNA-seq used only to define TME phenotype labels; IHC CD3/CD8 immune score and clinical features enter only the secondary OS/PFS nomograms,classification,hybrid,"DNN deep features from PET/CT ROIs + Random Forest classifier producing Rad-Score (trained to predict RNA-seq-derived TME phenotype, then applied to immunotherapy response); DNN architecture under-specified","PET/CT radiomic (deep) features; clinical features screened by LASSO (SUVmax, MTV, pathology type, CA125) used in nomograms",other_ai_model,"Comparison of AdaBoost, GaussianNB, Gaussian process, gradient boosting, KNN, logistic, RF for the Rad-Score (Fig. 1)","Response to immunotherapy (CR+PR vs SD+PD, assessed at 6 months) in external set 2; the Rad-Score was trained to predict RNA-seq TME phenotype (hot vs cold)",AUC,"Immunotherapy response external set 2 AUC 0.784; TME phenotype: training 0.855, internal validation 0.844, external set 1 0.814; combined nomograms OS AUC 0.860, PFS AUC 0.875 (external)",0.784,NR,NR,external,Abstract; Results (Radiomics signature for the prediction of the TME phenotype); Fig. 5,prognostic_association,Rad-Score high vs low (median split) differed in PFS (p=0.0001) and OS (p=0.0006); combined nomograms predict OS/PFS (AUC 0.860/0.875),external_retrospective,performance_metric,Internal validation set (n=60) plus two external retrospective sets (n=42 TME phenotype; n=99 response) from the contributing hospitals; sites per set not itemized; whether the sets come from >=2 distinct external sites is not stated,yes,no,retrospective_validation,NR,yes,none_stated,National Natural Science Foundation of China (82270625); Shenzhen Science and Technology Project (JCYJ20210324135205016); Shenzhen People's Hospital Clinical Scientist Training Plan (SYWGSJCYJ202406),none_declared,A PET/CT Rad-Score trained on RNA-seq TME phenotype predicted immunotherapy response in an external cohort (AUC 0.784); combined nomograms with immune score and clinical features predicted OS/PFS.,"Not all patients included (baseline PET/CT and tissue unavailable; selection bias); semi-automated segmentation needs manual initialization; IHC markers derived from literature; retrospective, needs large prospective validation","TME phenotype AUC 0.855 train / 0.844 internal / 0.814 external set 1; OS nomogram AUC 0.860, PFS nomogram AUC 0.875 (external)",yes,REV-ALCIDES,ai_assisted_single_reviewer,2026-10-07,complete,"INCONSISTENT: cohort sizes in text/Table 1 (105/60/42/99) differ from Fig. 7 caption (103/65/37/102); table values used. Co-primary tasks (TME phenotype AUC 0.814 external vs response AUC 0.784 external vs nomograms); chose the immunotherapy-response Rad-Score as it anchors the title and conclusion. Table 1 footnote: histology cohort overlaps across cohorts. CI for AUC not extractable from text (Fig. 5). Data availability states online repositories with accession in the supplement (not available), coded yes. n_test = internal 60 + external 141.",yes,batch-22
REC-AICRCTX-000449,Kubota2025,Prediction of the Therapeutic Response to Neoadjuvant Chemotherapy for Rectal Cancer Using a Deep Learning Model.,2025,J Anus Rectum Colon,10.23922/jarc.2024-085,peer_reviewed,neoadj_pcr_ww,rectum,"Low/middle rectal adenocarcinoma (Ra 2, Rb 55)",locally_advanced_rectal,"cT3-4 N0-2 M0 resectable (cT3 47, cT4 10; clinical stage II 21, III 36)",retrospective_cohort,multicenter,Japan,own_cohort,"57 patients from 5 hospitals in Aomori (Hospital A Hirosaki University, B Narumi, C Tsugaru General, D Hirosaki Municipal, E Kuroishi General) in a prior prospective SOX NAC multicenter project 2015-2019",57,patients,Methods Patients and study design; Table 1,8,49,8,neoadjuvant_response,Predict pathological response to SOX neoadjuvant chemotherapy to optimize NAC (select SOX or switch regimen),Neoadjuvant S-1 + oxaliplatin (SOX) x3 cycles then TME (no radiotherapy),radiology_imaging,"Pre-chemotherapy arterial-phase contrast CT; 128x128 tumor patches (manual tumor segmentation); clinical factors analysed separately by logistic regression, not model inputs",classification,deep_learning,"ResNet50 CNN trained from scratch (PyTorch), patch-level classification, 50 epochs","CT tumor patches (4,607 patches from 57 patients; 3,857 from 49 train/validation patients, 750 from 8 test patients)",none,NA,Pathological responder (JSCCR grade 1b-3) vs non-responder (grade 0-1a),AUC,"Test (8 patients, 750 patches): AUC 0.846 (0.817-0.875), sensitivity 64.3, specificity 89.9, PPV 93.3, NPV 53.6, accuracy 72.4 (non-responder class, mean of 3 folds); validation: AUC 0.994 (0.991-0.997), sens 97.3, spec 95.7, accuracy 96.8; training AUC 0.999",0.846,0.817,0.875,internal_test,Abstract; Results (Performance in the test datasets); Table 3; Fig. 5,no,NA,internal_holdout,performance_metric,"Training+validation on 49 patients (3-fold cross-validation, patients from all 5 hospitals) and a held-out test set of 8 patients (4 responders, 4 non-responders) drawn from Hospital A (hospital also present in training); randomized split",no,no,research_only,no,upon_request,none_stated,NR,none_declared,"A ResNet50 patch-based model on pre-chemotherapy CT predicted pathological response to SOX NAC with test AUC 0.846 (8 patients, 750 patches), after near-perfect CV validation (AUC 0.994).",Small cohort; only SOX regimen; BRAF/RAS not considered; variable time to surgery; heterogeneous CT techniques; black-box model,Clinical-factor logistic regression: no independent variable associated with non-response,no,REV-ALCIDES,ai_assisted_single_reviewer,2026-10-07,complete,"Metrics are computed at patch level (not patient level) in training/validation/test; test cohort only 8 patients, and Hospital A contributed to both training and test; whether patches from the same patient could lie across folds is not stated. AUC CI at patch level. Sens/spec for non-responder class.",no,batch-22
REC-AICRCTX-000451,Gennaro2025,Delta Radiomics and Tumor Size: A New Predictive Radiomics Model for Chemotherapy Response in Liver Metastases from Breast and Colorectal Cancer.,2025,Tomography,10.3390/tomography11030020,peer_reviewed,metastatic_systemic,colorectal,Colorectal liver metastases (CRC subset of a combined breast + colorectal liver-metastasis study; results reported separately per cancer),metastatic,Liver metastases from CRC treated with systemic chemotherapy (some with bevacizumab),retrospective_cohort,single_center,United States,own_cohort,"Northwestern single enterprise institution with multiple sites, 2016-2022: 84 CRC patients with pretreatment CT (192 lesions; harmonization/baseline reference dataset); 37 CRC patients with 109 lesions had post-treatment CT (response dataset)",37,patients,"Abstract; Results 3.1 (37 CRC patients, 109 lesions for response analysis)",NR,NR,NR,systemic_therapy_selection_response,Assess/predict chemotherapy response of liver metastases (RECIST 1.1 PD/SD/PR) to support timely treatment adjustment,"Systemic chemotherapy, alone or with bevacizumab (regimens in Table S2)",radiology_imaging,Contrast-enhanced portal venous CT; manual 3D segmentation (LIFEx); 69 radiomic features; baseline-referenced Delta radiomics uses post-treatment CT only with size-based baseline reference functions,classification,classical_ml,"Random Forest (also LogitBoost, svmRadial, pcaNNet) on baseline-referenced Delta radiomic features; caret in R",Post-treatment radiomic features normalized to a size-based baseline reference function (derived from pretreatment dataset); up to 3 lesions per patient,ablation_or_baseline_model,Pretreatment radiomics model and conventional Delta radiomics (pre- and post-treatment) models,"Lesion response class by RECIST 1.1 on first follow-up CT (PD, SD, PR; three-class)",AUC,"CRC, Random Forest, test set (bootstrap mean +/- SD): baseline-referenced Delta radiomics AUC 0.93 +/- 0.04 (PD sens 0.88/spec 0.97, SD 0.97/0.95, PR 0.76/0.94); Delta radiomics AUC 0.82 +/- 0.08; pretreatment radiomics poor (sens 0.18-0.90). BC: AUC 0.91 +/- 0.04 (baseline-referenced), 0.90 +/- 0.04 (Delta)",0.93,NR,NR,internal_test,"Results 3.3 and Table 2 (CRC, baseline-referenced Delta radiomics); Fig. 5",no,NA,internal_holdout,performance_metric,"Random 75/25 train/test partition of the whole dataset (unit of split lesion vs patient not stated), bootstrapping 1000 iterations; single institution",no,yes,research_only,no,no,none_stated,"Department of Radiology, Feinberg School of Medicine, Northwestern University",none_declared,"Baseline-referenced Delta radiomics built from post-treatment CT alone classified RECIST response of CRC liver metastases with AUC 0.93, outperforming pretreatment radiomics and conventional Delta radiomics (0.82).","Retrospective, limited sample size, heterogeneous treatments (esp. BC), CT only, RECIST limitations, scanner heterogeneity, no filters, generalizability limited",CRC Delta radiomics AUC 0.82; breast cancer liver metastases AUC 0.90-0.91; other ML models 5-15% lower balanced accuracy (Tables S5-S7),yes,REV-ALCIDES,ai_assisted_single_reviewer,2026-10-07,complete,"Mixed BC+CRC study; extracted CRC-only results (separately modelled), tumor_site coded colorectal. Not a baseline prediction: the primary model uses the first post-treatment CT (median interval 75 d in CRC) compared with a size-based baseline reference, so it assesses response rather than predicting it from pretreatment imaging. Metrics are lesion-level (up to 3 lesions per patient) with unclear patient/lesion split (possible lesion-level leakage). AUC given as mean +/- SD (0.04), no CI; test-set size not reported; n_analytic=37 CRC patients with response data (84 with pretreatment CT). Data availability: data within article/supplement only.",no,batch-22
REC-AICRCTX-000453,Miyamoto2025,Radiomics-based Machine Learning Approach to Predict Chemotherapy Responses in Colorectal Liver Metastases.,2025,J Anus Rectum Colon,10.23922/jarc.2024-077,peer_reviewed,metastatic_systemic,colorectal,"Colorectal liver metastases (primary: right colon 29%, left colon 37%, rectum 33%)",metastatic,Unresectable/measurable CRLM starting first-line doublet chemotherapy; extrahepatic disease 16%,retrospective_cohort,single_center,Japan,own_cohort,"150 consecutive patients with liver metastases receiving first-line doublet chemotherapy at Kumamoto University Hospital, 2005-2019",150,patients,Abstract; Results Baseline characteristics; Table 1,38,112,38,systemic_therapy_selection_response,Predict response to first-line chemotherapy in CRLM as a predictive marker of chemotherapy efficacy,"First-line oxaliplatin- (90%) or irinotecan-based doublet chemotherapy; bevacizumab 55%, anti-EGFR 21%",radiology_imaging,Pretreatment portal venous CT; 3D manual VOI of the largest liver metastasis; 107 radiomic features (SlicerRadiomics),classification,classical_ml,Boruta feature selection + Random Forest (text); Figs 4-5 captions report a Support Vector Machine with AUC 0.90 (training) and 0.87 (validation); 3 selected features,"3 radiomic features: DependenceVariance, ClusterShade, RunVariance",ablation_or_baseline_model,"Single-feature AUCs (DependenceVariance 0.56, ClusterShade 0.62, RunVariance 0.64 in test), DeLong comparison","Responder (CR/PR) vs non-responder (SD/PD) by best overall response, RECIST 1.1",AUC,Test cohort (n=38): AUC 0.87; training cohort: AUC 0.94 in text (0.90 in Fig. 4 caption); single features AUC 0.4-0.65,0.87,NR,NR,internal_test,Abstract; Results Machine learning-based CT texture analysis; Fig. 5a,no,NA,internal_holdout,performance_metric,Random split (train_test_split) 112 train / 38 test at a single institution; 5-fold CV within training; feature selection in training only,no,yes,research_only,NR,NR,REMARK,JSPS KAKENHI 20K07702; Japanese Foundation for Multidisciplinary Treatment of Cancer; Tateishi Science and Technology Foundation,none_declared,A 3-feature CT radiomics Random Forest model predicted RECIST response to first-line chemotherapy in CRLM with test AUC 0.87 (training 0.94).,"Limited sample size and responder/non-responder imbalance; retrospective, mixed doublet regimens, no regimen-specific predictions; CT equipment/protocol variation 2005-2019; manual segmentation of largest lesion",Single-feature AUCs 0.4-0.65 (train) and 0.56-0.64 (test),no,REV-ALCIDES,ai_assisted_single_reviewer,2026-10-07,complete,"INCONSISTENT: Methods/Results name Random Forest with training AUC 0.94 and test AUC 0.87, but Fig. 4/5 captions state a Support Vector Machine with AUC 0.90 (train) and 0.87 (test); test AUC 0.87 consistent across sources; algorithm taken from text. Methods text calls the cohort a retrospective analysis though one phrase reads prospective analysis; coded retrospective_cohort. Only the largest lesion per patient analysed.",no,batch-22
REC-AICRCTX-000458,Froicu2024,The Use of Artificial Intelligence in Predicting Chemotherapy-Induced Toxicities in Metastatic Colorectal Cancer: A Data-Driven Approach for Personalized Oncology.,2024,Diagnostics (Basel),10.3390/diagnostics14182074,peer_reviewed,tox_surg,colorectal,"Colon or rectal adenocarcinoma (left colon, right colon per Table 1)",mixed_all_stages,"TNM stage II, III or IV; treatment setting neoadjuvant, adjuvant or metastatic; titled mCRC but includes curable disease",retrospective_cohort,single_center,Romania,own_cohort,74 consecutive CRC patients treated Jan 2018-Dec 2019 at the Regional Institute of Oncology Iasi,74,patients,Abstract; Methods 2.2 and 3.1,NR,NR,NR,toxicity_prediction,Identify patients likely to experience any chemotherapy-induced toxicity after first cycle to enable closer follow-up and avoid delays,"First-line chemotherapy (CAPOX, FOLFOX, FOLFIRI, CAPEIRI, capecitabine) with or without biologics",clinical_tabular,"95 baseline clinical, pathological, molecular (KRAS/NRAS/BRAF etc.) and laboratory features (140 after one-hot encoding)",classification,classical_ml,"Random Forest (100 trees, max depth 2, balanced class weight)","95 features representing patient state before first chemotherapy cycle (demographics, stage, treatment setting, labs, molecular status, dose reduction)",none,NA,"Presence of any chemotherapy toxicity (at least grade 1, NCI-CTC v5) after the first cycle (57/74, 77%)",AUC,"AUC 0.91-0.97 across 10 shuffled k-fold experiments, reported on the training set; confusion matrix in Fig. 3 (not numerically reported in text)",NR,NR,NR,train,Results 3.3 Model Validation; Figs 3-4,no,NA,internal_cv,performance_metric,10 independent experiments with shuffled dataset and k-fold cross-validation (k not stated); no held-out or external cohort,no,yes,research_only,no,upon_request,none_stated,No external funding,none_declared,"A Random Forest on 95 baseline features predicted any first-cycle chemotherapy toxicity in 74 CRC patients with AUC 0.91-0.97 (training set), with WBC, LDH and ALP among the top features.",Small sample with many parameters; real-world data; all toxicity types analysed together; new validation cohort needed,NA,no,REV-ALCIDES,ai_assisted_single_reviewer,2026-10-07,partial,"INCONSISTENT: Table 1 category counts sum to ~104 patients (e.g. age <65 39 + >=65 56; sex 68% vs 39%) versus n=74 in text; text value 74 used. Performance is a range (AUC 0.91-0.97) described as on the training set, so no single primary value or CI and no test-set metrics extractable (confusion matrix only in figure). Feature importance lists include post-treatment laboratory values (e.g. WBC, ANC, GGT, creatinine fall/rise after chemotherapy shown in Fig. 2) and dose reduction, though the abstract says features were pre-first-cycle; timing of feature capture is unclear. Model is not tied to a specific regimen; data availability: in article, further inquiries to corresponding author.",yes,batch-22
REC-AICRCTX-000460,Bodalal2024,Non-invasive CT radiomic biomarkers predict microsatellite stability status in colorectal cancer: a multicenter validation study.,2024,Eur Radiol Exp,10.1186/s41747-024-00484-8,peer_reviewed,biomarker_actionable,colorectal,Primary colon/rectal tumors (right vs left colon recorded); resected CRC,NR,NR (patients undergoing surgical resection with preoperative portal venous CT; stage not reported),retrospective_cohort,multicenter,South Korea; Netherlands; Italy,own_cohort,"SNUH (n=191, training), NKI (n=38) and INT (n=14) external test; resected CRC with CT and MSI/MSS status",243,patients,Results Patient characteristics; Fig. 1; Table 1,52,191,52,immunotherapy_msi_selection,Non-invasive prediction of MSI vs MSS status (predictor of immunotherapy response) to complement biopsy and prioritize molecular testing,Immune checkpoint inhibitors in MSI-high CRC (context only; no treatment data),radiology_imaging,"Preoperative portal venous CT; manual 3D tumor segmentation; 6,048 PyRadiomics features reduced to a 7-feature signature; the combined model adds 4 clinical features (age, side, diameter, volume) to an imaging model",classification,classical_ml,TPOT-optimized decision tree classifier on a 7-feature radiomic signature (ensemble feature selection by 6 methods; ADASYN upsampling; 5-fold CV),"7 radiomic features (radiomics-only model); radiomics + age, tumor side, diameter, volume (combined model)",clinical_model,"Clinical-only decision tree (age, side, diameter, volume) AUROC 0.54; combined radiomic-clinical model AUROC 0.78",Microsatellite instability (MSI) vs stability (MSS) status,AUC,"External test (NKI+INT): radiomics-only AUROC 0.69 (0.54-0.84), PR-AUROC 0.88, sensitivity 0.70, specificity 0.62, accuracy 0.67; combined radiomic+clinical AUROC 0.78 (0.60-0.91), PR-AUROC 0.90; clinical-only AUROC 0.54 (0.36-0.70); training CV AUROC 0.71 (radiomics), 0.76 (combined), 0.61 (clinical)",0.69,0.54,0.84,external,Abstract; Results Predictive modeling; Table 3 (external validation cohort),no,NA,external_multicenter,performance_metric,"Training/tuning on SNUH (5-fold CV); independent external test on NKI + INT (two external sites, combined into one test set of ~52 patients)",no,yes,retrospective_validation,no,upon_request,other,Not directly funded; computing infrastructure from Maurits en Anna de Kock Stichting and NVIDIA Academic GPU program,"FP: research grants and personal fees from multiple pharmaceutical companies; PS: unrelated consultancy (Merck, Bayer); other authors none",A 7-feature CT radiomic signature discriminated MSI from MSS in an external two-center set (AUROC 0.69); adding clinical variables raised AUROC to 0.78.,"Retrospective, modest cohort; radiomic feature instability across scanners/protocols; feature stability filter used both training and test data (potential bias); moderate sensitivity and low NPV for the combined model","Combined radiomic+clinical decision tree AUROC 0.78 (0.60-0.91), sensitivity 0.64, specificity 0.70; clinical-only AUROC 0.54; single radiomic features AUROC 0.52-0.65",no,REV-ALCIDES,ai_assisted_single_reviewer,2026-10-07,partial,"Primary model = radiomic signature (title and conclusion) per rule 2a; the combined radiomic+clinical model (AUROC 0.78) is in other_models_outcomes; the clinical features were added to an imaging model so modality stays radiology_imaging (rule 9). INCONSISTENT: external cohort size given as 13/51 MSI in text vs 38+14=52 (Table 1/Fig. 1) and INT n=15 in Fig. 2; table values used. CLEAR checklist followed. Stage not reported, hence partial. Center-level feature stability filter used test-set data (stated by authors). Sensitivity/specificity polarity of positive class not explicit (Fig. 2 codes MSS=1, text MSS=0).",no,batch-22
REC-AICRCTX-000461,Chen2024,Baseline hepatobiliary MRI for predicting chemotherapeutic response and prognosis in initially unresectable colorectal cancer liver metastases.,2024,Abdom Radiol (NY),10.1007/s00261-024-04492-5,peer_reviewed,metastatic_systemic,colorectal,"Initially unresectable colorectal cancer liver metastases (primary colon 54, rectum 31)",metastatic,"Initially unresectable CRLM (synchronous 73, metachronous 12)",retrospective_cohort,multicenter,China,own_cohort,"Two hospitals (Sichuan Provincial People's Hospital n=65; Chengdu Seventh People's Hospital n=20), 2018-2024",85,patients,"Abstract; Methods ""Patients""; Table 1",85,NR,NA,systemic_therapy_selection_response,Predict chemotherapeutic response (RECIST 1.1) and PFS to identify non-responders early and allow switch to alternative regimens,"First-line chemotherapy (XELOX, FOLFOX, FOLFIRI, others; targeted therapy in 40/85)",radiology_imaging,Baseline Gd-BOPTA hepatobiliary MRI (PVP and HBP): manual signal-intensity parameter NRE plus radiomics (tumor and 0-3 mm peritumoral) features,classification,classical_ml,"Linear SVC (best of ten algorithms, five-fold CV) on 3 selected features",NRE of CRLM in PVP + two HBP radiomics features (tumor gradient_glcm_correlation; peritumoral gldm_LDLGLE) from 1786 Pyradiomics features,ablation_or_baseline_model,"Combined model vs single parameters (NRE_PVP and each radiomics feature), DeLong test",Response (CR/PR) vs non-response (SD/PD) by RECIST 1.1 to chemotherapy,AUC,"Combined model five-fold CV AUC 0.818 (sens 79.1%, spec 71.4%); training AUC 0.842; NRE_PVP CV AUC 0.625; tumor HBP feature 0.698; peritumoral HBP feature 0.709; Cox HR for PFS 2.550 (p<0.001)",0.818,NR,NR,cross_validation,Table 4; Abstract,prognostic_association,"Combined model independently associated with PFS (HR 2.550, p<0.001; Kaplan-Meier Fig 5b)",internal_cv,performance_metric,Five-fold cross-validation only on the pooled two-hospital cohort; no holdout or external set,no,no,research_only,NR,no,none_stated,Natural Science Foundation of Sichuan Province (2023NSFSC1718); Sichuan Provincial People's Hospital foundation (2022QN59),none_declared,Combined hepatobiliary MRI model (NRE_PVP + two HBP radiomics features) predicted chemotherapy response with CV AUC 0.818 and was associated with PFS.,Retrospective design; small sample; only cross-validation performed; only largest metastasis analysed (possible selection bias),"Nine other algorithms compared (not individually reported); subgroup AUCs: with targeted therapy 0.801, without 0.820, XELOX 0.865, others 0.759",no,REV-ALCIDES,ai_assisted_single_reviewer,2026-10-07,complete,Feature selection (correlation/F-test) described before the cross-validation without stating it was nested; hospital contributions pooled (no site-wise split). Two sites but pooled so not external.,no,batch-23
REC-AICRCTX-000463,Davis2024,Predicting response to neoadjuvant chemotherapy for colorectal liver metastasis using deep learning on prechemotherapy cross-sectional imaging.,2024,J Surg Oncol,10.1002/jso.27673,peer_reviewed,metastatic_systemic,colorectal,Colorectal cancer liver metastases (CRLM) resected after neoadjuvant chemotherapy,metastatic,"CRLM, synchronous or metachronous, treated with neoadjuvant chemotherapy (+/- radiotherapy) then hepatic resection",retrospective_cohort,single_center,United States,own_cohort,Atrium Health Carolinas Medical Center retrospective cohort; pre-chemotherapy contrast-enhanced CT,95,patients,"Results 3.1; Abstract (33,619 CT images)",24,71,24,systemic_therapy_selection_response,Identify non-responders to neoadjuvant chemotherapy to guide patients toward earlier curative resection,Neoadjuvant 5-FU-based chemotherapy with oxaliplatin and/or irinotecan (95%); bevacizumab in 54%,radiology_imaging,Pre-chemotherapy contrast-enhanced CT axial 1 mm slices (all available phases),classification,deep_learning,Attention-based multiple-instance learning (ABMIL) neural network on image patches,CT image patches (bag of patches per patient substack),clinical_model,"Logistic regression on Fong risk score components (tumour size, number, node-positive primary, disease-free interval <12 mo, CEA)",RECIST response (>=30% reduction in sum of target lesion diameters) to neoadjuvant chemotherapy,AUC,"Validation cohort (n=24): DLM AUC 0.77, sens 0.81, spec 0.58, PPV 0.84, NPV 0.61; clinical model AUC 0.41, sens 0.50, spec 0.38, PPV 0.30, NPV 0.59",0.77,NR,NR,internal_test,Table 2; Results 3.2; Abstract,no,NA,internal_holdout,performance_metric,"Random stratified 75/25 patient split (71 train / 24 validation), same single center; no external validation",no,yes,research_only,NR,upon_request,TRIPOD,Atrium Health Department of Surgery internal grant,"Speaking/consulting/educational fees from Intuitive Surgical, Medtronic, Teleflex, Baxter, Davol, Biom'Up, AbbVie reported by three authors; remaining authors none","ABMIL deep learning model on pre-chemotherapy CT predicted RECIST response in a 24-patient validation set (AUC 0.77), outperforming a Fong-score clinical model (AUC 0.41).",Small sample for deep learning; pilot; nonoperative patients and those with locoregional therapies excluded; low-event variables (mutational status) not included; no external validation; low specificity,Clinical logistic regression comparator AUC 0.41; hybrid image+clinical model not pursued,no,REV-ALCIDES,ai_assisted_single_reviewer,2026-10-07,complete,"Methods call the split ""cross-validation"" but describe a single 75/25 holdout. Explainability: attention hot-spot images (Fig 3). Only patients who underwent hepatic resection included (selection by outcome-adjacent criterion).",no,batch-23
REC-AICRCTX-000466,Chen2024b,Machine Learning Predicts Oxaliplatin Benefit in Early Colon Cancer.,2024,J Clin Oncol,10.1200/jco.23.01080,peer_reviewed,other,colon,Resected stage II/III colon cancer (adjuvant),early_resectable,"Stage II (T3-4 N0) and stage III (T1-4 N1-2) resected colon cancer; adjuvant setting (stage II 312, stage III 753 from Table 1)",trial_secondary_analysis,multicenter,United States,multiple,"Training: public metastatic CRC datasets (details in Data Supplement) plus TCGA for metagene derivation; evaluation: NSABP C-07 (FULV and FLOX arms, n=846 with transcriptomes) and C-08 (FOLFOX arm, n=219)",1065,patients,"Abstract; Methods ""Patients""; Results Table 1",1065,NR,1065,adjuvant_chemo_selection,Predict benefit from oxaliplatin to reserve FOLFOX for responders and spare non-responders neurotoxicity (de-escalation),Adjuvant FULV vs FULV+oxaliplatin (FLOX/FOLFOX),transcriptomics,FFPE tumor whole-genome DASL (Illumina) gene expression summarized as metagenes (co-expression modules of driver-SGA target DEGs),classification,classical_ml,COLOXIS: ML classifier on metagene features trained on public mCRC data to predict response to oxaliplatin-containing regimens,Metagene expression features (details in Data Supplement),none,NR,Predictive value for oxaliplatin benefit on 8-year recurrence-free survival (treatment-by-signature interaction); prognostic value in FULV arm,HR,"COLOXIS+ oxaliplatin vs FULV RFS HR 0.63 (0.46-0.86), P=.004; COLOXIS- HR 1.08 (0.77-1.52), P=.65; interaction P=.024; COLOXIS+ prognostic in FULV arm HR 1.52 (1.08-2.16), P=.017; COLOXIS+ n=526, COLOXIS- n=539; OS COLOXIS+ HR 0.80 (0.57-1.11)",0.63,0.46,0.86,external,"Results text ""COLOXIS Is Predictive of the Oxaliplatin Benefit""; Fig 3A/3B",prognostic_association,RFS and OS by predicted group and treatment arm; oxaliplatin benefit confined to COLOXIS+ (HR 0.63); stage-specific effects; multivariable Cox,external_retrospective,outcome_association,"Blinded, prespecified evaluation of the locked model on independent phase III trial transcriptomic data (C-07/C-08) different from public mCRC training data; no response label, treatment-effect interaction tested",no,no,retrospective_validation,NR,upon_request,none_stated,"NIH/NLM/NCI grants (R01LM012011, LM013089, U10-CA180868, U10-CA180822, UG1-CA189867, U24-CA196067); Pennsylvania Department of Health; Korea Health Technology R&D (HI13C2162); Sanofi-Synthelabo; Genentech",Disclosures only in online link (not in PDF); affiliations include AstraZeneca and DeepRx Inc,COLOXIS (transcriptome-metagene ML model) identified colon cancer patients who benefit from adjuvant oxaliplatin (COLOXIS+ HR 0.63) versus those who do not (COLOXIS- HR 1.08; interaction P=.024).,"Cutoff threshold yields about 40% of patients possibly receiving unnecessary oxaliplatin and needs fine-tuning; model mechanism not fully understood; further validation planned in C-07, C-08, MOSAIC",NA,yes,REV-ALCIDES,ai_assisted_single_reviewer,2026-10-07,complete,"INCONSISTENT: abstract reports oxaliplatin HR 0.65 (0.48-0.89), P=.0065, int P=.03 and FULV prognostic HR CI 1.07-2.15, whereas Results/Fig 3 report HR 0.63 (0.46-0.86), P=.004, int P=.024 and CI 1.08-2.16; Results values used. Training sample size and model type are in the Data Supplement (not in PDF). Stage II/III adjuvant coded early_resectable per adjuvant rule. Validation coded external_retrospective (independent trial data, blinded evaluation) with outcome_association basis; trial is multicenter but sites not counted as separate external sites. Model was trained on metastatic CRC data. Data via NCTN archive on approval.",no,batch-23
REC-AICRCTX-000467,Bao2024,A multiomics analysis-assisted deep learning model identifies a macrophage-oriented module as a potential therapeutic target in colorectal cancer.,2024,Cell Rep Med,10.1016/j.xcrm.2024.101399,peer_reviewed,tox_surg,colorectal,Colorectal cancer; mIHC cohort of biopsies obtained by colonoscopy before first-line chemotherapy,NR,NR in main text (clinical details in Tables S7/S8); intro refers to first-line chemotherapy in late-stage CRC,other,multicenter,China,multiple,"CCIM-Net: two medical-center mIHC cohorts (training/validation n=181, 80/20; independent testing n=45); also public scRNA-seq (n=18) and bulk GEO/TCGA transcriptomes (n=2081), in-house scRNA-seq (n=8), mouse in vivo experiments",226,patients,"Results (CCIM-Net cohorts); STAR Methods ""226 patients were included, 181 training, 45 testing""",45,181,45,systemic_therapy_selection_response,AI-guided precision chemotherapy: predict response to first-line systemic chemotherapy (CAPOX/FOLFOX) from CCIM spatial pattern,First-line CAPOX or FOLFOX chemotherapy,digital_pathology,"Seven-colour multiplex IHC (FOLR2, DKK3, FOXP3, PDCD1, CD4, CD8, DAPI) images of tumour areas (aligned with HE)",classification,deep_learning,"CCIM-Net: ResNeXt50 (selected among ResNet18/34/50/101, Xception, DenseNet121, ResNeXt50 by test-cohort performance)",CCIM mIHC image patterns (tumour areas only),other_ai_model,Other CNN architectures (AUC 0.77-0.99 in test cohort); FOLR2-RM neural network on bulk transcriptome (AUC 0.797),Response (RECIST 1.1) to first-line chemotherapy,AUC,"Independent testing cohort (n=45): AUC 0.99, accuracy 98%; other architectures AUC 0.77-0.99; FOLR2-RM transcriptome model AUC 0.797 (external cohort GSE19860)",0.99,NR,NR,external,"Results ""Disruption..."" prior section; Fig 6D-F",no,CCIM-Net outcome is response only; separate CCIM transcriptomic score shown prognostic (not the main model),external_retrospective,performance_metric,Training/validation 80/20 split (n=181) and independent testing cohort (n=45) described as from different centers; architecture selected on test-cohort accuracy,no,no,retrospective_validation,NR,yes,none_stated,"National Natural Science Foundation of China (82101830, 81874173, 81472346, 82074208, 82102817); Natural Science Foundation of Zhejiang Province (Y23H160106, LY20H160033, others)",none_declared,ResNeXt50-based CCIM-Net on 7-colour mIHC images predicted chemotherapy response with AUC 0.99 in an independent 45-patient test set; FOLR2+ macrophage targeting enhanced chemotherapy response in mice.,Background differences between in-house biopsy and public cohorts; two in-house samples dominate myeloid/epithelial populations; multicenter validation and clinical trials needed,CCIM score (transcriptomic) stratified prognosis in training (n=1405) and 4-5 validation cohorts (n=682); FOLR2-RM neural network AUC 0.797,yes,REV-ALCIDES,ai_assisted_single_reviewer,2026-10-07,partial,"Stage and detailed clinical data only in supplementary tables S7/S8 (stage_context NR). Mixed multiomics/in vivo study; main model CCIM-Net taken as the one named in the summary. Best of seven listed architectures (text says 8) chosen on the test cohort itself, with test AUC 0.99 n=45 (small test set, selection on test performance). Whether the test cohort is from a different center is stated ambiguously (""two cohorts from different centers""). Study design not stated (coded other).",yes,batch-23
REC-AICRCTX-000471,Cai2024,An automated deep learning pipeline for EMVI classification and response prediction of rectal cancer using baseline MRI: a multi-centre study.,2024,NPJ Precis Oncol,10.1038/s41698-024-00516-x,peer_reviewed,tox_surg,rectum,Non-metastatic biopsy-proven rectal adenocarcinoma,locally_advanced_rectal,"Locally advanced rectal cancer undergoing long-course nCRT (cT1-2 7%, cT3 81%, cT4 12%; cN0 13%, cN1 24%, cN2 63%)",retrospective_cohort,multicenter,Netherlands,own_cohort,"Dutch multicentre dataset (9 centres, 2008-2018): development 317 (6 centres; 4 train, 2 internal validation 95) and external validation 97 (3 centres)",509,patients,"Results ""Characteristics of cases""; Table 1",97,317,97,other,Baseline MRI EMVI classification as prognostic risk-stratification marker (primary task); secondary task: complete response prediction to inform subsequent treatment plans/organ preservation,Long-course neoadjuvant chemoradiotherapy (50-50.4 Gy + capecitabine-based chemotherapy),radiology_imaging,Baseline MRI: DWI (high b-value) and T2W,classification,deep_learning,nnUNet tumour segmentation + MLNet (3D ResNet10 with injected multi-level nnUNet feature maps),Baseline DWI (pipeline DWI) or DWI+T2W images plus nnUNet multi-level feature maps,clinical_model,"Logistic regression on age, gender, cT, cN (external AUC 0.62); ablations: plain 3D ResNet10 and single-stage feature maps",mrEMVI status (positive vs negative) by expert radiologist on baseline MRI,AUC,"EMVI external (n=97), DWI pipeline: AUC 0.76 (0.66-0.84), sens 0.67, spec 0.70; DWI+T2W external 0.73 (0.62-0.83); internal DWI 0.76 (0.66-0.85), DWI+T2W 0.78 (0.68-0.87); clinical LR 0.62; ResNet10 0.51. CR task external: DWI+T2W 0.66 (0.55-0.77), DWI 0.62 (0.49-0.73), LR 0.53; segmentation mDice external 0.73 (DWI), 0.74 (DWI+T2W)",0.76,0.66,0.84,external,"Table 3 (EMVI, external cohort); Results text",no,NA,external_multicenter,performance_metric,"Temporal/centre-wise split: 4 centres train, 2 centres internal validation, 3 different centres as external validation (n=97); 4-fold CV for segmentation",no,yes,retrospective_validation,yes,upon_request,none_stated,EU Horizon 2020 Marie Sklodowska-Curie grant 857894,none_declared,"Fully automated nnUNet+MLNet pipeline on baseline MRI classified EMVI (external AUC 0.76) and predicted complete response (external AUC 0.66, DWI+T2W) with generalisation to external centres.",Low sensitivity/PPV for CR; no standardised MRI response protocol; EMVI reference by radiologist MRI not pathology; heterogeneous long-period data and scanners; only 509 Dutch patients; retrospective; no CEA/other modalities,"CR prediction (co-primary): external AUC 0.66 (0.55-0.77) DWI+T2W, 0.62 DWI; Schurink clinical-imaging model AUC 0.60 on same external cohort; CR defined as pCR or sustained cCR >2 years",no,REV-ALCIDES,ai_assisted_single_reviewer,2026-10-07,complete,"Co-primary tasks (EMVI and CR). Per rule 2(a) the conclusion states pipeline applicable ""particularly for EMVI classification"", so EMVI/MLNet DWI chosen as main (best external AUC 0.76) and CR moved to other_models_outcomes; therapeutic_decision coded other because EMVI is a staging/prognostic marker; if CR were primary it would be neoadjuvant_response (external AUC 0.66, n=97).",yes,batch-23
REC-AICRCTX-000476,Zhou2023,Deep radiomics-based fusion model for prediction of bevacizumab treatment response and outcome in patients with colorectal cancer liver metastases: a multicentre cohort study.,2023,EClinicalMedicine,10.1016/j.eclinm.2023.102271,peer_reviewed,metastatic_systemic,colorectal,"Colorectal cancer with initially unresectable liver-limited/liver-dominant metastases, RAS-mutant",metastatic,"Initially unresectable CRLM (synchronous), RAS-mutant, first-line conversion therapy",retrospective_cohort,multicenter,China,multiple,BECOME trial (NCT01972490) Arm A as training (n=103) and Arm B as negative-control cohort (n=37); consecutive Zhongshan Hospital (ZSH) cohort 2018 (internal validation n=65); external cohort 2020 from Zhongshan Hospital-Xiamen and First Hospital of Wenzhou Medical University (n=102); histology cohort n=82 (patients with biopsies drawn from training/internal cohorts),307,patients,"Methods ""Study design""; Results ""Study cohort"" and Table 1/Fig 2",102,82,102,targeted_therapy_biomarker,Identify bevacizumab-sensitive patients with unresectable CRLM before conversion therapy; non-sensitive could receive intensified chemotherapy (FOLFOXIRI) without bevacizumab,mFOLFOX6/FOLFOX plus bevacizumab (conversion therapy),multimodal,"Baseline 18F-FDG PET/CT of liver metastases + clinical factors (SUVmax, preoperative CEA, primary tumour site) + IHC scores (GLUT1, PKM) of colonoscopy biopsy",classification,hybrid,"DERBY+: ResNet-34 (CT) and EfficientNet-b3 (PET) deep features, GMM transformation, random forest classifier with LASSO-selected clinical and IHC features; weighted voting over image pairs","Deep PET/CT image features (Fimg), 3 LASSO-selected clinical features, 2 histological IHC scores (GLUT1, PKM)",ablation_or_baseline_model,"Single-signature models (clinical 0.66, imaging 0.72, histological 0.72) and DERBY (no histology) in external cohort; negative control cohort with chemotherapy alone",Objective response (PR; RECIST 1.1) to first-line bevacizumab plus chemotherapy,AUC,"DERBY+ external validation (n=102): AUC 0.83 (0.75-0.92), sens 0.80, spec 0.77, PPV 0.74, NPV 0.83; histology cohort (n=82) AUC 0.95 (0.91-1.00); negative control (chemo alone, n=37) AUC 0.58 (0.39-0.76); DERBY training 0.92, internal validation 0.84, external 0.77 (0.67-0.87)",0.83,0.75,0.92,external,"Table 2; Results ""Evaluation and predictive performance of the DERBY+ model""; Abstract",prognostic_association,"DERBY+ predicted responders vs non-responders in external cohort: PFS 9.6 vs 6.3 months (HR 0.52, p=0.002); OS 27.6 vs 18.5 months (HR 0.50, p=0.010); conversion resection 30.0% vs 5.8%",external_multicenter,performance_metric,"Trained on single-center trial/histology cohort; evaluated in external cohort from two other hospitals (ZSHX, HWMU) with different scanners and geography",yes,yes,retrospective_validation,NR,upon_request,none_stated,"National Natural Science Foundation of China (82072653, 81602035, 82172816); Fujian Provincial Health Commission; Xiamen Science and Technology Agency; Clinical Research Plan of SHDC; Shanghai Science and Technology Committee; Zhejiang Provincial Natural Science Foundation; National Science Foundation of Xiamen",none_declared,Multimodal DERBY+ (PET/CT deep features + clinical + IHC) predicted bevacizumab response in an external cohort (AUC 0.83) and stratified PFS/OS; failed in chemotherapy-alone negative control (AUC 0.58).,Retrospective with selection bias (baseline PET/CT and biopsies unavailable for some patients); semi-automatic segmentation needing manual initialisation; IHC markers selected from literature; prospective validation needed (NCT05354674 registered),"DERBY (PET/CT + clinical): training AUC 0.92, internal validation 0.84, external 0.77; single signatures clinical 0.66, imaging 0.72, histological 0.72 (external); DERBY+ decision curve analysis",no,REV-ALCIDES,ai_assisted_single_reviewer,2026-10-07,complete,"DERBY+ chosen as main model (title/interpretation: multimodal PET/CT + clinical + histology; best external AUC) vs DERBY (external AUC 0.77). DERBY+ was trained on the histology cohort (n=82), which is composed of patients drawn from the training and internal validation cohorts (Table 1 note: overlap); the histology-cohort AUC 0.95 is therefore not independent; n_train taken as 82. Some methodological details in online supplement.",no,batch-23
REC-AICRCTX-000478,Kim2023,PAIP 2020: Microsatellite instability prediction in colorectal cancer.,2023,Med Image Anal,10.1016/j.media.2023.102886,peer_reviewed,biomarker_actionable,colorectal,Colorectal cancer H&E whole-slide images (challenge dataset; title/keywords also say colon cancer),NR,NR (dataset stage not reported; discussion refers to MSI-H relevance in stage II/III and stage IV),other,multicenter,South Korea,public_database,"PAIP 2020 challenge dataset: 118 colorectal cancer WSIs from Seoul National University Hospital, SNU Bundang Hospital and SMG-SNU Boramae Medical Center (training 47, validation 31, test 40); MSI-H artificially enriched to 25% (train) and 50% (test)",118,images,Section 2.3 and Table 1 (118 WSIs: 47/31/40),40,47,40,immunotherapy_msi_selection,Predict MSI status from H&E slides to identify the appropriate treatment protocol (MSI-H predicts response to immunotherapy in stage IV; screening to triage patients for MSI testing),Immune checkpoint inhibitor eligibility via MSI-H status (no treatment given in study),digital_pathology,"H&E whole-slide images (Aperio AT2, 200x) with tumour-area annotations",classification,deep_learning,"Top-ranked team (Nateghi, SUTECH): FPN with EfficientNet-B5 tumour segmentation, then VGG-16 patch feature extractor + LSTM for slide-level MSI-H vs MSS",Patches from segmented tumour areas of WSIs (Reinhard stain normalisation),other_ai_model,Other top-10 challenge team algorithms (F1 0.7895-0.9048),"MSI-H vs MSS (reference: MSI-PCR with five Bethesda markers, confirmed by NGS and MMR-IHC)",other,"Test set (n=40: 20 MSI-H, 20 MSS): F1 (MSI-H class) top-ranked 0.9231; top-10 F1 0.9231, 0.9048, 0.9000, 0.8947, 0.8718, 0.8718, 0.8500, 0.8293, 0.8293, 0.7895; mean top-10 F1 0.866",0.9231,NR,NR,internal_test,Table 5; Abstract; Results 4.1,no,NA,internal_holdout,performance_metric,"Held-out test set (n=40) from the same three-hospital source cohort, labels hidden and scored online by organizers; MSI-H enriched to 50%; no external dataset",no,no,research_only,NR,yes,none_stated,"Korea Health Technology R&D Project, KHIDI, Ministry of Health & Welfare, Republic of Korea (HI18C0316)",none_declared,Challenge summary: 23 teams predicted MSI-H vs MSS from 118 colorectal WSIs; top-ranked CNN-LSTM system reached F1 0.9231 on a 40-slide test set; segmentation score did not correlate with MSI classification.,Tied scores because of small test set and simple binary task; weak correlation between segmentation and MSI scores; limited sample pool; explainability needed; DUA administrative burden,"Other top-10 teams (e.g. Lee F1 0.9048, Xiao 0.9000, Sen 0.8947, Sharif 0.8718); results of the 23 submitted teams beyond top 10 not reported",no,REV-ALCIDES,ai_assisted_single_reviewer,2026-10-07,partial,"Challenge report; main model taken as the top-ranked team by F1 (abstract). Stage not reported (stage_context NR prevents complete). Test set artificially enriched for MSI-H (50%); F1 only for MSI-H class reported. No patient count given (118 WSIs, one slide per case presumed but not stated); n_unit images. Setting coded multicenter (three SNU-affiliated hospitals).",no,batch-23
REC-AICRCTX-000482,Jiang2023,Association of collagen deep learning classifier with prognosis and chemotherapy benefits in stage II-III colon cancer.,2023,Bioeng Transl Med,10.1002/btm2.10526,peer_reviewed,tox_surg,colon,Stage II-III colon cancer after R0 radical resection,early_resectable,AJCC 8th stage II-III colon cancer (stage I/IV excluded); adjuvant chemotherapy benefit analysed in high-risk stage II and stage III,retrospective_cohort,multicenter,China,own_cohort,"Nanfang Hospital (training n=303, 2009-2011; internal validation n=287, 2012-2013) and Sixth Affiliated Hospital Sun Yat-sen University (external validation n=292, 2013)",882,patients,Results 2.1; Methods 5.1; Table 1,292,303,579,adjuvant_chemo_selection,Predict prognosis and identify high-risk stage II/III colon cancer patients who benefit from adjuvant chemotherapy,"Adjuvant chemotherapy after radical surgery (received by 495/882, 56.1%; non-randomised)",digital_pathology,"Multiphoton imaging (second-harmonic generation of collagen plus two-photon fluorescence) of unstained serial tumour sections, 3 ROIs of 512 um per section; H&E used to select invasive area",survival_prediction,deep_learning,"collagenDL classifier: ImageNet-pretrained ResNet-50 fine-tuned on multiphoton images (sigmoid output, recurrence probability averaged over 3 images; cut-off 0.436 from training cohort)",Multiphoton images (224x224) of tumour invasive area,clinical_model,"Clinicopathological model (VELIPI, T stage, N stage) and TNM stage; collagenDL nomogram integrates classifier with these",Disease-free survival (co-primary overall survival),C-index,"collagenDL classifier DFS C-index: training 0.699, internal validation 0.692, external 0.697; OS C-index: 0.678, 0.660, 0.692. Nomogram DFS C-index 0.788/0.795/0.778; OS 0.777/0.763/0.822",0.697,NR,NR,external,"Results 2.2 (C-indexes for DFS, external validation cohort)",prognostic_association,"High vs low collagenDL: 5-yr DFS 59.0% vs 90.6% and OS 68.6% vs 93.2% in training; independent predictor (DFS HR 5.848, 95% CI 3.140-10.890; OS HR 5.382, 2.538-11.411); high-collagenDL patients benefited from adjuvant chemotherapy, low did not (interaction analysis)",external_retrospective,performance_metric,Training and temporally separate internal validation from Nanfang Hospital; independent external validation cohort from a second hospital (single external site),yes,yes,retrospective_validation,NR,upon_request,none_stated,"National Natural Science Foundation of China (82103041, 82273360); China Postdoctoral Science Foundation (2020M682789); President Foundation of Nanfang Hospital (2019Z023); Sixth Affiliated Hospital Sun Yat-sen University grants",none_declared,ResNet-50 collagen classifier on multiphoton images stratified DFS/OS in stage II-III colon cancer (external DFS C-index 0.697) and identified patients who benefit from adjuvant chemotherapy; nomogram added incremental value over clinicopathology/TNM.,Retrospective multicenter design; adjuvant chemotherapy choice not random; prospective validation needed; MMR/MSI status not tested for all patients,"collagenDL nomograms (classifier + T, N, VELIPI): DFS C-index 0.788/0.795/0.778 and OS 0.777/0.763/0.822 (training/internal/external); clinicopathological model and TNM comparators in supplement",yes,REV-ALCIDES,ai_assisted_single_reviewer,2026-10-07,complete,Classifier (title) chosen as main model over nomogram; DFS taken as primary (listed first; OS external C-index 0.692). Stage II-III adjuvant coded early_resectable. Chemotherapy-benefit interaction values (Table S8) and comparator C-indexes (Table S4) only in supplement. Optimal cut-off derived in training cohort.,no,batch-23
REC-AICRCTX-000485,Guo2022,Tumor-infiltrating immune cells based TMEscore and related gene signature is associated with the survival of CRC patients and response to fluoropyrimidine-based chemotherapy.,2022,Front Oncol,10.3389/fonc.2022.953321,peer_reviewed,other,colorectal,CRC (GEO/TCGA cohorts),mixed_all_stages,"GSE72970 (TMEscore derivation) metastatic CRC only; other pooled cohorts (GSE39582, TCGA, etc.) stage not reported",bioinformatic_public_data,public_database,China (authors); data NR,public_database,"GEO GSE72970 (124), GSE39582 (585), GSE87211 (363), GSE104645 (193), GSE28702 (83); TCGA-COADREAD (635); expression-validation GEO sets and 40 clinical tumor/adjacent pairs (RT-PCR)",1983,patients,derived: 124+585+363+193+83 listed GEO datasets + 635 TCGA (Methods); text says 2061 GEO patients,193,768,193,systemic_therapy_selection_response,predict response to fluoropyrimidine-based chemotherapy / precise treatment options,"Fluoropyrimidine-based chemotherapy (FOLFOX, FOLFIRI, FOLFIRINOX, +/- bevacizumab)",transcriptomics,Gene expression microarray; CIBERSORT immune cell fractions; TMEscore,classification,classical_ml,"SVM, decision tree and XGBoost for key-gene selection (7:3 split); 3-gene (ADH1C, SLC26A2, NANS) multivariate logistic regression signature; TMEscore by PCA",Expression of 3 genes (from 2267 TIIC-related DEGs),ablation_or_baseline_model,Individual ML key-gene sets (XGBoost/SVM/DT) vs 3-gene logistic signature; TMEscore alone,Response (CR+PR vs SD+PD) to fluoropyrimidine-based chemotherapy,AUC,"3-gene signature: external GSE104645 AUC 0.616; external GSE28702 AUC 0.719; TCGA 5-FU-only subset (n=36) AUC 0.764; discovery/training logistic AUC 0.867; ML key genes internal test AUC XGBoost 0.690, SVM 0.663, DT 0.729; TMEscore (GSE72970, n=124) AUC 0.642",0.616,NR,NR,external,"Results, Validation of the three-gene signature; Figure 6A (GSE104645)",prognostic_association,"TMEscore high vs low associated with better survival (KM) in GSE72970, GSE39582, GSE87211, TCGA; signature predicts response better than survival",external_retrospective,performance_metric,"Random 7:3 train/test of pooled datasets for gene selection; signature then tested in two external GEO datasets (GSE104645, GSE28702) and a TCGA 5-FU subset; no prospective validation",no,no,retrospective_validation,NR,yes,none_stated,National Natural Science Foundation of China (82060104; 81860417; 82160446),none_declared,TIIC-based TMEscore associated with survival and chemotherapy response in fluoropyrimidine-treated CRC; 3-gene signature predicted response with only moderate external AUC (0.616-0.719).,"GSE72970 only metastatic first-line patients; TIIC fractions from microarray, need IHC/flow; predictive value needs larger clinical cohort; gene-resistance mechanisms untested.",TMEscore AUC 0.642 for response (GSE72970); XGBoost/SVM/DT key-gene AUCs 0.690/0.663/0.729,no,REV-ALCIDES,ai_assisted_single_reviewer,2026-10-07,complete,"INCONSISTENT: text states 2061 GEO patients but listed datasets sum to 1348; train/test 768/321 (1089) cannot be reconciled with response-labelled datasets. Primary model = 3-gene signature (title/conclusion); two external cohorts, chose GSE104645 (larger, n=193; 0.616) vs GSE28702 (0.719). stage_context coded mixed_all_stages (pooled cohorts; TMEscore derived in metastatic GSE72970). Public datasets, sites not stated so external_retrospective not multicenter. Multiple datasets pooled for gene selection with test-set used to select genes.",yes,batch-24
REC-AICRCTX-000491,Johnson2022,Gene-Mutation-Based Algorithm for Prediction of Treatment Response in Colorectal Cancer Patients.,2022,Cancers (Basel),10.3390/cancers14082045,peer_reviewed,other,colorectal,CRC; MSK unresectable CRC (82% distant metastasis) and TCGA CRC,mixed_all_stages,"MSK: stage I 2%, II 7%, III 19%, IV 73%; TCGA: I 4%, II 24%, III 65%, IV 7% (Table 1)",retrospective_cohort,public_database,"USA (MSK, TCGA data); authors Sweden/USA/China",public_database,cBioPortal MSK cohort (n=471; training) and TCGA Firehose Legacy (n=191 of 221; validation),662,patients,Table 1 / Methods 2.1: MSK 471 + TCGA 191,191,471,191,systemic_therapy_selection_response,predict treatment response (progression vs non-progression after first-line chemotherapy) at diagnosis for personalized therapy,First-line chemotherapy in unresectable/metastatic CRC (MSK); treatment in TCGA not specified,genomics,"Somatic mutation profiles of 7 genes (KRAS, BRAF, ERBB2, MAP2K1, TSC2, TP53, APC)",classification,classical_ml,Random forest (XLSTAT) with grid search and 10-fold CV for gene-combination selection,Mutation status of 7 genes,clinical_model,"Cancer stage, adjuvant therapy, surgery on primary, MSI, and their combination (logistic regression)",Progression vs non-progression after treatment (responder vs non-responder) during 50-month follow-up,AUC,"TCGA validation: AUC 0.97 (95% CI 0.95-0.99), sens 96%, spec 77%; MSK training: AUC 0.98 (0.95-1.02), sens 83%, spec 98%, PPV 74%, NPV 99%; PFS HR 16.9 (7.2-39.6) MSK and TCGA",0.97,0.95,0.99,external,Results 3.4 and Table 2 (TCGA); Figure 5A,prognostic_association,"High algorithm score associated with worse PFS (HR 16.9, p<0.001) in MSK and TCGA",external_retrospective,performance_metric,"Trained on MSK (471), tested on TCGA subset; single external dataset; no prospective validation",no,no,retrospective_validation,NR,yes,none_stated,"EU REVERT (848098), Swedish Cancer Society, Swedish Research Council, Umea University and others",none_declared,"7-gene mutation random forest classifier distinguished progressed vs non-progressed mCRC with AUC 0.97-0.98 in MSK training and TCGA validation, outperforming clinicopathological indicators.",No prospective cohorts; lack of large cohorts for validation.,"Clinical comparators AUC: stage 0.50, adjuvant therapy 0.41, surgery on primary 0.41, MSI 0.34 (MSK); combination similar to 7-gene alone",no,REV-ALCIDES,ai_assisted_single_reviewer,2026-10-07,complete,"INCONSISTENT: abstract gives AUC 0.97 (MSK) and 0.98 (TCGA) but Results give 0.98 (MSK) and 0.97 (TCGA); TCGA n given as 221, 191 (Table 1/2) and 119 (Section 3.4). Used Results/Table values and n=191. Marked class counts in Table 1 imply very few responders (MSK 24 non-progressed); extreme AUC/specificity with low prevalence; MSK performance evaluated on training data (not CV). Employed 10-fold CV only for gene-combination selection.",yes,batch-24
REC-AICRCTX-000492,Luo2022,Comprehensive Analysis of Microsatellite-Related Transcriptomic Signature and Identify Its Clinical Value in Colon Cancer.,2022,Front Surg,10.3389/fsurg.2022.871823,peer_reviewed,biomarker_actionable,colon,"Colon adenocarcinoma (TCGA-COAD, R0 resection)",mixed_all_stages,TNM stage used as covariate; stage distribution NR in text; R0-resected only,bioinformatic_public_data,public_database,NA,public_database,"TCGA-COAD (UCSC Xena, n=318 after R0 filter); GSE39582 (prognostic validation, n NR); GSE146771 (scRNA-seq)",318,patients,Methods and Figure 1 (318 TCGA-COAD samples); GSE39582 n not reported,318,NA,NA,immunotherapy_msi_selection,MSRS as predictor of response to immunotherapy (and prognostic factor) in colon cancer,Immune checkpoint inhibitors (response inferred via TIDE score cutoff 1.0); cisplatin sensitivity via pRRophetic,transcriptomics,Bulk RNA-seq (FPKM) and scRNA-seq; MSI-related DEGs,survival_prediction,classical_ml,"LASSO Cox regression (MSRS, 24 genes); separate 3-hidden-layer neural network (100/50/25) to predict MSI status from 238 DEGs",Expression of 24 genes (MSRS); 238 DEGs (NN),clinical_model,"Age, gender and TNM stage in time-dependent ROC / multivariable Cox",Predicted immunotherapy response (TIDE-based responder vs non-responder) and overall survival,AUC,"MSRS for TIDE-inferred immunotherapy response AUC 0.624 (TCGA-COAD, n=318); cisplatin AUC 0.548; time-dependent AUC for OS >0.8 most of the time (figure only); NN for MSI status Kappa 0.706 (30% test)",0.624,NR,NR,train,"Results, Associations between the MSRS and Response to Immunotherapy; Figure 8E",prognostic_association,"High MSRS associated with poor OS in TCGA-COAD and GSE39582; independent after adjusting for age, sex, TNM",external_retrospective,outcome_association,"MSRS prognostic (OS) association replicated in GSE39582; ICI-response AUC computed on the same 318 TCGA samples used to build MSRS against TIDE-algorithm labels (no true response labels, no held-out data). NN MSI classifier had 70/30 random split.",no,no,retrospective_validation,NR,yes,none_stated,Sun Yat-Sen University Clinical Research 5010 Program (2017008; 2019021),NR,"MSRS is a robust prognostic factor for OS but a barely satisfactory predictor of immunotherapy response (AUC 0.624, TIDE-inferred).",RNA-seq not routine in clinic; different expression platforms need standardization; in-silico immune estimation; many censored survival data in TCGA-COAD.,"Neural network predicting MSI-H vs MSS/MSI-L from 238 DEGs, Kappa 0.706 in test set; MSRS vs cisplatin response AUC 0.548",no,REV-ALCIDES,ai_assisted_single_reviewer,2026-10-07,complete,"INCONSISTENT: text says prognostic validation in GSE39582 (Methods/Results/Abstract) but Discussion cites GSE146771 as the validation cohort. Response label is the TIDE algorithm output (surrogate), not observed treatment response; ICI-response AUC derived in-sample. Primary outcome choice: abstract highlights both OS prognosis and ICI-response AUC; chose ICI-response AUC (only numeric headline) as primary metric, validation coded as outcome_association (OS in GSE39582); performance_cohort set to train because no held-out data. conflicts_of_interest: no statement in PDF text read.",yes,batch-24
REC-AICRCTX-000496,Hyung2022,Histopathologic and Molecular Biomarkers of PD-1/PD-L1 Inhibitor Treatment Response among Patients with Microsatellite Instability‒High Colon Cancer.,2022,Cancer Res Treat,10.4143/crt.2021.1133,peer_reviewed,biomarker_actionable,colorectal,dMMR/MSI-H colorectal (mostly colon) adenocarcinoma,metastatic,"Metastatic or recurrent dMMR/MSI-H CRC treated with ICI (54% initially metastatic, 46% recurrent after resection)",retrospective_cohort,single_center,South Korea,own_cohort,"Asan Medical Center; patients treated with pembrolizumab or in NCT03150706 (avelumab) / NCT03435107 (durvalumab) trials, 2015-2020",27,patients,"Abstract and Results 1 (27 MSI-H patients: 15 responders, 12 non-responders; 50 screened)",19,NA,NA,immunotherapy_msi_selection,Predict response to PD-1/PD-L1 blockade among MSI-H CRC for optimal patient stratification,"PD-1/PD-L1 inhibitors (pembrolizumab, avelumab, durvalumab)",transcriptomics,"NanoString nCounter PanCancer Immune panel (730 genes); histopathology and PRAME IHC analysed as associations, not model inputs",classification,classical_ml,Random forest (sklearn) with leave-one-out cross-validation,Top 8 differentially expressed immune-related genes (incl. PRAME),none,NA,ICI response (responder: >4 months without progression) vs non-responder,AUC,LOOCV AUC 0.93; accuracy 0.84 (95% CI 0.60-0.96); sensitivity 0.91; specificity 0.75; PPV 0.833; NPV 0.857,0.93,NR,NR,cross_validation,Results 5 and Figure 5C,prognostic_association,"High PRAME mRNA associated with longer PFS (log-rank p=0.011; multivariable HR 0.15, 0.03-0.77); histology independently associated",internal_cv,performance_metric,Leave-one-out CV in 19 patients with adequate NanoString data; genes selected on the same data (no nested selection); no external validation,no,yes,research_only,NR,NR,none_stated,HK inno.N Corp.; KHIDI Korea Health Technology R&D Project (HI18C2383),Statement under Conflicts of Interest section only reports research support by HK inno.N Corp.,Eight immune genes (incl. PRAME) in a random forest predicted ICI response in MSI-H CRC with LOOCV AUC 0.93 in 19 patients; histologic features and PRAME associated with response and PFS.,"Single center, small sample, different ICIs; no DEG significant after FDR correction; external validation needed.",NA,no,REV-ALCIDES,ai_assisted_single_reviewer,2026-10-07,complete,"n_performance=19 from NanoString subset (Results 1, line on 19 patients); 27 is the histopathology/response group (one MSS case in screened subset excluded). Gene selection on full data before LOOCV (feature selection leakage), described factually. Feature importance (Fig 5B) shown -> explainability yes. Data/code availability not stated. Primary model is the RF classifier; histology/PRAME analyses are associations.",no,batch-24
REC-AICRCTX-000497,Chao2022,Identifying Cell Type-Specific Chemokine Correlates with Hierarchical Signal Extraction from Single-Cell Transcriptomes.,2022,Pac Symp Biocomput,10.1142/9789811250477_0024,peer_reviewed,biomarker_actionable,colorectal_plus_other,"MMR classification in CRC (colorectal atlas, 60 patients); ICI-response task pooled across tissue types (incl. non-CRC)",NA,NR; public single-cell datasets without clinical stage context,bioinformatic_public_data,public_database,NA,public_database,"GEO scRNA-seq: GSE178341 (CRC atlas), GSE123814, GSE120575, GSE144469 (ICI response); GSE146771 and GSE132465 (independent CRC MMR validation); simulated scRNA-seq (20,000 cells)",60,patients,"Results 3.2.3 (60-patient CRC atlas, GSE178341); ICI-response and independent-dataset patient counts not reported",NR,NR,NR,immunotherapy_msi_selection,Identify cell type-specific chemokine correlates of ICI response and of DNA mismatch repair status (MMRd) for determining prognosis and treatment,PD-1/immune checkpoint inhibitors (response task); MMR status as ICI-eligibility proxy,transcriptomics,"Single-cell RNA-seq, 64 chemokine/receptor genes; 100-cell pseudo-samples",classification,deep_learning,"SCIONN: signal-extractor (conv + recurrent, Gumbel-softmax masking) plus conv/FC classifier; Integrated Gradients attribution",Chemokine and chemokine-receptor expression of 100 sampled cells per pseudo-sample,other_ai_model,"Logistic regression, RNN, LSTM, GRU",dMMR vs pMMR classification of CRC tissue samples (secondary task: ICI response RECIST R vs NR),AUC,"MMR task: atlas held-out test AUC 0.8701 +/- 0.0954; independent GSE146771 colon10x 0.8691 +/- 0.2201, GSE146771 colonSS2 0.9041 +/- 0.0843, GSE132465 colon10x 0.7275 +/- 0.0321; ICI response (pooled datasets) test AUC 0.7583 +/- 0.1588 (50 random splits); simulated AUC 1.000",0.7275,NR,NR,external,Table 4 (GSE132465 colon10x); Table 3 and Table 2 for other tasks,no,NA,external_retrospective,performance_metric,"Random 80/10/10 patient-level train/val/test, 50 repeats; MMR model additionally evaluated on two independent public CRC scRNA-seq datasets (GSE146771, GSE132465)",no,yes,retrospective_validation,yes,yes,none_stated,Simons Foundation,NR,SCIONN outperformed logistic regression and RNN/LSTM/GRU for MMR classification (AUC 0.87 internal; 0.73-0.90 external) and ICI response (AUC 0.76) and highlighted CCL5/CXCL13 chemokine correlates.,NR,"ICI response prediction (multi-tissue) AUC 0.7583 vs LogReg 0.7119, RNN 0.6443, LSTM 0.6889, GRU 0.7028; simulated-data experiments",no,REV-ALCIDES,ai_assisted_single_reviewer,2026-10-07,complete,"Method paper; CRC-specific task = MMR classification (used as primary, ICI-response task is pooled multi-tissue, scRNA datasets of non-CRC origin e.g. melanoma). Three independent test rows in Table 4 (two datasets); chose GSE132465 (an independent group dataset; lowest AUC, most demanding) as primary; others in performance_value. Patient Ns for external sets not reported. Labels are MMR status, not treatment response, for the CRC task.",yes,batch-24
REC-AICRCTX-000498,Ma2021,Magnetic resonance imaging-radiomics evaluation of response to chemotherapy for synchronous liver metastasis of colorectal cancer.,2021,World J Gastroenterol,10.3748/wjg.v27.i38.6465,peer_reviewed,metastatic_systemic,colorectal,CRC with synchronous liver metastasis (classical adenocarcinoma; mucinous/signet-ring excluded),metastatic,"Synchronous liver metastasis; clinical T1-T4, N0-N2",retrospective_cohort,single_center,China,own_cohort,"Zhejiang Provincial People's Hospital, 2017-2020",223,other,Abstract/Methods: 102 patients with 223 SLM lesions (unit of analysis = lesions),67,156,67,systemic_therapy_selection_response,Predict chemotherapy response of SLM to choose optimal treatment and avoid ineffective chemotherapy,mFOLFOX7 chemotherapy; MRI response at 3 months by RECIST 1.1,radiology_imaging,"3.0T MRI (T2WI, DWI, portal-phase CE) radiomics, 396 features per sequence (1188 total); nomogram adds CA19-9 and clinical N stage",classification,classical_ml,LASSO feature selection + logistic regression (radiomics score); radiomics-clinical nomogram,"12 radiomics features (4 DWI, 6 T2WI, 2 CE-PP) for the radiomics model",ablation_or_baseline_model,"Single-sequence radiomics models (Ra-DWI, Ra-T2WI, Ra-CEPP); radiomics-clinical nomogram",Disease response (PR) vs non-response (SD/PD) of liver metastasis lesions to chemotherapy at 3 months,AUC,"MRI-radiomics model: train AUC 0.733 (0.656-0.800), validation AUC 0.753 (0.633-0.849); Ra-DWI 0.652/0.661, Ra-T2WI 0.628/0.575, Ra-CEPP 0.633/0.543 (train/validation); radiomics-clinical nomogram AUC 0.809 (0.751-0.858), cohort not specified",0.753,0.633,0.849,internal_test,"Results, MRI-radiomics logistic model construction; Abstract",no,NA,internal_holdout,performance_metric,Random 7:3 lesion-level split of 223 lesions (156/67) from single center; patients contribute up to 3 lesions each,yes,no,research_only,upon_request,upon_request,none_stated,Medical and Health Research Projects of Health Commission of Zhejiang Province (2019KY035),none_declared,MRI-radiomics logistic model predicted chemotherapy response of synchronous CRC liver metastases (validation AUC 0.753); radiomics-clinical nomogram with CA19-9 and cN stage reached AUC 0.809.,Only portal phase of CE analysed; single center needing external validation; retrospective with possible imbalance; RECIST rather than pathologic response.,"Radiomics-clinical nomogram AUC 0.809 (95% CI 0.751-0.858), cohort unspecified (claimed more effective); single-sequence models Ra-DWI/T2WI/CEPP",no,REV-ALCIDES,ai_assisted_single_reviewer,2026-10-07,complete,Primary model chosen = MRI-radiomics logistic model (title/aim; only model with a defined validation set); nomogram (conclusion highlights it as more effective) reports a single AUC 0.809 with no cohort stated. Calibration (Hosmer-Lemeshow) reported for radiomics model. Lesion-level random split with multiple lesions per patient (possible patient overlap across sets). Tabulated N1 vs text N staging mildly inconsistent but not used. Clinical covariates in nomogram do not make the model multimodal (rule 9).,yes,batch-24
REC-AICRCTX-000503,Shayesteh2021,"Treatment response prediction using MRI-based pre-, post-, and delta-radiomic features and machine learning algorithms in colorectal cancer.",2021,Med Phys,10.1002/mp.14896,peer_reviewed,other,rectum,Locally advanced rectal cancer (within 15 cm of anal verge),locally_advanced_rectal,LARC with lymph node involvement or tumor penetration into peripheral fat; treated with nCRT,retrospective_cohort,multicenter,Iran,own_cohort,"Center#1 (training, 3T MRI) and Center#2 (external validation, 1.5T MRI), 2017-2019",53,patients,Abstract and Methods 2.1,17,36,17,neoadjuvant_response,Response prediction to neoadjuvant chemoradiation in LARC for planning optimal treatment strategies,"Concurrent nCRT 45 Gy + boost to 50.4-54 Gy with chemotherapy, surgery 4-8 weeks later",radiology_imaging,T2W MRI radiomics (96 PyRadiomics features) 2 weeks before and 4 weeks after nCRT; delta features; ComBat harmonization,classification,classical_ml,"MRMR feature selection + KNN, Naive Bayes, Random forest, XGBoost; primary = RF on delta-radiomics",MRMR-selected delta-radiomic features (relative change pre to post nCRT),ablation_or_baseline_model,"Pre- and post-treatment radiomic feature models; other classifiers (KNN, NB, XGB)",Pathologic response (AJCC/CAP TRG 0-1 responder vs 2-4 non-responder),AUC,"External validation (n=17, 1000 bootstraps) delta-RF AUC 0.96 +/- 0.01 (CI 0.96-0.96); delta-NB 0.96 +/- 0.04; delta-KNN 0.76; delta-XGB 0.79; pre-treatment best RF 0.85 +/- 0.04; post-treatment best KNN 0.81 +/- 0.14; univariate best AUC pre 0.78 (GLCM_IMC1), post 0.70, delta 0.71",0.96,0.96,0.96,external,"Abstract; Results 3.3; Tables 3 and 4 (delta, RF, AUC)",no,NA,external_retrospective,performance_metric,"Trained on Center#1 (n=36), tested on Center#2 (n=17); single external site with different scanner; bootstrapped CIs on the 17 test patients; multivariate results reported only for external set",no,no,retrospective_validation,NR,upon_request,none_stated,Alborz University of Medical Sciences; Swiss National Science Foundation (SNSF 320030_176052),none_declared,"Delta-radiomic T2W MRI features with RF reached external AUC 0.96, outperforming pre- (0.85) and post-treatment (0.81) features for nCRT response prediction in LARC.",Small training and external validation sets (addressed by bootstrap); feature reproducibility not evaluated.,"Delta NB AUC 0.96 +/- 0.04; delta KNN 0.76; delta XGB 0.79; pre-treatment RF 0.85, KNN 0.69/0.73; post-treatment KNN 0.81",no,REV-ALCIDES,ai_assisted_single_reviewer,2026-10-07,complete,"Primary = delta-radiomics RF (abstract/conclusion); NB tied on AUC. Text gives RF AUC SD 0.018 while Abstract/Table 4 give 0.01 (used Table 4). Delta features require the post-nCRT MRI (4 weeks after nCRT), so not a purely pre-treatment predictor. Test n=17 with bootstrap CIs (narrow). Training and external classes: 15/21 responders in training, 11 responders of 17 in external. Hyperparameters tuned by 1000 bootstraps in train data; ComBat harmonization fitted across both centers.",no,batch-24
REC-AICRCTX-000505,Zhang2021,Development and validation of magnetic resonance imaging-based radiomics models for preoperative prediction of microsatellite instability in rectal cancer.,2021,Ann Transl Med,10.21037/atm-20-7673,peer_reviewed,biomarker_actionable,rectum,Rectal adenocarcinoma (mucinous excluded),mixed_all_stages,Preoperative MRI cohort; MR-T1 to T4 reported; patients with prior chemoradiotherapy excluded,retrospective_cohort,single_center,China,own_cohort,"West China Hospital, Jan 2016-May 2019, 715 screened",491,patients,Abstract/Methods and Figure 1 (440 MSS + 51 MSI),164,327,164,immunotherapy_msi_selection,Noninvasive preoperative MSI status prediction for personalized therapy selection (MSI informs response to chemotherapy/immunotherapy),MSI status as predictive biomarker for 5-FU adjuvant therapy and immunotherapy; no treatment given as model target,radiology_imaging,"T2-weighted rectal MRI radiomics (1,454 PyRadiomics features, 6 selected); clinical variables added to the combined model",classification,classical_ml,"ICC filter, t-test, LASSO feature selection; XGBoost classifiers (RIC combined, RI radiomics, RC clinical)","6 radiomics features + sex, age, MR-T stage, CEA, CA19-9 (RIC model)",ablation_or_baseline_model,Radiomics-only (RI) and clinical-only (RC) XGBoost models,MSI-H (dMMR by IHC) vs MSS/MSI-L status,AUC,"Validation (n=164): RIC AUC 0.895 (0.838-0.938), sens 66.7% (38.4-88.2), spec 98.7% (95.2-99.8); RI AUC 0.784 (0.713-0.844); RC AUC 0.685 (0.608-0.755). Training: RIC 0.989, RI 0.945, RC 0.756",0.895,0.838,0.938,internal_test,"Results and Table 3 (validation cohort, RIC model); Abstract",no,NA,internal_holdout,performance_metric,Random 2:1 split into training (327) and validation (164) cohorts at a single center; MSI status by MMR IHC; no external validation,no,no,research_only,NR,NR,TRIPOD,National Natural Science Foundation of China (81971571),none_declared (one author is unpaid editorial board member of Ann Transl Med),"Combined MRI-radiomics plus clinical XGBoost model discriminated MSI from MSS in rectal cancer (validation AUC 0.895), better than clinical-only (0.685; P=0.015) and not significantly better than radiomics-only (0.784; P=0.204).","Few MSI cases (prevalence 10.4%); single-center retrospective, needs multicenter validation; manual segmentation variability.",RI radiomics-only AUC 0.784; RC clinical-only AUC 0.685 (validation),yes,REV-ALCIDES,ai_assisted_single_reviewer,2026-10-07,complete,"Primary = combined RIC model (conclusion, abstract). Clinical variables added to an image model, coded radiology_imaging rather than multimodal (rule 9). Target is MSI status (biomarker), not treatment response; coded immunotherapy_msi_selection by rule 8. Model hyperparameters in Appendix 1 (not available). Data sharing statement referenced via link only; code/data availability NR. Authors from InferVision performed analysis on the InferScholar platform. Sensitivity 66.7% at 15 MSI cases in validation.",no,batch-24
REC-AICRCTX-000510,Li2020,Multi-modal radiomics model to predict treatment response to neoadjuvant chemotherapy for locally advanced rectal cancer.,2020,World J Gastroenterol,10.3748/wjg.v26.i19.2388,peer_reviewed,neoadj_pcr_ww,rectum,"Locally advanced rectal cancer (T3-4, N0-2, M0)",locally_advanced_rectal,"T3-T4b, N0-N2, no distant metastasis (cT/N by imaging)",retrospective_cohort,single_center,China,own_cohort,"West China Hospital, consecutive LARC patients Oct 2016-Jun 2019 who had pre-treatment CT and MRI and TME after neoadjuvant chemotherapy",118,patients,"Abstract/Methods p.2391, Results p.2393",48,70,48,neoadjuvant_response,Predict response to neoadjuvant chemotherapy to contribute to personalized selection of neoadjuvant chemotherapy,"Neoadjuvant chemotherapy without radiotherapy (CapeOx, with sequential apatinib in cycles 2-4) followed by TME",multimodal,"Pre-treatment enhanced CT + MRI (HR-T2WI, DCE-T1, ADC) radiomics plus MRI-assessed EMVI",classification,classical_ml,"mRMR + LASSO feature selection, SMOTE balancing, logistic regression; nomogram (radiomics score + EMVI)","396 radiomic features per sequence (CT, HR-T2WI, DCE-T1, ADC; 13 selected) + EMVI score",ablation_or_baseline_model,"Single-sequence radiomics models (CT, DCE-T1, HR-T2WI, ADC), combined radiomics model, EMVI-only clinical model","Response to neoadjuvant chemotherapy (TRG 0-2 response vs TRG 3 non-response, AJCC 4-tier)",AUC,"Multi-modal radiomics model (nomogram): validation AUC 0.93 (95% CI 0.86-1), ACC 0.875, sens 0.875, spec 0.875; training AUC 0.925 (0.845-1), ACC 0.886. Combined radiomics model: validation AUC 0.908, train 0.921. EMVI: validation AUC 0.578, train 0.73. HR-T2WI validation AUC 0.859; ADC 0.828; DCE-T1 0.812; CT 0.766",0.93,0.86,1,internal_test,"Table 2 (MRM row, validation); Abstract",no,NR,internal_holdout,performance_metric,Random split of the single-center cohort into training (n=70) and validation (n=48) sets; repeated 10-fold CV within training,yes,no,research_only,NR,no,none_stated,National Natural Science Foundation of China (81971571); Science and Technology Department of Sichuan Province (2019YFS0431); Sichuan University undergraduate innovation program (C2019104739),none_declared,"Multi-modal CT+MRI radiomics nomogram (radiomics score + EMVI) predicted response to neoadjuvant chemotherapy in LARC with validation AUC 0.93, outperforming single-sequence models and EMVI alone (though differences vs single sequences were not significant).","Retrospective with possible selection bias; small sample because the neoadjuvant chemotherapy protocol is new at the hospital; results need testing with other protocols/CRT; biological markers (HER2, Ki-67) not available in all patients.","Validation AUC: HR-T2WI 0.859, ADC 0.828, DCE-T1 0.812, CT 0.766, combined radiomics 0.908, EMVI 0.578",no,REV-ALCIDES,ai_assisted_single_reviewer,2026-10-07,complete,"Response defined as TRG 0-2 (not pCR). Nomogram selected as multi-modal radiomics model per conclusion. Fig 4 caption mislabels validation values (0.908/0.812) as training; Table 2 used. Radiomics score OR 1.34, EMVI OR 6.72. SMOTE applied to balance classes (set unspecified).",no,batch-25
REC-AICRCTX-000511,Fu2020,Deep learning-based radiomic features for improving neoadjuvant chemoradiation response prediction in locally advanced rectal cancer.,2020,Phys Med Biol,10.1088/1361-6560/ab7970,peer_reviewed,neoadj_pcr_ww,rectum,Locally advanced rectal cancer,locally_advanced_rectal,"T2-T4 (2/34/7), N0-N2 (5/20/18) pre-nCRT",retrospective_cohort,single_center,China,own_cohort,"43 consecutive LARC patients treated Dec 2015-Dec 2016 at a single institution (country not stated in text; inferred from affiliation of Cancer Hospital CAMS, Beijing)",43,patients,Abstract; Methods 2.1; Table 2,43,NA,NA,neoadjuvant_response,Predict response to nCRT; early prediction may allow individualized management and potential avoidance of TME,Neoadjuvant chemoradiation (capecitabine + 50 Gy/25 fx) followed by TME,radiology_imaging,"Pre-treatment DWI-derived ADC map (MRI), GTV contoured",classification,hybrid,Pre-trained VGG19 (ImageNet) deep features + LASSO-penalized logistic regression,"105 DL-based features (from 1472, highest variance) from ADC ROI",ablation_or_baseline_model,Handcrafted PyRadiomics features (105) + LASSO logistic regression; fused classifier,Good response (pathologic complete/partial response or MRI/colonoscopy complete response) vs non-good response to nCRT,AUC,DL-based classifier mean AUC 0.73 (SE 0.05) over 20x repeated stratified 4-fold CV; handcrafted 0.64 (SE 0.08); fused 0.71; corrected resampled t-test p=0.049,0.73,NR,NR,cross_validation,Results 3.2; Abstract,no,NR,internal_cv,performance_metric,Repeated (20x) stratified 4-fold CV on the single 43-patient cohort; hyperparameters tuned by grid search in the same CV scheme,no,no,research_only,NR,NR,none_stated,NR,NR,DL-based (VGG19) radiomic features from pre-treatment ADC maps gave a significantly higher mean CV AUC (0.73) than handcrafted features (0.64) for predicting nCRT response in LARC.,Small sample with unstable accuracy estimates; only 9 pCR patients so pCR vs non-pCR not modeled; single modality (DWI) only; larger dataset needed.,Handcrafted-feature classifier AUC 0.64 (SE 0.08); fused classifier AUC 0.71,no,REV-ALCIDES,ai_assisted_single_reviewer,2026-10-07,complete,"Hyperparameter grid search and evaluation both in the same repeated CV (no nested CV stated). Funding/COI not found in PDF text. Country inferred from affiliation. Response label partly based on MRI/colonoscopy, not only pathology.",no,batch-25
REC-AICRCTX-000512,Lu2020,FOLFOX treatment response prediction in metastatic or recurrent colorectal cancer patients via machine learning algorithms.,2020,Cancer Med,10.1002/cam4.2786,peer_reviewed,metastatic_systemic,colorectal,Metastatic or recurrent colorectal cancer (primary and metastatic lesion biopsies),metastatic,Metastatic or recurrent CRC receiving first-line FOLFOX,bioinformatic_public_data,public_database,Japan; Europe (REGP/COSIVAL/BIOCOLON cohorts) per GEO dataset table,public_database,"GEO microarrays GSE19860 (n=29), GSE28702 (n=83), GSE72970 (n=32); ML models built only in GSE28702",83,samples,"Methods 2.5, Results 3.4, Table 1 (GSE28702 n=83; 144 specimens across 3 datasets used for meta-analysis)",33,50,33,systemic_therapy_selection_response,Early identification of metastatic/recurrent CRC patients sensitive to FOLFOX,First-line FOLFOX/mFOLFOX6 (no bevacizumab),transcriptomics,Affymetrix HG-U133 Plus 2.0 expression of 18 candidate DEGs from microarray meta-analysis,classification,classical_ml,"Random forest (primary by best test AUC); also SVM, neural network (top 3 of KNN, SVM, GBM, decision tree, RF, NN)","Expression of 18 candidate genes (WASHC4, HELZ, ERN1, RPS6KB1, APPBP2, IRF7, EML3, LYPLA2, DRAP1, RNH1, PKP3, TSPAN17, LSS, MLKL, PPP1R7, GCDH, C19ORF24, CCDC124)",other_ai_model,Six ML algorithms compared by CV; top 3 compared on test set,FOLFOX response (CR/PR vs SD/PD by RECIST),AUC,"Test set (40% of GSE28702): RF AUC 0.877 (95% CI 0.747-1.00), sens 0.850, spec 0.692; SVM AUC 0.827 (0.670-0.984), sens 0.900, spec 0.692; NN AUC 0.800 (0.638-0.962), sens 0.800, spec 0.538",0.877,0.747,1.00,internal_test,"Results 3.4, Table 2",no,"Cox analysis was of individual gene expression (MLKL, CCDC124 independent OS predictors), not of model output",internal_holdout,performance_metric,Random 60/40 train/test split within GSE28702; 5-fold CV x20 in training; the other two datasets not used for modelling or validation,no,no,research_only,NR,yes,none_stated,Key Technology Research and Development Program of Zhejiang Province (2017C03017),none_declared,"An 18-gene signature from microarray meta-analysis fed to ML models predicted FOLFOX response in a hold-out test set (RF AUC 0.877, SVM 0.827); MLKL and CCDC124 expression were independent prognostic factors for OS.",Prediction and survival analysis only in GSE28702 (other datasets too small); mixed primary and metastatic samples without subgroup analysis; no miRNA/lncRNA features; unclear influence of targeted agents.,"SVM test AUC 0.827; neural network 0.800; applied to FOLFIRI dataset GSE62080: SVM 0.676, RF 0.667, NN 0.778",no,REV-ALCIDES,ai_assisted_single_reviewer,2026-10-07,complete,"Authors name SVM and RF jointly as best; RF chosen as primary by highest test AUC (rule 2b). n_test=33 and n_train=50 derived from 60/40 split of 83 and consistent with sens/spec CIs (20 responders, 13 non-responders). n_analytic=83 refers to modelling cohort; 144 specimens used in meta-analysis (the 18 genes were selected using all 3 datasets including GSE28702 test samples: possible feature-selection leakage, stated factually).",no,batch-25
REC-AICRCTX-000518,Gruendner2018,Predicting Clinical Outcomes in Colorectal Cancer Using Machine Learning.,2018,Stud Health Technol Inform,10.3233/978-1-61499-852-5-101,peer_reviewed,other,colorectal,"Colon (55%) and rectal (45%) carcinoma, resected",mixed_all_stages,TNM I-IV; subgroup analyses of stage II (n=134) and III (n=97),retrospective_cohort,single_center,Germany,own_cohort,564 CRC patients resected at Erlangen University Hospital after fall 2009; clinical data plus RT-qPCR mRNA expression of 59 genes (design not explicitly labeled retrospective),564,patients,Methods p.102,NR,NR,NR,neoadjuvant_response,Radio-chemotherapy response (RCT-R) and relapse predictions proposed to help decide for or against neoadjuvant/adjuvant radiochemotherapy,"Neoadjuvant radio-chemotherapy (140 patients, 24%, received neoadjuvant therapy); response by Dworak grade (3-4 good vs 0-2 poor/none)",transcriptomics,"RCT-R model used gene expression only (RT-qPCR, 59 genes); relapse/DFS models added localization, epidemiology, cancer type, TNM stage",classification,classical_ml,"C5.0 decision tree (best RCT-R model); also glmnet, kNN, nnet, RF, DNN; glmnet/coxph/rfsrc for survival outcomes",mRNA expression of pre-selected genes (RCT-R model),other_ai_model,Several ML algorithms compared per outcome; stage II relapse model compared with literature risk groups (Merkel) by log-rank,Radio-chemotherapy response (Dworak 3-4 vs 0-2),accuracy,"RCT-R (C5.0, test): accuracy 0.70, specificity 0.85, sensitivity 0.53. Relapse (glmnet, test): accuracy 0.71, spec 0.73, sens 0.63. DFS C-index 0.76 test; OS C-index 0.86-0.87 test; DFS stage II C-index 0.83 test (1.0 train); DFS stage III C-index 0.20 test (0.98 train); relapse stage III accuracy 0.54 test (0.71 train)",0.70,NR,NR,internal_test,Results 3.1 and Discussion; Abstract,prognostic_association,Stage II relapse-model groups gave stronger survival-curve separation (Kaplan-Meier) than literature risk groups,internal_holdout,performance_metric,Test data withheld before model building (split ratio not reported); feature selection used three data splits; no external validation,no,no,research_only,NR,NR,none_stated,"German Research Foundation (FOR 2438 subproject 2), W. Lutz Stiftung, Forschungsstiftung Medizin, IZKF Clinical Center Erlangen (grants to M.S.)",NR,Automated ML pipeline on 564 CRC patients gave test accuracies ~0.70-0.71 for RCT response and relapse and C-index 0.76 (DFS) and 0.87 (OS); stage III models overfit.,Limited data (feature selection split data in three sets; subgroup analyses reduced data); gene importance depends on prediction problem; test data for stage II/III relapse had only 1 and 3 positive cases.,Relapse acc 0.71 (glmnet); OS C-index 0.86-0.87 (glmnet); DFS C-index 0.76 (glmnet); DFS stage II 0.83 (coxph); DFS stage III 0.20 test (rfsrc); relapse stage III acc 0.54; predicting all 5 Dworak levels accuracy 0.40,no,REV-ALCIDES,ai_assisted_single_reviewer,2026-10-07,partial,"Multi-outcome study with no single declared primary model. RCT-R (neoadjuvant response) C5.0 model chosen as principal because it is the treatment-response outcome, which the conclusion highlights; relapse (acc 0.71) and survival models listed in other_models_outcomes. Abstract gives OS C-index 0.86, results 0.87. Test-set size, RCT-R sample size and split ratio not reported. Therapeutic axis inherited as other.",yes,batch-25
REC-AICRCTX-000519,Dykstra2017,Urine metabolomics as a predictor of patient tolerance and response to adjuvant chemotherapy in colorectal cancer.,2017,Mol Clin Oncol,10.3892/mco.2017.1407,peer_reviewed,adjuvant_risk,colorectal,"Colon 41, rectum 22 (1 synchronous colon and rectum)",mixed_all_stages,Clinical stage III or IV (mixed III/IV; coded mixed_all_stages as closest value),retrospective_cohort,multicenter,Canada,own_cohort,"Existing CRC tissue bank (prospectively collected urine) with retrospective chart review; 4 Edmonton hospitals, 2008-2012; 91 charts reviewed, 62 patients with urine spectra",62,patients,Results: Patients (62); Abstract,43,NR,NR,toxicity_prediction,"Predict tolerance (treatment delay, dose reduction) and response (recurrence, 5-year survival) to adjuvant chemotherapy to aid counselling about treatment options",Adjuvant chemotherapy (45 of 62 patients received chemotherapy),other,Urine 1H-NMR metabolomics (69 metabolites quantified with Chenomx; 12 excluded),classification,classical_ml,"LASSO (best for treatment delay, log-transformed concentrations); also SVM, decision tree, random forest",Urinary metabolite concentrations (log-transformed or urea-normalized),other_ai_model,Four ML algorithms x two data transformations compared per task,Chemotherapy treatment delay (yes/no),AUC,"Treatment delay AUC 0.750 (LASSO, log-transformed; RF urea-normalized 0.717); cancer recurrence 0.650; 5-year survival 0.612; dose reduction 0.542 (best of 8 algorithm/transformation combinations each)",0.750,NR,NR,cross_validation,Abstract; Results Predictors; Tables II-III,no,NR,internal_cv,performance_metric,10-fold cross-validation with blinded held-out fold within the same cohort; best of 8 combinations reported per task (selection on same CV),no,no,research_only,NR,NR,none_stated,NR,"Two authors (Fedorak, Wang) are co-founders of Metabolomic Technologies Inc.","Urine metabolomic ML predictors were weak for dose reduction, recurrence and 5-year survival (AUC 0.54-0.65); treatment delay was moderately accurate (AUC 0.75).","Small sample size; too few patients to build predictors for hospitalization, regime change, or progression.","Recurrence AUC 0.650 (SVM, urea-normalized); 5-year survival 0.612; dose reduction 0.542",no,REV-ALCIDES,ai_assisted_single_reviewer,2026-10-07,complete,"Treatment delay predictor chosen as principal (highest AUC, flagged as most promising by authors). n_performance=43 (45 treated minus 2 without data), derived. Best AUC picked among 8 algorithm/transform combinations in the same CV. Funding not reported. Stage III/IV pooled.",no,batch-25
REC-AICRCTX-000528,Yuan2026,Development and validation of a multivariable CT-based Delta-radiomics model for predicting efficacy to bevacizumab therapy in patients with colorectal liver metastases.,2026,Transl Cancer Res,10.21037/tcr-2026-0614,peer_reviewed,metastatic_systemic,colorectal,"Colorectal cancer with liver metastases (primary colon 44, rectum 46 across cohorts per Table 2)",metastatic,Colorectal liver metastases receiving first-line bevacizumab + chemotherapy,retrospective_cohort,multicenter,China,own_cohort,"Lanzhou University Second Hospital (training 7:3 split), Sichuan Provincial People's Hospital and Affiliated Hospital of Qinghai University (external); consecutive patients Jan 2018-Jan 2023",90,patients,"Results Patients; Figure 1 (90 patients, 255 liver metastases)",77,47,43,systemic_therapy_selection_response,Early prediction of bevacizumab-combined chemotherapy efficacy at 2 months to guide personalized treatment strategies (continue vs escalate/switch),Bevacizumab + FOLFOX/FOLFIRI/CapeOX/mXELIRI first-line,radiology_imaging,Baseline and 2-month contrast-enhanced CT texture features of liver metastases (manually segmented),classification,classical_ml,"Boruta + simulated annealing feature selection, stepwise multivariable logistic regression (Ratio model); also Delta, COMB and other logistic models","Ratio of pre/post-treatment CT texture features (2 selected from 1,499)",clinical_model,"Clinical model; pre-, post-, Pre+Post, DeltaABS radiomics models",6-month RECIST 1.1 response of individual liver metastases (CR/PR vs SD/PD),AUC,"Ratio model: training 0.891 (0.835-0.946), internal validation 0.891 (0.799-0.982), external 0.922 (0.864-0.979; ACC 0.870, SEN 0.800, SPC 0.929). COMB: 0.956/0.894/0.833. Delta: 0.858/0.899/0.859",0.922,0.864,0.979,external,"Table 4 (Ratio, external validation); Results",no,"OS analysis was of observed RECIST patient efficacy (HR 2.842, P=0.002), not of model-predicted classes",external_multicenter,performance_metric,Random 7:3 split of center 1 (training/internal validation) plus two external centers; lesion-level analysis (255 lesions; external 77 lesions from 34 patients),yes,no,retrospective_validation,NR,NR,TRIPOD,National Natural Science Foundation of China (82371914); Gansu Province Joint Research Fund (24JRRA921); Cuiying Program of Lanzhou University Second Hospital (CY2021-ZD-01),none_declared,"Delta-radiomics models (Ratio, Delta, COMB) from baseline and 2-month CT predicted 6-month response of CRLM to bevacizumab chemotherapy (external AUC 0.833-0.922), outperforming clinical and single-timepoint models.",Modest sample size; manual segmentation variability; response not pathologically validated (TRG).,COMB external AUC 0.833; Delta 0.859; Post 0.746; Pre+Post 0.735; DeltaABS 0.488; Pre 0.435; Clinical 0.514,no,REV-ALCIDES,ai_assisted_single_reviewer,2026-10-07,complete,"Authors present Ratio, Delta and COMB as co-primary; Ratio chosen by best external AUC (rule 2b), COMB (multivariable fusion, title-aligned) is the alternative. Analysis unit is liver metastasis: n_performance=77 lesions (external, 34 patients); n_train=47 and n_test=43 are patients (9 internal + 34 external); training 125 and internal 53 lesions. Data sharing statement is only a link in the PDF.",yes,batch-25
REC-AICRCTX-000542,Farzaliyeva2026,Assessment of Large Language Models in Colorectal Cancer Multidisciplinary Tumor Board Decision-Making: A Retrospective Single-Center Comparison of Guideline-Integrated General-Purpose vs. Domain-Specialized Models.,2026,Curr Oncol,10.3390/curroncol33060309,peer_reviewed,llm_dss,colorectal,"Colon 236 (78.7%), rectum 64 (21.3%)",mixed_all_stages,"TNM I 32, II 99, III 117, IV 52; settings adjuvant 217, neoadjuvant 26, metastatic 40, recurrent 17",retrospective_cohort,single_center,Türkiye,own_cohort,"300 consecutive CRC cases discussed at a tertiary academic MTB (Baskent University), Jan 2022-Dec 2025",300,patients,Methods 2.1; Results Table 1,300,NA,NA,treatment_recommendation_llm,"LLM-generated treatment recommendations compared with real-world MTB decisions (six categories: surgery/interventional, neo/adjuvant CT, palliative CT, neo/adjuvant CRT, active surveillance, additional tests)","Multimodality CRC management across adjuvant, neoadjuvant, metastatic and recurrent settings",text_ehr,De-identified standardized case summaries (~3200 tokens) mirroring MTB presentation,recommendation_generation,llm,"Gemini 2.5 (cloud, NCI guidelines in-context ~85k tokens, T=1.0); MedGemma 27B text-it (local, no guidelines, T=0.0 and T=1.0)","Standardized clinical case package (demographics, TNM, ECOG, Charlson, MSI, prior lines, etc.) plus expert-role system prompt",guideline_or_tumor_board,Real-world multidisciplinary tumor board decision as reference standard; MedGemma as model comparator,"Concordance of LLM treatment recommendation with MTB decision (weighted kappa, exact agreement) and clinical safety",concordance_agreement,"Gemini 2.5: weighted kappa 0.792, accuracy 85.0%, F1 0.79, recall 0.82; full concordance 81.7%; safe 83.7%. MedGemma T=0: kappa 0.566, accuracy 70.3%, F1 0.64, recall 0.61, full concordance 57.0%, safe 62.3%. MedGemma T=1: kappa 0.610, accuracy 73.5%, F1 0.71, recall 0.66, full concordance 62.3%, safe 62.7%",0.792,NR,NR,internal_test,Abstract; Results Table 3 and Table 4,no,NR,none,performance_metric,No model development; off-the-shelf LLMs evaluated retrospectively on 300 single-center cases against MTB decisions; no external or prospective evaluation,no,no,research_only,NR,upon_request,none_stated,No external funding,none_declared,"Guideline-integrated Gemini 2.5 showed substantial agreement with MTB decisions (kappa 0.792, accuracy 85.0%, safe 83.7%) versus MedGemma 27B without retrieval (kappa 0.57-0.61, accuracy 70-74%, safe 62-63%); discordance concentrated in surgical planning, surveillance and recurrent disease.","Single-center retrospective design; incomplete complexity determinants (ASA, frailty, surgical risk); no independent clinician or guideline control; raters were members of the same MTB; pre-consensus inter-rater agreement not recorded; input asymmetry (guideline integration only for Gemini).","MedGemma T=0.0: kappa 0.566, accuracy 70.3%; MedGemma T=1.0: kappa 0.610, accuracy 73.5%",yes,REV-ALCIDES,ai_assisted_single_reviewer,2026-10-07,complete,Prompts only in Supplementary Tables S1-S2 (not needed for core fields; supplement_needed flagged). Gemini 2.5 chosen as primary model (conclusion). validation_level=none coded because no model was developed/trained (LLM evaluation against MTB reference); performance_cohort internal_test is the closest vocabulary value. Headline metric weighted kappa; accuracy 85.0% in performance_value. Predefined asymmetry in knowledge augmentation between arms.,yes,batch-25
REC-AICRCTX-000567,Li2026,Comprehensive machine learning analysis of a radiomics-based model for predicting microsatellite instability in right Colon Cancer.,2026,Front Oncol,10.3389/fonc.2026.1759980,peer_reviewed,biomarker_actionable,colon,"Right colon cancer (ileocecal, ascending, hepatic flexure, transverse); left colon used as validation set",mixed_all_stages,"pTNM I-IV (pT1-4, pN0/N+, pM0/M1) after radical resection; neoadjuvant therapy excluded",retrospective_cohort,multicenter,China,own_cohort,"247 right colon cancer patients (43 dMMR, 204 pMMR) resected 2017-2024 at Yanjiang District People's Hospital of Ziyang and Ziyang Central Hospital; left colon patients as validation set",261,patients,Results 3.1; Table 1; Table 4 (left-colon n=14 derived from percentages),75,172,89,immunotherapy_msi_selection,Noninvasive preoperative prediction of dMMR/MSI-H status as decision-making tool and to guide early intervention,dMMR/MSI-H status (immunotherapy-relevant biomarker); no treatment modeled,radiology_imaging,"Preoperative contrast-enhanced CT radiomics (107 features, 3D Slicer, manual ROI); clinicopathological variables (sex, age, tumor diameter, histological type, pN, pM, pTNM, differentiation) added in the joint model",classification,classical_ml,"LASSO feature selection; random forest (best of LR, RF, SVM, XGBoost) joint clinicopathological-radiomics model",17 CT texture features + 8 clinicopathological variables,ablation_or_baseline_model,"Radiomics-only model and clinical-only model (RF); LR, SVM, XGBoost radiomics models",dMMR (MSI-H) vs pMMR status by postoperative immunohistochemistry,AUC,"Joint RF model: training AUC 0.99 (0.98-1.00), acc 0.99; test AUC 0.97 (0.93-0.99), acc 0.93, sens 0.94, spec 0.93; left-colon (authors' external) AUC 0.81 (0.77-0.85), acc 0.70, sens 0.85, spec 0.57. Radiomics RF: test AUC 0.97 (Table 3) / 0.96 (abstract). Clinical model test AUC 0.70 (0.66-0.82)",0.97,0.93,0.99,internal_test,"Table 3 (joint model, test set); Table 5 for left colon",no,NR,internal_holdout,performance_metric,"Random 7:3 split of right colon cohort (train 172/test 75; 50% CV in training); left-colon patients from the same hospitals used as an additional validation set (authors call it external; different tumor site, not a different institution)",yes,no,research_only,NR,upon_request,none_stated,Sichuan Medical Science and Technology Innovation Research Association (2025YCYM041); Ziyang Medical Association,none_declared,"RF joint clinicopathological-radiomics model predicted dMMR in right colon cancer with test AUC 0.97, exceeding radiomics-only and clinical-only models; AUC 0.81 in left colon.",Single-center retrospective with limited generalizability; IHC rather than PCR as reference; selection bias from exclusion of incomplete data; manual ROI subjectivity; needs prospective multicenter external validation.,"Radiomics-only RF: test AUC 0.97 (Table 3; abstract 0.96); clinical model test AUC 0.70; LR, SVM, XGBoost radiomics models inferior to RF (Table 2)",no,REV-ALCIDES,ai_assisted_single_reviewer,2026-10-07,complete,"INCONSISTENT: abstract gives radiomics RF AUC 0.98 train/0.96 test whereas text/Table 3 give 0.99/0.97 (identical to joint model row); Table 3 values used. Left-colon set (n=14 inferred from Table 4 percentages; listed locations include rectum) is a same-hospital different-subsite cohort, so not coded as external; its AUC 0.81 reported in performance_value. Joint model uses postoperative pathology variables (pN, pM, pTNM) although framed as preoperative. Cohort described as 2 hospitals but called single-center in limitations. n_test=89 (75 internal + 14 left colon).",yes,batch-25
REC-AICRCTX-000569,Petainen2026,dMMR prediction from colorectal cancer histopathology: Leveraging non-tumor and low-magnification regions.,2026,Comput Methods Programs Biomed,10.1016/j.cmpb.2026.109317,peer_reviewed,biomarker_actionable,colorectal,Colon and rectum (primary CRC; TCGA-COAD/READ),mixed_all_stages,Stages I-IV (CRC-FFPE-FIN),retrospective_cohort,multicenter,Finland; TCGA (USA),multiple,"CRC-FFPE-FIN (1282 WSIs, multiple Finnish hospitals; dev); CRC-OYS-FIN (Oulu, 1010 WSIs; external); TCGA-COAD/READ (457 WSIs; external)",2749,images,Abstract; Sec 2.1 (1282 + 1010 + 457 WSIs),915,1228,1267,immunotherapy_msi_selection,"dMMR identification critical for guiding treatment (immunotherapy response, Lynch screening); AI as pre-screening before IHC/PCR",Immunotherapy eligibility / MMR testing (no treatment given),digital_pathology,"H&E WSIs; tumor tiles at 20x/5x and non-tumor tiles at 5x; tile embeddings from MobileNetV3, UNI-v2, H-Optimus-0",classification,deep_learning,"Foundation-model tile embeddings (UNI-v2/H-Optimus-0) or MobileNetV3 + MIL aggregators (ABMIL, CLAM), single- and multi-scale; 24 configurations","WSI tiles (tumor 20x, tumor 5x, non-tumor 5x), slide-level MMR label",other_ai_model,"Comparison among 24 internal configurations (tissue origin, magnification, embedding, aggregator)",Patient-level dMMR vs pMMR (IHC/PCR-based reference),other,"UNI-v2 CLAM TUM20x (primary): CRC-OYS-FIN external F1 0.919, sens 0.508, spec 0.992, PPV 0.912, NPV 0.929, AUPRC 0.954 (N=915); TCGA external F1 0.928, sens 0.682, spec 0.964, AUPRC 0.938 (N=298); internal test F1 0.766, sens 0.556, spec 1.000, AUPRC 0.947 (N=54)",0.919,NR,NR,external,"Table 3 (CRC-OYS-FIN block, UNI-v2 CLAM TUM20x); abstract",no,NA,external_multicenter,performance_metric,"Internal test 27+27 WSIs held out; two external sets: Oulu University Hospital (CRC-OYS-FIN, 915 after excluding <30 tiles) and TCGA (298 after exclusions). Top-3 per embedding type selected on validation set; weighted F1 and AUPRC key metrics",no,no,retrospective_validation,yes,no,none_stated,Regional Council of Central Finland and ERDF (Central Finland AI hub II); Jane and Aatos Erkko Foundation; funders had no role,none_declared,"dMMR predictable from H&E WSIs with MIL; non-tumor tissue carries predictive signal but lower than tumor; foundation-model embeddings improved external generalizability (external specificity 0.96-0.99, sensitivity 0.50-0.68).",Poor generalizability across laboratories (low external sensitivity); needs fine-tuning on local data; non-tumor tissue not analysed by type; no clinical data integrated,Top-3 on OYS: HOpt ABMIL TUM20x F1 0.918; UNI ms ABMIL F1 0.916; UNI ABMIL F1 0.912. TCGA UNI ms ABMIL F1 0.932. Non-tumor OTHER5x best weighted F1 0.889 UNI-v2 CLAM validation (non-tumor lower than tumor); MobileNet models poor externally (F1 0.384-0.579 OYS),no,REV-ALCIDES,ai_assisted_single_reviewer,2026-10-07,complete,"Co-primary: no single declared model. Chose UNI-v2 CLAM TUM20x (highest F1 on OYS among top models and in conclusion foundation embeddings); alternative could be HOpt ABMIL or multi-scale. performance_metric coded other (weighted F1; AUPRC also reported, no AUC). Abstract states TCGA 457 WSIs but Table 3 N=298 (after exclusion); n_analytic uses 457. Some table columns read by position from pdftotext (model order inferred from table listing). dMMR via IHC/PCR in Finnish cohorts; TCGA MSI-high from Liu et al. data_availability: own cohorts not public, TCGA public.",yes,batch-26
REC-AICRCTX-000613,Rasmussen2025,Clinical implementation of an AI-based prediction model for decision support for patients undergoing colorectal cancer surgery.,2025,Nat Med,10.1038/s41591-025-03942-x,peer_reviewed,llm_dss,colorectal,"Colon and rectal cancer, elective curative-intent surgery (colon/rectal/local resections)",mixed_all_stages,UICC I-IV in registry; cM1 5.0% included (NRC); RCC/PCC excluded cM1 without curative option,implementation_before_after,mixed,Denmark,multiple,"NRC: DCCG + DNPR + DPR + RLRR national registries (18,403, 2014-2019; development/internal validation); RCC: Zealand University Hospital EHR (806, 2020-2022; external validation and historical comparator); PCC: prospective intervention cohort (194, 2023)",19403,patients,"Fig. 1; Table 1 (18,403 + 806 + 194)",806,13803,5406,surgical_approach_or_complications,Predicted 1-year mortality assigns patients to risk-tailored perioperative optimization bundles (risk groups A-D) to reduce postoperative complications,Elective curative-intent CRC surgery; personalized perioperative treatment bundles,clinical_tabular,"Registry/EHR structured data: demographics, comorbidities, drugs, labs, procedures (68 candidate covariates, 58 in final model)",classification,classical_ml,LASSO logistic regression (5-fold CV for lambda),"58 covariates retained: age, sex, comorbidities, WHO PS, ASA, lifestyle, labs, drug exposure, tumour/procedure characteristics",other,Historical standard-of-care cohort (RCC) vs personalized treatment cohort (PCC) for clinical outcomes; no model comparator,1-year mortality after surgery (model); CCI>20 and medical complications (implementation outcomes),AUC,"AUROC 0.82 (0.81-0.84) development; 0.77 (0.74-0.80) internal validation; 0.79 (0.71-0.87) external (RCC, n=806). Sensitivity at threshold 0.15: 0.40/0.32/0.50; Brier 0.043/0.046/0.044",0.79,0.71,0.87,external,Results text and Fig. 4a-b,decision_or_outcome_impact,"Personalized (PCC, n=194) vs standard care (RCC, n=806): CCI>20 19.1% vs 28.0% (adj OR 0.63, 0.42-0.92); medical complications 23.7% vs 37.3% (adj OR 0.53, 0.36-0.76); IRR complications 0.66; readmissions IRR 0.66; cost-saving in modelled analysis",decision_impact_observational,performance_metric,75/25 split of registry cohort; external validation in single-centre retrospective cohort (temporally later); non-randomized before/after implementation (PCC vs historical RCC) with outcomes adjusted for risk group,yes,no,implementation_evaluated,yes,upon_request,TRIPOD-AI,Aage and Johanne Louis-Hansen Foundation; Novo Nordisk Foundation; Agency for Digital Government; Interreg OKS,Several authors shareholders/consultants/inventors with Nordic AI Medical ApS (licensed CE-mark of algorithm),LASSO registry model (external AUROC 0.79) used for risk-stratified perioperative bundles; before/after cohort showed lower complications and cost-effectiveness.,"No causal inference; non-randomized with historical comparison from different periods; small single-centre prospective cohort; interventions not tested individually; split-sample validation, simple imputation; cost-effectiveness based on simulated data","Risk groups A-D by predicted 1-yr mortality (<=1, >1-5, >5-15, >15%). Cost saving US$2,847.59 per patient; QALY gain 0.020.",no,REV-ALCIDES,ai_assisted_single_reviewer,2026-10-07,complete,"Axis llm_dss inherited but model is LASSO logistic (classical_ml per rule 10), not LLM. 1-yr mortality is a surrogate predicted endpoint; decision coded as surgical_approach_or_complications (perioperative bundles). PCC n=194 in text/Fig.1 vs 196 in Fig. 2 legend (text/table preferred). n_test = 4,600 internal + 806 external. Data via application to Danish Health Data Authority.",yes,batch-26
REC-AICRCTX-000618,Feng2025,Deepath-MSI: a clinic-ready deep learning model for microsatellite instability detection in colorectal cancer using whole-slide imaging.,2025,NPJ Precis Oncol,10.1038/s41698-025-01094-2,peer_reviewed,biomarker_actionable,colorectal,Surgically resected primary CRC (colon and rectum),NR,NR (stage not reported; resected primary tumours),retrospective_cohort,multicenter,China; TCGA (USA),multiple,"Six Chinese cohorts (APH, FUSCC, NBPC, SHGH, ZCH, FUSCC-RD; 2017-2024) plus TCGA; 5070 WSIs; FUSCC-RD = consecutive real-world cohort (n=2236) non-overlapping with FUSCC",5070,images,Abstract; Results Dataset description; Table 1; Fig. 1A,2236,1600,3470,immunotherapy_msi_selection,MSI crucial for immunotherapy selection and Lynch diagnosis; model as pre-screening to bypass IHC/PCR in MSS,Immunotherapy eligibility / MSI testing (no treatment given),digital_pathology,"H&E WSIs, tumour ROI tiles; multiple scanners (3D Histech, KFBIO, Leica, Shengqiang)",classification,deep_learning,Deepath-MSI: DINOv2 self-supervised feature extractor + feature-based MIL aggregator with attention (encoder-decoder),Tumour tiles from H&E WSI (ROI detection by two-stage algorithm; min 100 tiles per slide),none,"Published models (MSIntuit, MSINet, WiseMSI) compared only qualitatively against literature values",MSI-H/dMMR vs MSS/pMMR (IHC/PCR/NGS reference),AUC,"Real-world validation FUSCC-RD (n=2236, threshold 0.4): AUROC 0.978, sens 94.6, spec 90.7, PPV 34.7, NPV 99.7, accuracy 90.9; test set (n=1234): AUROC 0.976, sens 95.0, spec 91.7, acc 92.2, PPV 69.0, NPV 99.0; training (n=1600): AUROC 0.996",0.978,NR,NR,temporal,"Results text, Diagnostic performance on real-world validation set; Fig. 3D-E; Table 1 (test set)",no,NA,temporal_same_center,performance_metric,"Random split of six cohorts into train (1600) / test (1234); independent consecutive real-world cohort (FUSCC-RD, 2236) from the same institution as FUSCC training cohort, non-overlapping patients; threshold fixed at 95% sensitivity in test set and applied to FUSCC-RD",no,no,research_only,upon_request,upon_request,none_stated,Songjiang District Science and Technology Key Project; Shanghai research programs; Ningbo Leading Medical Discipline project; Zhejiang Provincial Medicine and Health Research Foundation; funders had no role,"Three authors employees of Canhelp Genomics Co., Ltd.; others none","Deepath-MSI achieved test AUROC 0.976 and, in a real-world cohort, sensitivity 94.6% and specificity 90.7%; NMPA Breakthrough Device designation noted.","No biopsy samples; generalizability beyond Chinese population unvalidated; poorer performance in right-sided, large, mucinous, poorly differentiated tumours; prospective multicentre validation needed",Per-center test AUROC 0.967-0.988; scanner AUROC 0.950-0.991; TCGA subset AUROC 0.968 (n=223).,no,REV-ALCIDES,ai_assisted_single_reviewer,2026-10-07,partial,"stage_context NR (stage not reported in text/Table 2) so status partial. FUSCC-RD is same-institution as FUSCC training cohort, non-overlapping and consecutively collected; collection dates not given separately so coded temporal_same_center (alternative: external_retrospective not applicable since same centre). Test-set n_test = 1234 + 2236. Test set includes TCGA and multiple centres (random split, not external). Code on reasonable request.",yes,batch-26
REC-AICRCTX-000633,Gan2025,Utilizing intratumoral and peritumoral ultrasound radiomics for predicting KRAS gene mutation status in rectal cancer patients.,2025,J Appl Clin Med Phys,10.1002/acm2.70153,peer_reviewed,biomarker_actionable,rectum,"Rectal cancer, surgically resected, no preoperative chemoradiotherapy",mixed_all_stages,Pathological T1-T4 (Table 1); no preoperative therapy; M status NR,retrospective_cohort,single_center,China,own_cohort,"Fujian Medical University Union Hospital, June 2019-Aug 2023; endorectal ultrasound images",278,patients,Abstract; Methods 2.1; Results 3.1,84,194,84,targeted_therapy_biomarker,Predict KRAS mutation status to guide anti-EGFR (cetuximab/panitumumab) targeted therapy selection,Anti-EGFR therapy eligibility (KRAS wild-type),radiology_imaging,"Endorectal ultrasound (ERUS) radiomics: intratumoral and 5 mm peritumoral ROI (manual segmentation, PyRadiomics, 1032 features per region)",classification,classical_ml,Combine_LR: logistic regression on LASSO-selected intratumoral+peritumoral radiomic features (22 features); also SVM and LightGBM,"Radiomics features from intratumoral and peritumoral ERUS regions (first-order, shape, texture, wavelet)",other_ai_model,Intratumoral-only and peritumoral-only models and LR/SVM/LightGBM variants (9 models total),KRAS mutation status (mutant vs wild-type; postoperative pathology),AUC,"Combine_LR test: AUC 0.881 (0.808-0.955), acc 0.833, sens 0.911, spec 0.744, PPV 0.804, NPV 0.879; train: AUC 0.882 (0.837-0.928), acc 0.794, sens 0.762, spec 0.831",0.881,0.808,0.955,internal_test,"Table 2 (Combine_LR, Test); abstract",no,NA,internal_holdout,performance_metric,Random 7:3 split (194 train / 84 test) within one centre; 5-fold CV in training; no external validation; LN+/- subgroup analysis in test,yes,yes,research_only,NR,NR,none_stated,NR,none_declared,"Combined intratumoral+peritumoral ERUS radiomics LR predicted KRAS mutation with test AUC 0.881, outperforming intratumoral (best 0.799) or peritumoral (best 0.642) models.","Retrospective single-centre (selection bias, needs multicentre external validation); manual segmentation variability; tumour diameter confounding not analysed; feature extraction/selection strategies not compared","Test AUC: Combine_SVM 0.889, Combine_LightGBM 0.894 (Combine_LR chosen for calibration); Internal_SVM 0.799, Internal_LR 0.795, Internal_LightGBM 0.760; External(peritumoral)_LightGBM 0.642, _SVM 0.618, _LR 0.584",no,REV-ALCIDES,ai_assisted_single_reviewer,2026-10-07,complete,"Primary model declared by authors = Combine_LR (best by calibration/DCA although not highest AUC; Combine_LightGBM test AUC 0.894 higher). Stage coded mixed_all_stages (pT1-T4 surgery-first, M status NR). Table 2 columns partly parsed by position; Combine_LR values consistent with abstract (AUC 0.881). SHAP applied to optimal models. Statement of funding/data/code availability absent.",no,batch-26
REC-AICRCTX-000642,Woerner2025,Leveraging automated machine learning to predict colon cancer prognosis from clinical features and risk groups: a retrospective cohort study.,2025,Eur J Surg Oncol,10.1016/j.ejso.2025.110194,peer_reviewed,adjuvant_risk,colon,Resected primary colon cancer,mixed_all_stages,"Resected non-metastatic colon cancer (T1-T4, N0-N2); stage IIA (T3N0) subgroup analysed (NCC n=253); stage IV mentioned only for palliative-treatment context",retrospective_cohort,multicenter,South Korea,own_cohort,SNUH 2002-2015 (4310 included; 3041 good/poor prognosis; 80/20 split) and National Cancer Center Korea 2008-2010 (1025 included; 540 complete-case good/poor for external test),3581,patients,Methods 2.1 (4310 + 1025 included); Fig. 1,540,2426,1155,adjuvant_chemo_selection,"Predict prognosis (recurrence risk) to determine need for adjuvant therapy after curative resection, incl. stage IIA decisions",Adjuvant chemotherapy after colectomy,clinical_tabular,"29 features: baseline, clinicopathologic (T, N, CEA, invasion) and 15 preoperative blood laboratory values (plus composite indices e.g. PINI)",classification,classical_ml,"XGBoost (manual) with H2O AutoML ensemble comparison; also LogR, elastic net, RF, GBM, GLM, DRF, NN",29 clinical/pathologic/blood features,other_ai_model,"Manual LogR, ENet, RF vs XGBoost; AutoML (XGB, GBM, GLM, DRF, NN)",Good (no recurrence/cancer death within 5 y) vs poor (recurrence/cancer death 30 d-3 y) prognosis,AUC,"XGBoost NCC external (n=540): AUC 0.798; SNUH holdout (n=615) AUC 0.778; OS C-index 0.791 / DFS C-index 0.749 (NCC); AutoML XGB AUC 0.771 SNUH, 0.798 NCC",0.798,NR,NR,external,"Table 2 (XGB, NCC Replication Set); abstract",prognostic_association,"Predicted good vs poor prognosis associated with OS and DFS (age-adjusted HRs, C-index); in NCC stage IIA (n=253) discriminated chemotherapy-benefit subgroup in KM analysis",external_retrospective,performance_metric,80/20 internal holdout of SNUH; 100x repeated 10-fold CV on training; one external hospital (NCC) complete-case set; AutoML and survival analyses,no,yes,retrospective_validation,NR,upon_request,none_stated,"SNUH Research Fund (0420212030); National R&D Program for Cancer Control, Ministry of Health and Welfare, Korea (HA23C0535)",none_declared,Tabular XGBoost/AutoML models predicted 5-year good vs poor prognosis (external AUC 0.798); T/N stage and PINI most important; linear and ensemble models comparable.,"NR (no dedicated limitations paragraph; notes models may be limited by 29 features, lower NN performance on tabular data)","NCC AUC: ENet 0.798, LogR 0.796, RF 0.783; SNUH AUC ENet 0.781, LogR 0.778, RF 0.763. AutoML NCC AUC: GLM 0.794, GBM 0.783, DRF 0.763, NN 0.755. Two-feature (T,N) XGB AUC 0.730 SNUH / 0.785 NCC.",no,REV-ALCIDES,ai_assisted_single_reviewer,2026-10-07,complete,Primary model XGBoost per abstract (AUC 0.798 in independent NCC set; elastic net had same 0.798). Binary label is a surrogate built only from patients with distinct good/poor prognosis (intermediate/indeterminate excluded for training/testing). n_test = 615 SNUH + 540 NCC. NCC test restricted to complete cases (540 of 1025). Stage coded mixed_all_stages because resected non-metastatic cohort spans I-III. Imputation done separately in train/test. [Blind-QA adjudication 2026-10-07: n_analytic: 5335 -> 3581],no,batch-26
REC-AICRCTX-000643,Sun2025,Single-cell and bulk transcriptome analyses reveal elevated amino acid metabolism promoting tumor-directed immune evasion in colorectal cancer.,2025,Front Immunol,10.3389/fimmu.2025.1575829,peer_reviewed,biomarker_actionable,colon,CRC scRNA-seq cohorts (GSE205506 dMMR/MSI-H; GSE132465 colorectal) and TCGA-COAD / GSE39582 bulk colon cohorts,NA,NR (public datasets; stage not reported),bioinformatic_public_data,public_database,NA,public_database,"GSE205506 (17 dMMR/MSI-H CRC after neoadjuvant toripalimab; 13 pCR / 4 non-response; 103,066 cells), GSE132465 (23 untreated CRC; 47,198 cells), TCGA-COAD (UCSC Xena; split 50/50 train/test), GSE39582 (validation); plus in vitro CRC cell/CD8+ T-cell co-culture",NR,patients,"NR: bulk cohort sizes (TCGA-COAD, GSE39582) not stated in text; scRNA-seq 17 + 23 patients (Methods 2.2; Results 3.1)",NR,NR,NR,discovery_no_decision,"AA metabolism score linked to PD-1 blockade resistance; six-gene risk score for prognosis, immune profile and drug sensitivity (patient stratification and therapeutic decision-making, as stated)",PD-1 blockade (dMMR/MSI-H cohort); drug sensitivity predicted in silico,transcriptomics,scRNA-seq (AUCell AA metabolism score) and bulk mRNA (RNA-seq/microarray) expression,survival_prediction,classical_ml,Six-gene risk score from univariate Cox + LASSO + multivariate Cox on TCGA-COAD training half; AUCell AA score (31 genes) for scRNA-seq,"Expression of MAPKAPK3, RBM17, DHFR, MCCC2, ARPC5L, ALG14",none,NA,"Overall survival (1-, 3-, 5-year time-dependent ROC) by AA-related risk score",AUC,"Time-dependent AUC for 1/3/5-year OS stated only as "">0.7"" in training; test cohort and GSE39582 values shown in Fig 6E and Suppl Fig S6 only (not in text)",NR,NR,NR,external,"Results 3.6 (text); Fig. 6C,E; Suppl. Fig. S6D-E (numeric values not in text)",prognostic_association,"High-risk score associated with shorter OS in TCGA train/test and GSE39582 (KM); associated with immune checkpoint expression, CIBERSORT infiltration and drug sensitivity",external_retrospective,performance_metric,TCGA-COAD randomly split 50/50 (train/test); further validation in independent public GSE39582 cohort; no clinical cohort or treatment-response validation of the risk score,no,no,retrospective_validation,NR,yes,none_stated,National Natural Science Foundation of China (82273140); Shanghai Jiao Tong University STAR plan (20190102),none_declared,Elevated epithelial AA metabolism associated with resistance to PD-1 blockade and an immunosuppressive TME; a six-gene risk score prognostic for OS in TCGA-COAD and GSE39582.,Few non-responders to neoadjuvant PD-1 blockade (n=4); translating scRNA-seq to bulk RNA-seq challenging; needs validation in larger independent cohorts; transcriptomics does not measure metabolites; mechanisms unclear,31-gene AA score (AUCell) splitting 23 GSE132465 patients into high (11) and low (12) AA groups; no performance metric. Psat1/Shmt2 knockdown increased Granzyme B in CD8+ T cells (in vitro).,yes,REV-ALCIDES,ai_assisted_single_reviewer,2026-10-07,partial,"Mechanistic discovery paper; decision coded discovery_no_decision (rule 8) although authors suggest stratification for PD-1 therapy. Model coded = six-gene risk score (ML-derived, LASSO-Cox, prognostic); AUC values and cohort N for TCGA-COAD/GSE39582 not in text (figures/supplement). n_analytic NR prevents complete. stage_context NA (public data without stage context).",yes,batch-26
REC-AICRCTX-000651,Chia2025,CAN-Scan: A multi-omic phenotype-driven precision oncology platform identifies prognostic biomarkers of therapy response for colorectal cancer.,2025,Cell Rep Med,10.1016/j.xcrm.2025.102053,peer_reviewed,metastatic_systemic,colorectal,"CRC patient-derived primary cells (31 primary, 16 metastatic) and clinical cohorts (TCGA COAD/READ, Thai, Korean, PETACC-307)",mixed_all_stages,"PDCs from primary and metastatic (liver, peritoneum) lesions; clinical validation cohorts stage not detailed in text",other,multicenter,Singapore; Thailand; South Korea; Belgium; TCGA,multiple,"47 CRC-PDCs (Singapore/Thai tissue) with 84-drug Cmax screen, WES, WTS (GSE287956); GDSC for benchmarking; clinical validation: TCGA (n=68-69), Thai Siriraj (25), PETACC-307 (688), Korean (59)",887,other,Introduction/Results (47 CRC-PDCs + TCGA 68 + Thai 25 + PETACC-307 688 + Korean 59; derived sum),NR,47,840,systemic_therapy_selection_response,"Predict response/resistance to 5-FU-based chemotherapy (and alternative drugs, e.g. regorafenib/vemurafenib in 5-FU-insensitive CRC) from molecular signatures","5-FU, FOLFOX, FOLFIRI; second-line alternatives",transcriptomics,PDC bulk gene expression (top 50 genes) as input for primary 5-FU-Cmax model; combined model adds SNVs (not primary); applied to bulk tumour expression of patients,regression,classical_ml,"ElasticNet (also SVR-linear, SVR-rbf, regression tree) trained on 47 CRC-PDCs to predict cell viability at Cmax",Top 50 Spearman-ranked genes correlated with 5-FU cell viability (100 genes for FOLFOX model),other_ai_model,GDSC-trained models (5-FU-GDSC-IC50/AUC) and PDC-AUC-trained models,Predicted 5-FU cell viability as proxy of patient response; stratification of clinical RFS/PFS/OS,other,"Log-rank p: Korean 5-FU RFS p=0.0085 (n=56); Korean FOLFOX RFS p=0.0013 (n=28); PETACC-307 RFS p<0.05 (n=688); Thai cohort trend p=0.066 (n=25); TCGA 5-FU responders vs non-responders and PFS/OS stratification significant (figure, n=68-69). No HR/AUC/C-index in text",NR,NR,NR,external,"Results (ML section); Fig. 5B,D,F,G,H; Fig. S7G-H",prognostic_association,"Predicted-viability groups stratified RFS (Korean, PETACC-307), PFS/OS (TCGA 5-FU-treated); no decision impact",external_multicenter,outcome_association,"Models trained on 47 CRC-PDCs only; applied without retraining to bulk tumour expression of four independent clinical cohorts (TCGA, Thai, Korean, PETACC-307) and evaluated by survival stratification (log-rank) / TCGA response labels; no true response label in most cohorts",no,no,retrospective_validation,no,yes,none_stated,Singapore NMRC grants; National Research Foundation grant; IAF-PP (GIS-PerkinElmer joint lab); A*STAR GIS-Core; Health Systems Research Institute Thailand,none_declared,Drug-specific ML models trained on PDC Cmax screening data predicted 5-FU/FOLFOX outcomes in four independent CRC cohorts and outperformed GDSC-based models; Chr7 gain/BRAF and expression signatures proposed as 5-FU resistance markers.,"PDC cultures lack tumour microenvironment (immune, stromal); small PDC sample (n=42-47) limits SNV associations",PDC-AUC-trained 5-FU models failed to predict clinical response; GDSC-based models weaker; combined 60-SNV+300-gene model predicted TCGA outcomes; STAD patients not stratified; 11-gene Chr7 signature and GAS8/WFS1 prognostic in TCGA 5-FU-treated patients (log-rank),yes,REV-ALCIDES,ai_assisted_single_reviewer,2026-10-07,complete,"INCONSISTENT: TCGA 5-FU cohort n=68 (Introduction) vs n=69 (Results); Korean n=59 overall vs 56 (5-FU) and 28 (FOLFOX). Discovery/biomarker platform with ML component; therapeutic decision coded systemic_therapy_selection_response (5-FU drug-class response). Primary model = PDC-5-FU-Cmax 50-gene ENet. No effect-size metric reported (p-values only; numeric data in figures/supplement), so primary_metric_value NR, n_performance NR; validation_basis outcome_association. n_analytic derived (47+68+25+688+59); n_unit other (PDCs and patients). PDC-5-FU-Cmax model trained on PDC data (PDC derived from patients).",yes,batch-26
REC-AICRCTX-000683,Li2024,Machine learning model predicting factors for incisional infection following right hemicolectomy for colon cancer.,2024,BMC Surg,10.1186/s12893-024-02543-8,peer_reviewed,other,colon,Right-sided colon cancer undergoing right hemicolectomy,mixed_all_stages,"pT1-T4, N0-N2 (Table 1); 28% received preoperative chemotherapy/radiotherapy",retrospective_cohort,single_center,China,own_cohort,"Shengjing Hospital of China Medical University, Jan 2018-Jan 2021, EHR data",322,patients,Results (Baseline information); Table 1,96,226,96,surgical_approach_or_complications,Predict risk of incisional (surgical site) infection after right hemicolectomy to enable targeted preventive strategies and perioperative care,Right hemicolectomy (perioperative),clinical_tabular,"16 demographic, preoperative laboratory and surgical variables (ASA, operation time, albumin, approach, suture type, etc.)",classification,deep_learning,"Fully connected neural network (2 hidden layers 96/48, ReLU, sigmoid output); also random forest, SVM (RBF), logistic regression","Variables selected by univariate p<0.05 and random forest importance (ASA, operation time, albumin, sutures at closure, surgical approach)",other_ai_model,"Logistic regression, random forest, SVM",30-day incisional infection (CDC SSI definition) after right hemicolectomy,AUC,"Deep learning: validation AUC 0.879 (0.768-0.963), F1 0.858; training AUC 0.885 (0.781-0.970), F1 0.906",0.879,0.768,0.963,internal_test,"Table 3 (Deep Learning, Validation); Results text",no,NA,internal_holdout,performance_metric,Stratified random 7:3 split (226 train / 96 validation) at a single centre; hyperparameters by grid/random search; no external validation,no,yes,research_only,NR,upon_request,none_stated,345 Talent Project of Shengjing Hospital (M1437); High-Quality Development Projects of China Medical University / Liaoning Dept of Science and Technology (2023JH2/20200151),none_declared,"Deep learning had the best validation AUC (0.879) for incisional infection after right hemicolectomy, above logistic regression (0.796), random forest (0.757) and SVM (0.737).",Retrospective single-institution design; needs larger multicentre and prospective validation; SSI consequences relatively minor in laparoscopic era (other complications more relevant),"Validation AUC: logistic regression 0.796 (F1 0.791), random forest 0.757 (F1 0.763), SVM 0.737 (F1 0.707). Random forest top-5 features: ASA, operation time, albumin, sutures at closure, surgical approach.",no,REV-ALCIDES,ai_assisted_single_reviewer,2026-10-07,complete,"INCONSISTENT: text reports DL AUC CI as ""0.781-0.670"" (table 0.781-0.970) and logistic validation CI 0.684-0.717 excludes AUC 0.796; multivariable results labelled ""Cox regression""/HR although logistic regression described. Only 14 infection events in total (small event count; training/validation split of events not clearly given). Table values preferred. Explainability coded yes for random forest feature importance only.",no,batch-26
REC-AICRCTX-000701,Huang2024,Habitat-based radiomics analysis for evaluating immediate response in colorectal cancer lung metastases treated by radiofrequency ablation.,2024,Cancer Imaging,10.1186/s40644-024-00692-w,peer_reviewed,other,colorectal,"CRC lung metastases treated with RFA; primary rectum 274/412 train lesions, colon the rest",metastatic,"Lung metastases <=3 cm, no extrapulmonary metastasis",retrospective_cohort,single_center,China,own_cohort,"Fudan University Shanghai Cancer Center, consecutive RFA Aug 2016-Jun 2019",515,other,Abstract/Methods: 515 lung metastases (lesions) in 233 patients,103,412,103,other,Assess immediate response (complete response) of lung metastases after radiofrequency ablation to support personalized treatment strategies,CT-guided percutaneous radiofrequency ablation of CRC lung metastases,radiology_imaging,Pre- and immediate post-ablation intraoperative CT; habitat + peritumoral (5 mm) radiomics; clinical model separate,classification,classical_ml,"Pyradiomics features, mRMR + LASSO, XGBoost (Habitat+Peri-5); other signatures RF, LightGBM, ExtraTrees; 3D UNet for segmentation",Habitat and peritumoral 5 mm radiomics features from pre- and post-RFA CT (71 selected features),clinical_model,"Clinical signature (CA19-9, systemic treatment, metastasis site, electrode type); Intra, Peri-5, Peri-10, Habitat radiomics signatures",Complete response vs non-complete response by mRECIST on CT >=6 months after RFA,AUC,"Habitat+Peri-5 test AUC 0.870 (95%CI 0.786-0.954), acc 0.853, sens 0.800, spec 0.867; train AUC 0.994 (Table 3). Clinical test AUC 0.697; Intra 0.769; Peri-5 0.825; Peri-10 0.816; Habitat 0.812",0.870,0.786,0.954,internal_test,"Table 3 (test cohort, Habitat + Peri-5)",no,Only immediate/early local ablation response; no survival outcomes,internal_holdout,performance_metric,Random 4:1 split at lesion level (412/103); multiple lesions per patient; single center; no external validation,yes,no,research_only,NR,upon_request,none_stated,National Natural Science Foundation of China (82272095); Shanghai Anticancer Association EYAS Project,none_declared,"Habitat+Peri-5 radiomics signature achieved the best test AUC for immediate RFA response, above clinical and intratumoral signatures.","Single-center retrospective, limited sample size; habitats not pathologically confirmed; needs multicenter prospective validation","Test AUC: Clinical 0.697, Intra 0.769, Peri-5 0.825, Peri-10 0.816, Habitat 0.812 (Table 3)",no,REV-ALCIDES,ai_assisted_single_reviewer,2026-10-07,complete,"INCONSISTENT: Results text gives Habitat+Peri-5 test AUC 0.846 whereas abstract, Discussion and Table 3 give 0.870; Table 3 value used. Lesion-level random split (515 lesions from 233 patients) so lesions of the same patient may fall in both train and test; train AUC 0.994 in Table 3 vs 0.972 in text.",no,batch-27
REC-AICRCTX-000704,Cui2024,A computed tomography-based multitask deep learning model for predicting tumour stroma ratio and treatment outcomes in patients with colorectal cancer: a multicentre cohort study.,2024,Int J Surg,10.1097/js9.0000000000001161,peer_reviewed,other,colorectal,Resected CRC (colon and rectum),mixed_all_stages,Resected CRC; 1846/2268 (81.4%) stage II-III per Results; AJCC 8th pTNM,retrospective_cohort,multicenter,China,own_cohort,"Four Chinese hospitals: Center I (training 956 + internal validation 240, 2014-2016), Center II (EVC1 509), Center III (EVC2 203), Center IV (EVC3 360, survival only)",2268,patients,Abstract/Methods,509,956,952,adjuvant_chemo_selection,Noninvasively predict TSR and prognosis; secondary aim: predict benefit from adjuvant chemotherapy in stage II/III,Adjuvant chemotherapy after radical surgery,radiology_imaging,"Preoperative portal-venous CT, largest tumour slice (TSR label from histology WSI via separate DL model)",classification,deep_learning,"Multitask deep learning network (multiscale features, receptive field attention, MMD-AE) predicting TSR status and overall survival",Preoperative CT tumour ROI (manual delineation),ablation_or_baseline_model,"Single-task TSR and survival networks, single-scale model, module ablations, fine-tuned multitask VGG16 and DenseNet121",Tumour-stroma ratio status (high >50% vs low) on histology; also OS/DFS,AUC,"TSR AUC: train 0.848 (0.820-0.875); internal validation 0.855 (0.800-0.910); EVC1 0.838 (0.802-0.874); EVC2 0.857 (0.804-0.909). OS C-index: TC 0.775, IVC 0.758, EVC1 0.779, EVC2 0.757, EVC3 0.672",0.838,0.802,0.874,external,"Results text and Fig 2A; most demanding external cohort chosen as EVC1 (largest, n=509)",prognostic_association,"MDL score independently prognostic for OS/DFS in all cohorts; interaction with adjuvant chemotherapy: high-MDLS benefit (stage II OS HR 0.405; stage III HR 0.446), low-MDLS none",external_multicenter,performance_metric,"Random split at Center I (956/240) plus 3 external centres (509, 203, 360); retrospective; chemo-benefit analysis observational non-randomized (n=1417 with chemo data)",yes,yes,retrospective_validation,yes,upon_request,other,Guangdong Key-Area R&D Program; NSFC grants; Guangdong Provincial Key Laboratory of AI in Medical Image Analysis; Shanxi Province Applied Basic Research,none_declared,"CT-based multitask DL model predicted TSR (AUC 0.838-0.857 in external cohorts) and survival, and stratified benefit from adjuvant chemotherapy in stage II/III.",Retrospective bias and distribution differences; only largest CT slice used; adjuvant chemotherapy non-randomized; biological meaning of DL features unclear,"Survival head: C-index 0.757-0.779 in validation cohorts, 0.672 in EVC3; integrated nomogram (MDLS + clinicopathology) improved prognostic accuracy; single-task TSR AUC 0.799-0.827",no,REV-ALCIDES,ai_assisted_single_reviewer,2026-10-07,complete,"INCONSISTENT: abstract chemo-benefit HRs (stage II 0.391, stage III 0.467) differ from Results (0.405, 0.446); Results used. Primary outcome is TSR (surrogate histology) and prognosis; adjuvant-chemo selection coded as the clinical claim. Reporting followed STROCSS (coded other). n_test = IVC+EVC1+EVC2 (TSR-evaluated).",no,batch-27
REC-AICRCTX-000711,Wesdorp2023,Identifying Genetic Mutation Status in Patients with Colorectal Cancer Liver Metastases Using Radiomics-Based Machine-Learning Models.,2023,Cancers (Basel),10.3390/cancers15235648,peer_reviewed,biomarker_actionable,colorectal,Colorectal cancer liver metastases (CRLM),metastatic,Initially unresectable liver-only CRLM (CAIRO5); external NKI cohort of CRLM with biopsy/NGS,trial_secondary_analysis,multicenter,Netherlands,multiple,CAIRO5 trial (NCT02162563; 66 centres; 255 patients with CT and KRAS status) + NKI retrospective external cohort (129),384,patients,Abstract/Results: 255 CAIRO5 + 129 NKI,129,204,180,targeted_therapy_biomarker,"Identify KRAS mutation status non-invasively, used in treatment selection (anti-EGFR) and prognostication",Systemic therapy incl. anti-EGFR targeted agents in CRLM,radiology_imaging,Pre-treatment portal-venous contrast CT; radiomics of all CRLM combined into one VOI per patient,classification,classical_ml,"Random forest, gradient boosting, GB+LightGBM, and voting ensemble on Pyradiomics features (RF-based selection, 10 features)",10 selected radiomics features (851 extracted; original and wavelet); ComBat applied to external set,other_ai_model,"Comparison among RF, GB, GBM, Ensemble",KRAS mutant vs wild-type,AUC,"External (n=129) AUC: RF 0.54 (0.44-0.64), GB 0.52 (0.42-0.62), GBM 0.56 (0.46-0.67), Ensemble 0.47 (0.37-0.56). Internal test (n=51): RF 0.77 (0.62-0.93), GB 0.77 (0.64-0.90), GBM 0.72 (0.57-0.87), Ensemble 0.86 (0.76-0.95); accuracy 0.80, 0.73, 0.71, 0.77",0.56,0.46,0.67,external,"Results text, Fig 5 and Table 2 (external validation, GBM)",no,No outcome analysis,external_retrospective,performance_metric,"Stratified 80:20 split of CAIRO5 (204/51) with 5-fold CV tuning; external validation in one centre (NKI, n=129)",yes,no,retrospective_validation,NR,NR,other,Dutch Cancer Society (KWF) projects 14002/2021-2 and 10438; Cancer Center Amsterdam Foundation unrestricted grant; CAIRO5 supported by unrestricted grants; SAS in-kind support,C.J.A.P. advisory role Nordic Pharma; H.A.M. co-founder/shareholder of Nicolab; funders had no role,Radiomics ML models identified KRAS status with AUC 0.72-0.86 in the internal test set but performed at chance level (AUC 0.47-0.56) in the external cohort.,Selected unresectable CRLM population; slice thickness differences; single radiologist verification; segmentations not tested for feature stability; all CRLM combined assuming uniform mutation status; no RAS/BRAF analysis,Ensemble internal-test AUC 0.86 (0.76-0.95) but external 0.47 (0.37-0.56); RF external 0.54; GB external 0.52,no,REV-ALCIDES,ai_assisted_single_reviewer,2026-10-07,complete,"No single declared primary model (four co-equal classifiers). Per rule 2(b), GBM chosen as best AUC in the most demanding (external) cohort (0.56); Ensemble is the best internal-test model (0.86). n_test = 51 internal + 129 external. Data availability: statement says a GitHub will be created (not yet available) coded NR. Reporting follows Radiomics Quality Score (coded other).",yes,batch-27
REC-AICRCTX-000712,Alshuhri2023,"Investigating the Feasibility of Predicting KRAS Status, Tumor Staging, and Extramural Venous Invasion in Colorectal Cancer Using Inter-Platform Magnetic Resonance Imaging Radiomic Features.",2023,Diagnostics (Basel),10.3390/diagnostics13233541,peer_reviewed,biomarker_actionable,colorectal,Colorectal cancer with rectal MRI (rectal MRF/EMVI assessment); site split not reported,mixed_all_stages,"Stages 2 (n=7), 3 (n=22), 4 (n=23) among 52 staged patients",retrospective_cohort,single_center,Saudi Arabia,own_cohort,"Oncology Department, National University Hospital, 2020-2022; two MRI scanners (GE Optima / Discovery 750)",60,patients,Abstract/Methods,28,32,28,targeted_therapy_biomarker,"Predict KRAS status (plus T/N stage, MRF, EMVI) to guide personalized treatment decisions",EGFR-targeted therapy eligibility (KRAS),radiology_imaging,T2W and DWI/ADC MRI radiomics (features from both sequences combined),classification,classical_ml,"Neural network (KRAS); SVM (TNM stage), KNN (MRF), logistic regression (EMVI); PCA dimensionality reduction","1702 radiomic features from ADC and T2W, reduced by PCA",other_ai_model,Different classifiers per task; no head-to-head across algorithms on KRAS,KRAS mutation status (KRAS+ vs KRAS-),AUC,"KRAS NN: train acc 72.93%, AUC 0.71; test acc 62.48%, AUC 0.68 (CI 0.41-0.93). TNM SVM test AUC 0.69, MRF KNN 0.578, EMVI LR 0.595 (Table 3)",0.68,0.41,0.93,internal_test,"Table 3 and Results text (testing, scanner 2)",no,No outcome analysis,internal_holdout,performance_metric,"Training on scanner 1 (n=32, repeated 5-fold CV) and testing on scanner 2 patients from the same hospital (n=28); same center, so not external",no,no,research_only,NR,yes,none_stated,"Deanship of Scientific Research, Prince Sattam bin Abdulaziz University (2022/03/20090)",none_declared,"MRI radiomics (ADC + T2W) with NN gave modest KRAS discrimination (test AUC 0.68, wide CI) and similarly modest staging/EMVI performance; feature stability across platforms was low.",Small sample; single-center design with selection bias,TNM stage SVM test AUC 0.69 (acc 72%); MRF KNN test AUC 0.578; EMVI logistic regression test AUC 0.595,no,REV-ALCIDES,ai_assisted_single_reviewer,2026-10-07,complete,"INCONSISTENT: test set n=28 in Methods but 30 in Results text (KRAS counts 9+19=28); staged cases sum to 52 of 60 (22+23+7). Table values used. Cross-scanner ICC feature stability reported >0.7 (low). Data availability: patient-level data in Supplementary Table S1 (coded yes). KRAS was taken as main model because it anchors title/abstract; other tasks (TNM, MRF, EMVI) in other_models_outcomes.",no,batch-27
REC-AICRCTX-000730,Cao2023,CT-based deep learning model for the prediction of DNA mismatch repair deficient colorectal cancer: a diagnostic study.,2023,J Transl Med,10.1186/s12967-023-04023-8,peer_reviewed,biomarker_actionable,colorectal,Primary colon and rectal cancer,mixed_all_stages,Primary CRC with surgery; clinical T and N stages recorded; stage mix not summarized,retrospective_cohort,multicenter,China,own_cohort,"Institution 1 Sixth Affiliated Hospital Sun Yat-sen (n=1606, temporal split 2012-2018/2018-2020); Institution 2 First Affiliated Hospital Zhengzhou (n=206 external)",1812,patients,Abstract/Methods,206,1124,688,immunotherapy_msi_selection,"Stratify MMR status to enable individual clinical treatment decision making (immunotherapy eligibility, adjuvant chemo)",dMMR/MSI-H: immunotherapy; no benefit from adjuvant chemotherapy,radiology_imaging,"Pretreatment contrast-enhanced abdominopelvic CT, ROI-free, three axes",classification,hybrid,"MMRnet: ResNet101 per axis (x,y,z) fused by Gaussian process regression",Whole-volume portal venous CT slices in three axial directions (no tumor segmentation),other_ai_model,ResNet101 vs VGG-19; ROI-based vs ROI-free preliminary experiment; uniaxial vs multi-axis,dMMR vs pMMR by IHC,AUC,"External (n=206) AUC 0.915 (0.870-0.960), sens 0.896, spec 0.934, acc 0.913, PPV 0.945, NPV 0.876; internal validation (n=482) AUC 0.986 (0.971-1.000), sens 0.995, spec 0.966, acc 0.988",0.915,0.870,0.960,external,Table 2 (external validation cohort),no,No outcome analysis,external_retrospective,performance_metric,"Temporal internal validation (institution 1, n=482) and one external institution (n=206)",no,yes,retrospective_validation,NR,upon_request,none_stated,"National Natural Science Foundation of China (82001765, 82272800)",none_declared,ROI-free CT deep learning (MMRnet) predicted dMMR with AUC 0.986 internally and 0.915 externally.,Retrospective with selection bias; prospective multicenter validation needed; (external cohort limitations per Discussion),"ResNet101 outperformed VGG-19 (AUC 0.997 in the ResNet-only analysis, Fig S2); uniaxial AUCs 0.944, 0.762, 0.984 (X, Y, Z)",no,REV-ALCIDES,ai_assisted_single_reviewer,2026-10-07,complete,n_test = 482 temporal internal validation + 206 external. Methods state images were divided into training and test files by axial direction (slice-level split) in model development; unclear whether patient-level separation held for the ResNet-only comparison (AUC 0.997). A 100-patient preliminary experiment (ROI vs ROI-free) used institution-1 data. External dMMR prevalence 44.2% vs 24.3% internal.,no,batch-27
REC-AICRCTX-000739,Jing2022,Predicting Mismatch-Repair Status in Rectal Cancer Using Multiparametric MRI-Based Radiomics Models: A Preliminary Study.,2022,Biomed Res Int,10.1155/2022/6623574,peer_reviewed,biomarker_actionable,rectum,"Rectal cancer, surgically resected, treatment-naive (no prior pelvic therapy)",mixed_all_stages,No stage restriction; palliative resections excluded; pathologic TN stage recorded (Table 1),retrospective_cohort,multicenter,China,own_cohort,Changhai Hospital 2018-2019 (111; 78 train/33 test) and Ruijin Hospital Luwan Branch 2020 (65 external),176,patients,Methods/Results: 111 + 65,65,78,98,immunotherapy_msi_selection,Preoperative MMR status for personalized treatment strategies (ICI eligibility; nCRT response),Immune checkpoint inhibitors for dMMR; also nCRT considerations in discussion,radiology_imaging,"Preoperative rectal MRI: T2WI, DWI (b=1000), CE-T1WI, radiomics",classification,classical_ml,"LASSO feature selection + linear-kernel SVM (Radcloud, SMOTE for imbalance)","4 selected radiomics features from combined T2WI, DWI, CE-T1WI (of 3770)",ablation_or_baseline_model,"Single-sequence models (T2WI, DWI, CE-T1WI) vs combined model",dMMR vs pMMR by IHC on surgical specimen,AUC,"Modelcombination: external validation (n=65) AUC 0.874 (0.768-0.943), sens 0.909, spec 0.815, acc 0.831; test (n=33) AUC 0.901 (0.746-0.977), acc 0.939; train (n=78) AUC 0.910 (0.823-0.963), acc 0.859",0.874,0.768,0.943,external,"Table 3 (validation set, Modelcombination)",no,No outcome analysis,external_retrospective,performance_metric,"Random 70/30 split at Changhai (78/33) plus one external hospital (65, different scanners)",no,no,retrospective_validation,NR,upon_request,none_stated,Action Plan of Major Diseases Prevention and Treatment (2017ZX01001S12); Shanghai Integrated Traditional Chinese and Western Medicine Special Project (ZHYY-ZXYJHZX-201901),none_declared,"Multisequence MRI radiomics SVM predicted MMR status in rectal cancer with AUC 0.874 in the external set, outperforming single-sequence models.","Small, unbalanced sample with selection bias and low generalizability; manual segmentation; deep learning not explored","External AUC: T2WI 0.721, DWI 0.603, CE-T1WI 0.702; test AUC 0.707, 0.568, 0.691",no,REV-ALCIDES,ai_assisted_single_reviewer,2026-10-07,complete,Stage context coded mixed_all_stages as the paper applies no stage restriction (not explicitly stated). n_test = 33 internal test + 65 external. Only 31 dMMR cases overall (20 + 11). SMOTE applied in training only.,no,batch-27
REC-AICRCTX-000742,Zhou2022,Evaluation of stromal cell infiltration in the tumor microenvironment enable prediction of treatment sensitivity and prognosis in colon cancer.,2022,Comput Struct Biotechnol J,10.1016/j.csbj.2022.04.037,peer_reviewed,adjuvant_risk,colon,"Colon cancer (GEO meta cohort, TCGA-COAD, SYSUCC)",mixed_all_stages,Stage I-III colon cancer (GSE39582 stages I-III in Table 1); chemo-benefit effect strongest in stage II,bioinformatic_public_data,public_database,NR,multiple,"Five GEO colon datasets (meta-GEO, GSE39582 main) N=990; TCGA-COAD n=382; SYSUCC in-house RNA-seq n=30; plus pan-cancer TCGA (4898) and 4 immunotherapy cohorts (467) as extensions",1402,patients,Abstract: GEO 990 + TCGA-COAD 382 + SYSUCC 30 (colon only; pan-cancer and immunotherapy cohorts excluded),990,990,412,adjuvant_chemo_selection,Stromal infiltration score to identify patients who benefit from fluorouracil-based adjuvant chemotherapy and prognosis,Fluorouracil-based adjuvant chemotherapy after surgery,transcriptomics,"Bulk gene expression (31-gene signature, ssGSEA-derived TME cell clusters)",signature_discovery,classical_ml,Unsupervised TME clustering + elastic net + LASSO-Cox (glmnet) producing 31-gene SIIS,"Bulk transcriptome; 31 genes (11 positive, 20 negative Cox coefficients)",none,NA (published signatures only compared descriptively in TCGA-COAD),Relapse-free and overall survival; adjuvant chemotherapy benefit,HR,"Multivariable HR per unit SIIS in meta-GEO: RFS 1.58 (1.26-1.96), OS 1.42 (1.14-1.78); univariable RFS 1.52 (1.36-1.70), OS 1.36 (1.18-1.56) (Table 1). SIIS discriminating TMECS1 vs TMECS2 AUC 0.90, vs all others 0.82 (Fig 2F). TCGA-COAD and SYSUCC validation reported qualitatively/graphically",1.58,1.26,1.96,train,"Table 1 (MVA RFS, meta-GEO development cohort)",prognostic_association,High SIIS associated with higher relapse/mortality and no adjuvant chemotherapy survival benefit; also lower response to immunotherapy in 4 non-CRC cohorts,external_retrospective,outcome_association,Development in meta-GEO (990); validation of associations in TCGA-COAD (382) and SYSUCC (30) public/retrospective cohorts; no classification metric in validation cohorts,no,no,retrospective_validation,NR,yes,none_stated,"National Natural Science Foundation of China (82102731, 82073303); Natural Science Foundation of Guangdong Province",none_declared,A 31-gene stromal infiltration score was an independent prognostic factor and identified high-stroma colon cancers that did not benefit from adjuvant chemotherapy; associations replicated in TCGA-COAD and SYSUCC.,Retrospective datasets; prospective validation needed; optimal SIIS cutoff not established,"SIIS AUC 0.90/0.82 for TMECS1 vs others; pan-cancer survival association and 4 immunotherapy cohorts (n=467) with lower response in high SIIS; mechanistic CRISPR SAM screen (ADCY4, WNT-PCP, SIAH2-GPX3)",no,REV-ALCIDES,ai_assisted_single_reviewer,2026-10-07,complete,"Primary metric is the development-cohort multivariable HR (continuous SIIS), so performance_cohort=train; validation cohorts support only outcome association (basis outcome_association). N analytic covers colon cohorts only. GEO data public (GSE39582 etc.); SYSUCC data upon request. Treatment context partly inferred; SYSUCC n=30.",no,batch-27
REC-AICRCTX-000752,Song2022,A multitask dual-stream attention network for the identification of KRAS mutation in colorectal cancer.,2022,Med Phys,10.1002/mp.15361,peer_reviewed,biomarker_actionable,colorectal,CRC in title; rectal cancer in keywords/contributions (pelvic T2 MRI); MSD pretraining CT from MSKCC,NR,NR,retrospective_cohort,single_center,China,multiple,"Shanxi Province Cancer Hospital pelvic T2 MRI (Nov 2016-Jun 2018; 369 patients, 306 retained) plus public Medical Segmentation Decathlon colon CT (126 patients) used only to pretrain segmentation part",306,patients,"Methods (Local data set: 306 patients retained, 3817 lesion patches)",270,270,36,targeted_therapy_biomarker,Identify KRAS mutation status for prognosis and personalized treatment (anti-EGFR resistance),"Anti-EGFR antibody therapy (cetuximab, panitumumab)",radiology_imaging,T2-weighted pelvic MRI lesion patches (150x150 resized to 128x128) with segmentation mask,segmentation_plus_prediction,deep_learning,"MTDSAN: multitask dual-stream attention network (U-Net-variant segmentation + identification subnetworks, interlayer loss)",T2 MRI patch plus predicted lesion mask; segmentation encoder features as attention guidance,other_ai_model,"VGG16, ResNet50, AlexNet, MobileNet, DenseNet121, InceptionV3, Xception and published radiomics/DL KRAS methods; ablations of attention modules and interlayer loss",KRAS mutant vs wild-type (biopsy),AUC,"15-fold CV mean+-SD: acc 89.95+-1.23%, sens 89.29+-1.79%, spec 90.53+-2.45%, AUC 95.73+-0.52%; Dice 88.11+-0.86% (segmentation). Held-out test of 382 images from 36 cases mentioned but separate results not clearly itemized",0.9573,NR,NR,cross_validation,"Abstract and Table 1 (MTDSAN row, mean +- SD across 15 folds)",no,No outcome analysis,internal_cv,performance_metric,"15-fold CV with an additional ~10% random case-level test set (36 cases, 382 images); single device; no external data; unclear whether folds split by patient or patch",no,yes,research_only,NR,upon_request,none_stated,"National Natural Science Foundation of China (61972274, 61872261); Natural Science Foundation of Shanxi (201801D121139); Taiyuan 2019-nCoV project (XG2020-5-04)",none_declared,"MTDSAN reported KRAS mutation identification AUC 0.957 and accuracy 89.95% in 15-fold CV on single-center T2 MRI, outperforming comparator CNNs.",Patches resized to 128x128 may distort structure; training and test data from the same imaging device with no cross-device evaluation,Segmentation Dice 88.11%; comparator CNNs and ablated variants lower accuracy (Tables 1-6),no,REV-ALCIDES,ai_assisted_single_reviewer,2026-10-07,partial,"Stage not reported (stage_context NR) so status partial. Abstract reports metrics from 15-fold CV while also stating a 36-case test set (382 images); the paper does not clearly separate test-set results, so performance_cohort coded cross_validation. Lesion patches (3817 from 306 patients) are the modeling unit; fold assignment may be patch-level (possible leakage; not stated). n_train/n_performance derived as 306-36=270 patients.",yes,batch-27
REC-AICRCTX-000754,Bilal2021,Development and validation of a weakly supervised deep learning framework to predict the status of molecular pathways and key mutations in colorectal cancer from routine histology images: a retrospective study.,2021,Lancet Digit Health,10.1016/s2589-7500(21)00180-1,peer_reviewed,biomarker_actionable,colorectal,TCGA-CRC-DX colon and rectal adenocarcinoma (primary tumours); PAIP external cohort colorectal,mixed_all_stages,TCGA stages I-IV (stage-stratified AUROC in appendix); PAIP stage NR,retrospective_cohort,multicenter,"USA (TCGA, 36 centres); South Korea (PAIP, 3 centres)",public_database,"TCGA-CRC-DX (502 slides, 499 patients; labels from Liu et al. and Kather et al.); external PAIP challenge cohort (47 slides, PCR-based MSI)",546,patients,derived: 499 TCGA patients (502 slides; Methods) + 47 PAIP slides (Methods/Table); PAIP patient count NR so 47 slides treated as units,47,NR,47,immunotherapy_msi_selection,"Predict MSI (and other molecular pathways/mutations) from H&E to stratify patients for targeted therapies and immunotherapy; ""crucial for optimal therapeutic decision making""",Immune checkpoint inhibitors (MSI-high); anti-EGFR (KRAS/BRAF); encorafenib+cetuximab (BRAF),digital_pathology,"H&E whole-slide images, tile-based",classification,hybrid,"Three-model pipeline: ResNet18 tumour-tile detector; adapted ResNet34 trained by iterative draw and rank sampling (IDaRS, weakly supervised) for slide labels; HoVer-Net nuclear segmentation + SVM feature importance for cellular composition analysis",Tumour tiles (256 um) from H&E WSIs,other_ai_model,"Published AUROCs from Kather 2019 (train-test split), Echle 2020 (3-fold CV) and Kather 2020 for the same TCGA-CRC-DX cohort","MSI status (MSI vs MSS) from H&E; also hypermutation, CIN, CIMP, BRAF, TP53, KRAS status",AUC,"MSI: external PAIP (n=47) AUROC 0.98, AUPRC 0.95; TCGA Kather split (n=359, 62 MSI) AUROC 0.90 (SD 0.01), AUPRC 0.72; TCGA 4-fold CV (n=428) AUROC 0.86 (SD 0.04), AUPRC 0.62. Other labels (4-fold CV): hypermutation 0.81, CIN 0.83, CIMP-high 0.79, BRAFmut 0.79, TP53mut 0.73, KRASmut 0.60",0.98,NR,NR,external,Table (Validation of prediction on TCGA-CRC-DX and PAIP datasets; MSI external row); Results text reports internal split/CV values,no,Association of predicted labels with cell composition/TIL only; no patient outcomes,external_multicenter,performance_metric,"4-fold CV in TCGA-CRC-DX; Kather train/test split; model trained on TCGA and tested on PAIP external cohort (47 slides from 3 centres in South Korea, 12 MSI/35 MSS, PCR labels)",no,yes,retrospective_validation,upon_request,yes,none_stated,UK Medical Research Council (MR/P015476/1); PAIP data funded by Korea Health Industry Development Institute,MI grants from Roche; DS personal fees from Royal Philips; NMR research funding from GSK and PathLAKE (partly funded by Royal Philips); others none,"IDaRS outperformed prior methods on TCGA-CRC-DX for hypermutation, MSI, CIN, BRAF and TP53; MSI AUROC 0.90 on Kather split and 0.98 on a small external cohort; TIL/necrosis associated with MSI.",Small external cohort (47 slides); sampling/hyperparameters possibly suboptimal; imperfect nuclear classification; needs large-scale multicentre validation before clinical use,Per-label models trained separately; see performance_value,no,REV-ALCIDES,ai_assisted_single_reviewer,2026-10-07,complete,"Multiple co-primary molecular labels; MSI chosen as primary (immunotherapy selection; only label with external validation). External AUROC 0.98 has no CI; n_train NR (CV folds, not a fixed split). PAIP is 3 centres so coded external_multicenter (external set drawn from a single challenge dataset). Code available subject to IP constraints.",yes,batch-28
REC-AICRCTX-000756,Li2021,Quantitative Prediction of Microsatellite Instability in Colorectal Cancer With Preoperative PET/CT-Based Radiomics.,2021,Front Oncol,10.3389/fonc.2021.702055,peer_reviewed,biomarker_actionable,colorectal,Colon and rectum (rectum 36.4%); primary tumour ROI,mixed_all_stages,"Stage I-IV (I 6.4%, II 26.6%, III 37.6%, IV 29.4%); patients with neoadjuvant therapy excluded",retrospective_cohort,single_center,China,own_cohort,Fudan University Shanghai Cancer Center; 154 patients 2010-2018 + 19 MSS patients 2018-2020 with preoperative 18F-FDG PET/CT,173,patients,"Results, Demographics; Table 1 (13 MSI-H, 160 MSS)",82,91,82,immunotherapy_msi_selection,"Non-invasive preoperative MSI status to ""optimize the treatment decision support"" (prognosis, adjuvant chemotherapy and immunotherapy selection)",Immunotherapy (anti-PD-1) and adjuvant chemotherapy decisions according to MSI status,radiology_imaging,"Preoperative 18F-FDG PET/CT radiomics (PyRadiomics, 2,492 features); clinical features were candidates in selection but final model used only 2 radiomic features",classification,classical_ml,BalancedBagging ensemble with AdaBoost base classifiers; random-forest ensemble feature selection after random under-sampling,Two wavelet radiomic features (PET LHH first-order skewness; CT HHL first-order root mean squared),ablation_or_baseline_model,"CEA-only, CT-feature-only, PET-feature-only and CEA+CT+PET versions of the model (Table 2)","MSI-H vs MSS/MSI-L (by MMR IHC, PCR if doubtful)",AUC,"Independent validation (n=82): AUC 0.828, accuracy 0.768, sensitivity 0.833, specificity 0.763 (CT+PET); CT only AUC 0.832, PET only 0.684, CEA only 0.692, CEA+CT+PET 0.803; no cross-validation or training performance reported",0.828,NR,NR,temporal,Abstract; Results (Performance of the Radiomics Signature); Table 2,no,NA,temporal_same_center,performance_metric,2010-2018 patients randomly split 6:4 (train/validation); 19 additional 2018-2020 MSS patients added to the validation set; single centre; validation set n=82 includes only about 6 MSI-H,no,yes,research_only,NR,upon_request,none_stated,"National Natural Science Foundation of China (81771861, 81971648); Shanghai Scientific and Technological Innovation Program; National Key R&D Project",NR,"A two-feature PET/CT radiomics ensemble predicted MSI status with AUC 0.828 (sens 83.3%, spec 76.3%) in a small single-centre validation set; selected features correlated with clinical variables.",NR (no explicit limitations section); authors note imbalanced data prevented cross-validation,Ablations: CT only AUC 0.832 (acc 0.817); PET only 0.684; CEA only 0.692; CEA+CT+PET 0.803,no,REV-ALCIDES,ai_assisted_single_reviewer,2026-10-07,complete,"Validation set mixes random hold-out of the 2010-2018 cohort and 19 later MSS patients, so coded temporal_same_center / temporal (judgement). Validation counts: sens 83.3% and spec 76.3% imply ~6 MSI-H and 76 MSS in n=82; the text TP/TN/FN/FP labels (5 TP, 58 TN, 18 FN, 1 FP) appear inconsistent with these. n_train derived: 173-82. CT-only model had slightly higher AUC (0.832) than the CT+PET model chosen by authors. No COI statement found.",yes,batch-28
REC-AICRCTX-000763,Jang2020,Prediction of clinically actionable genetic alterations from colorectal cancer histopathology images using deep learning.,2020,World J Gastroenterol,10.3748/wjg.v26.i40.6207,peer_reviewed,biomarker_actionable,colorectal,TCGA-COAD and TCGA-READ combined; SMH surgically resected sporadic CRC,NR,NR (stage not reported for TCGA or SMH cohorts),retrospective_cohort,mixed,USA (TCGA); South Korea (Seoul St. Mary Hospital),multiple,TCGA-COAD/READ frozen and FFPE WSIs (629 patients); own SMH cohort of 142 patients (2017-2019) with panel sequencing as external set,771,patients,Abstract/Methods: 629 TCGA + 142 SMH,142,NR,142,targeted_therapy_biomarker,"Predict ""clinically actionable"" mutations (APC, KRAS, PIK3CA, SMAD4, TP53) from H&E as complementary method to determine optimal therapeutic strategy / personalized treatment","Mutation-guided therapy (e.g., anti-EGFR resistance with KRAS/PIK3CA mutations)",digital_pathology,"H&E WSIs, 360x360 px patches at 20x; frozen and FFPE slides",classification,deep_learning,Inception-v3 patch classifiers (separate per gene and per tissue type) after CNN tissue/non-tissue and Inception-v3 normal/tumour classifiers; slide score = mean patch probability,Tumour patches (tumour probability >0.9) from H&E WSIs,none,None; TCGA-only vs TCGA+SMH training compared,"Mutation status (mutant vs wild-type) of TP53 (chosen primary; also APC, KRAS, PIK3CA, SMAD4)",AUC,"TP53 TCGA-FFPE-trained classifier on external SMH (n=142) AUC 0.775; SMH external other genes: APC 0.654, KRAS 0.581, PIK3CA 0.570, SMAD4 0.652. TCGA 10-fold CV concatenated AUC frozen/FFPE: APC 0.771/0.742, KRAS 0.778/0.645, PIK3CA 0.713/0.690, SMAD4 0.693/0.763, TP53 0.809/0.783. TCGA+SMH mixed training, 10-fold CV on SMH: APC 0.812, KRAS 0.832, PIK3CA 0.769, SMAD4 0.782, TP53 0.845; on TCGA: 0.766, 0.694, 0.708, 0.791, 0.822",0.775,NR,NR,external,"Results, Tests on external cohorts paragraph (Supplementary Figure 1 per text); Figures 2-8",no,NA,external_retrospective,performance_metric,Patient-level 10-fold CV within TCGA (frozen and FFPE); TCGA FFPE-trained classifiers applied to single-centre SMH cohort (142 patients); then mixed TCGA+SMH training with 10-fold CV. Best of at least 5 classifiers per gene chosen by AUC on test data,no,no,retrospective_validation,NR,no,none_stated,Research Fund of Seoul St. Mary's Hospital (program year 2018),none_declared,Five gene mutations were predictable from H&E (TCGA AUCs 0.645-0.809) but generalised modestly to an external Korean cohort (AUC 0.570-0.775); adding SMH data to training improved performance.,Classifiers sensitive to dataset differences (frozen vs FFPE need separate models); black-box interpretation; separate classifier per gene; not yet sufficient for clinical use,Other genes and frozen vs FFPE variants in performance_value; mixed TCGA+SMH models reported separately,no,REV-ALCIDES,ai_assisted_single_reviewer,2026-10-07,partial,"No single primary model: five co-primary gene classifiers; chosen TP53 as best AUC in the most demanding (external) cohort per rule 2b, though KRAS is the most therapeutically actionable (external KRAS AUC 0.581). stage_context NR (stage not reported), so status partial. n_train NR: balanced sampling (<1.4 fold) applied but per-gene numbers only in Supplementary Table 1. Best-of-5 classifier selected on test-set AUC (possible optimistic selection). Data statement: ""No additional data are available"" (TCGA inputs are public).",yes,batch-28
REC-AICRCTX-000764,Park2020,A data-driven approach to a chemotherapy recommendation model based on deep learning for patients with colorectal cancer in Korea.,2020,BMC Med Inform Decis Mak,10.1186/s12911-020-01265-0,peer_reviewed,metastatic_systemic,colorectal,Colon and rectal cancer patients undergoing surgery; separate NCCN colon/rectal guidelines used for comparison,mixed_all_stages,TNM stage (pathology) is an input variable; GCCTP/NCCN comparison covers M0 and M1 protocols; stage distribution in Supplementary Tables,retrospective_cohort,single_center,South Korea,own_cohort,"EMR data of Gachon Gil Medical Center, patients with colorectal cancer surgery 2004-2012 (Colorectal Cancer CDM)",1169,patients,"Results, Table 2 (final dataset 1169 instances after chart review/preprocessing; initial 1511)",234,935,234,adjuvant_chemo_selection,"Recommend postoperative chemotherapy regimen (5-FU/LV, XELODA, FOLFOX, FOLFIRI, or surveillance) as a clinical decision support system",Postoperative chemotherapy regimen after colorectal cancer surgery,clinical_tabular,"Structured EMR variables (demographics, comorbidities, pathology, TNM stage, K-ras/N-ras/BRAF, etc.); 54 input features after one-hot encoding",classification,deep_learning,"C3R: feed-forward deep neural network (54-64-128-256-64-5, dropout, Adam), bootstrap oversampling of minor classes; SHAP for explanation","54 one-hot/scaled EMR variables (demographics, disease, cancer, tumour, genetic characteristics, TNM)",guideline_or_tumor_board,"Concordance of C3R recommendations with NCCN guidelines and the Gachon Colorectal Cancer Treatment Protocol (GCCTP); also SVM, decision tree, KNN, random forest compared on same data",Historically administered postoperative chemotherapy regimen (5 classes incl. surveillance),AUC,"Held-out test set (n=234, 80/20 split): overall AUC 0.98, precision 0.92, recall 0.98, F1 0.95 (per class AUC 0.96-1.00). Concordance in 200 random test cases: NCCN Top-1 70.5%, Top-2 84%; GCCTP (n=176) Top-1 57.95%, Top-2 77.84%",0.98,NR,NR,internal_test,"Results, Performance of C3R; Table 4 (Total row); Table 6 for guideline concordance",no,"NA; model recommends the historically given regimen, no outcome evaluation",internal_holdout,performance_metric,Random 8:2 train/test split of a single-centre EMR dataset; bootstrap oversampling applied to training set only; concordance with NCCN/GCCTP in 200 random test instances (24 excluded for GCCTP),no,yes,research_only,NR,upon_request,none_stated,IITP grant funded by Korean government (MSIT) 2018-2-00861; funder had no role,none_declared,A DNN trained on single-centre EMR to reproduce historical postoperative regimens achieved AUC 0.98 on held-out data but only 70.5% (Top-1) concordance with NCCN and 57.9% with the local protocol.,Single-institution data; limited generalisability; few XELODA and FOLFIRI samples; Korean insurance (HIRA) constraints reduce concordance with NCCN; prospective test with clinicians planned,"SVM AUC 0.85, decision tree 0.93, KNN 0.82, random forest 0.92 (Table 5)",no,REV-ALCIDES,ai_assisted_single_reviewer,2026-10-07,complete,"Target is the regimen actually given (historical practice), not outcome-optimised. Table 2 header reads ""Patients (N)"" for 1511/1169; 1169 treated as patients (instances) though possible multiple records per patient not stated. AUC assumed to be on the 234-instance test set (not explicitly stated). Test AUC 0.98 on oversampled-training model; 4/5 classes have few test cases.",no,batch-28
REC-AICRCTX-000777,GoliaPernicka2019,Radiomics-based prediction of microsatellite instability in colorectal cancer at initial computed tomography evaluation.,2019,Abdom Radiol (NY),10.1007/s00261-019-02117-w,peer_reviewed,biomarker_actionable,colon,"Resected colon cancer (right 61%, left)",locally_advanced_resectable,Stage II-III colon cancer (resected),retrospective_cohort,single_center,United States,own_cohort,"Memorial Sloan Kettering surgical database, consecutive stage II-III colon cancer resections 2004-2012 with IHC MMR status and preoperative portal-venous CT (152 scans from outside institutions)",198,patients,"Abstract; Results (Patients); Table 1 (134 MSS, 64 MSI)",59,139,59,immunotherapy_msi_selection,"Non-invasive preoperative MSI prediction to ""contribute to personalized treatment selection"" (immunotherapy vs 5-FU-based chemotherapy; neoadjuvant stratification)",Immune checkpoint blockade vs 5-FU-based (neo)adjuvant chemotherapy,radiology_imaging,"Preoperative portal venous CT, 254 intensity-based radiomic features; clinical variables (age, tumour side) added in the combined model (not multimodal per rule 9: combined model = radiomic + clinical)",classification,classical_ml,"Random forest classifier on radiomic (GLCM, RLM, LBP, fractal, histogram, ACM) features; three models: clinical, radiomic, combined","Combined model: age, tumour location (right/left) plus selected radiomic features (40 radiomic features in radiomic model)",ablation_or_baseline_model,Clinical-only (AUC 0.74) and radiomic-only (AUC 0.76) models,MSI (MMR protein loss by IHC) vs MSS,AUC,"Combined model: test AUC 0.79 (sens 31.6%, spec 92.5%, PPV 66.7%, NPV 74%); train AUC 0.80 (sens 44.4, spec 96.8). Radiomic only: test 0.76, train 0.74; clinical only: test 0.74, train 0.75",0.79,NR,NR,internal_test,Abstract; Results (Multivariate prediction models); Table 2,no,NA,internal_holdout,performance_metric,Random 70/30 split (139 training / 59 test) of a single-centre cohort; no external or temporal validation,no,no,research_only,NR,NR,none_stated,NIH/NCI Cancer Center Support Grant P30 CA008748; MSK Colorectal Cancer Research Center CC50367,none_declared,A random forest combining CT radiomics and clinical variables predicted MSI in stage II-III colon cancer with test AUC 0.79 (specificity 92.5% but sensitivity 31.6%).,Heterogeneous CT protocols/outside scanners; single-centre retrospective (needs prospective multicentre validation); manual segmentation variability; MSI-enriched cohort (32%),"Radiomic-only test AUC 0.76 (sens 31.6, spec 95); clinical-only test AUC 0.74 (sens 63.2, spec 70)",no,REV-ALCIDES,ai_assisted_single_reviewer,2026-10-07,complete,Stage II-III coded locally_advanced_resectable (judgement; neither purely early nor all stages). Abstract states clinical-only AUC 0.74 and radiomic-only 0.76 (test values; training 0.75/0.74 per Table 2). Only 19 MSI patients in test set (sens 31.6% = 6/19). Author accepted manuscript (peer reviewed).,no,batch-28
REC-AICRCTX-000791,Adegbosin2026,"Explainable, Lightweight Deep Learning for Colorectal Cancer Microsatellite Instability Screening in Low-Resource Settings",2026,,10.64898/2026.04.18.26350809,preprint,biomarker_actionable,colorectal,TCGA colorectal cancer (colon and rectum); patch-level images,NA,NA (public image-patch dataset without clinical context reported),bioinformatic_public_data,public_database,NA,public_database,"Public Zenodo repository (zenodo.org/records/2530835) of Macenko-normalised 224x224 patches from TCGA colorectal WSIs (411,890 patches; 46,705 MSI + 46,705 MSS used)",93410,images,"Methods 2.2 (46,705 images each of MSS and MSI); patient number NR",9341,74728,9341,immunotherapy_msi_selection,MSI screening to support prognostication and therapeutic decision making (immunotherapy eligibility) in low-resource settings,Immunotherapy for MSI colorectal cancer; MSI screening pre-selection for confirmatory testing,digital_pathology,"H&E histology image patches (224x224 px, 0.5 um/pixel)",classification,deep_learning,"EfficientNet_B0 (pretrained CNN) selected as best efficiency/performance; compared with simple CNN, CNN with attention, ResNet18/50, VGG16/19; Grad-CAM",H&E image patches,other_ai_model,"Six other CNN architectures (Simple_CNN, CNNAttentionOnly, ResNet18, ResNet50, VGG16, VGG19) and literature models",MSI vs MSS classification at image-patch level,AUC,"EfficientNet_B0 test set: AUROC 0.990, accuracy 0.936, NPV 0.923, sensitivity 0.919, specificity 0.953; 4.01M params, 0.38 GFLOPs",0.99,NR,NR,internal_test,Abstract; Results 3.1; Table 1,no,NA,internal_holdout,performance_metric,"Random 80:10:10 train/validation/test split of image patches; split described at image level, patient-level separation not stated; no external validation",no,yes,research_only,NR,yes,none_stated,No funding,none_declared,Pretrained lightweight CNNs (EfficientNet_B0) reached patch-level AUROC 0.99 for MSI vs MSS on a TCGA patch dataset with low compute cost; an attention CNN gave the most intuitive Grad-CAM.,"Training data (TCGA, mostly US/Caucasian) not indigenous to target low-resource populations; no cellular annotations for interpretability; no external validation; comparison with pathologists not done","Test AUROC: Simple_CNN 0.840, CNNAttentionOnly 0.930, ResNet18 0.980, ResNet50 0.990, VGG16 0.980, VGG19 0.990",no,REV-ALCIDES,ai_assisted_single_reviewer,2026-10-07,complete,"Patches randomly split 80:10:10 with no stated patient-level separation (possible leakage of patches from the same slide across sets); metrics are patch-level. Number of patients/slides NR. Model main = EfficientNet_B0 (authors named best balance), although ResNet50 and VGG19 had equal AUROC 0.990. Journal blank in input (medRxiv). n_train/n_test derived from 80/10 split of 93,410.",no,batch-28
REC-AICRCTX-000799,Zhang2026,CT4CMS: Preoperative Computed Tomography-Based Consensus Molecular Subtyping Prediction in Colorectal Cancer Using Interpretable Deep Learning,2026,,10.64898/2026.03.08.26347898,preprint,other,colorectal,Primary colorectal cancer with preoperative contrast-enhanced CT and surgery,NR,"TNM stage collected (Tables S1,S3-S5, not in main text); chemotherapy-benefit analyses focused on stage II/III",retrospective_cohort,multicenter,China,multiple,"SYSU-CRC discovery (n=416, CT + RNA expression), SYSU-SAH internal validation (n=1,671, CT only), Liaoning Cancer Hospital external validation (n=357, CT only); five public CT datasets (>5,000 volumes) for self-supervised pretraining",2444,patients,Abstract; Results (Study design); Methods (Patient cohorts),416,416,2028,adjuvant_chemo_selection,Preoperative CMS prediction to guide precision/personalised therapy; predicted CMS4 patients (stage II/III) benefit from adjuvant chemotherapy,Adjuvant chemotherapy (and potentially neoadjuvant treatment) stratified by consensus molecular subtype,radiology_imaging,"Preoperative contrast-enhanced abdominopelvic CT, manually segmented tumour ROI; 3D volumes",classification,deep_learning,CT4CMS: 3D Swin-Transformer pretrained with multiscale masked image modelling (self-supervised) feeding an attention-based multiple-instance-learning classifier (MLP head),3D tumour-region CT features,other_ai_model,"Radiomics (816 features + MLP), SwinUNETR and MaskedIM backbones with the same MIL classifier",Four-class CMS (CMS1-4) from RNA-expression-derived labels,AUC,"Five-fold CV in SYSU-CRC (n=416): overall AUC 0.867; per-class AUC CMS1 0.857, CMS2 0.863, CMS3 0.862, CMS4 0.862. Baselines: radiomics 0.586, SwinUnetr 0.736, MaskedIM 0.807. Validation cohorts have no CMS labels (no AUC); predicted CMS4 associated with DFS in SYSU-SAH (P=3.69e-6) and Liaoning (P=0.043)",0.867,NR,NR,cross_validation,Abstract; Results (CT4CMS accurately predicted CMS subtypes); Figure 3A,prognostic_association,"Predicted CMS4 had worse DFS in both validation cohorts; predicted CMS4 (not CMS1-3) showed DFS benefit from adjuvant chemotherapy vs surgery alone (observational, retrospective)",external_retrospective,outcome_association,"Model trained/cross-validated (5-fold) on SYSU-CRC with RNA-derived CMS labels; applied to SYSU-SAH (same institution as discovery, different cohort) and Liaoning (external single site) lacking CMS labels, evaluated only by survival and chemotherapy-benefit associations",no,yes,retrospective_validation,upon_request,upon_request,none_stated,Shenzhen Medical Research Funds; CUHK startup/direct grants; Hong Kong Research Grants Council; Health and Medical Research Fund; Jiangxi Overseas High-Level Talent Project,none_declared,A self-supervised 3D CT model predicted CMS with cross-validated AUC 0.867 in 416 patients; predicted CMS4 tumours had poorer DFS and apparent adjuvant chemotherapy benefit in two CT-only validation cohorts.,Retrospective design with selection bias; manual tumour segmentation required (variability); needs prospective validation,Baselines in performance_value; radiomic interpretability analysis of high-attention regions (51 significant features),yes,REV-ALCIDES,ai_assisted_single_reviewer,2026-10-07,partial,"Validation cohorts (SYSU-SAH, Liaoning) have no CMS reference labels, so validation_basis=outcome_association and performance_cohort=cross_validation (SYSU-CRC). stage_context coded mixed_all_stages (all primary CRC with surgery; stage distribution only in supplement; chemotherapy analysis restricted to stage II/III): judgement. AUC 0.867 is the overall (presumably macro) 4-class value; no CI. Stage breakdown and Table S1 in supplement not available. [Blind-QA adjudication 2026-10-07: stage_context: mixed_all_stages -> NR; extraction_status: complete -> partial]",yes,batch-28
REC-AICRCTX-000809,Aswolinskiy2025,Uncertainty-Aware Triage of Microsatellite Instability Status in Colorectal Cancer from H&E-Stained Whole-Slide Images,2025,,10.1101/2025.11.14.25340218,preprint,biomarker_actionable,colorectal,Colorectal cancer resection specimens (biopsy slides excluded),NR,NR (stage not reported),retrospective_cohort,multicenter,"Germany; UK (Northern Ireland); South Korea; training TCGA/CPTAC (USA), SurGen NR",multiple,"Training: TCGA (421 slides), CPTAC (221), SurGen (850) = 1,492 slides; evaluation: five external cohorts ATB Heidelberg (653), NIB (250), ING (99), PAIP (47), TR (45) = 1,094 slides",2336,patients,"Methods, Table 1 (cases: 1,242 training + 1,094 evaluation; 2,586 slides)",653,1242,1094,immunotherapy_msi_selection,"MSI prediction from H&E for MSS triage (reduce MSI/MMR testing; MSI informs diagnosis, prognosis and therapeutic decision-making)",Immunotherapy for MSI tumours vs chemotherapy for MSS; triage before confirmatory PCR/IHC,digital_pathology,H&E whole-slide images; 224x224 px patches at 1 um/px encoded by H-Optimus-0 foundation model,classification,deep_learning,"PB-Reg-Top10: ensemble of 100 attention-based multiple-instance-learning (ABMIL) models on H-Optimus-0 register-token embeddings (penultimate block), top-10 attended patches; bootstrap CI-based abstention (MSS / MSI / Undetermined)",Patch embeddings from H&E WSIs,other_ai_model,"Wagner et al. public model (CTransPath + transformer) and four ablation variants of the proposed model (class vs register token, last vs penultimate layer, all patches vs top-10)",MSI vs MSS (reference PCR for ATB; other cohorts per source) with MSS triage at 95% TPR threshold,AUC,"AUC (95% CI), PB-Reg-Top10 external: ATB 0.959 (0.945-0.972), NIB 0.974 (0.954-0.989), ING 0.983 (0.954-1.000), TR 0.995 (0.977-1.000), PAIP 0.993 (0.971-1.000). Triage with abstention: coverage 59/59/78/60/78%, sensitivity 97.7/98.0/100/100/100% (ATB/NIB/ING/PAIP/TR), NPV 98.6/98.0/100/100/100%",0.959,0.945,0.972,external,"Results, Table 2 (ATB column) and Table 3",no,NA,external_multicenter,performance_metric,"Training on public TCGA/CPTAC/SurGen (25 four-fold splits, 100-model ensemble, patient-level folds); evaluation on five independent external cohorts from different centres",no,yes,retrospective_validation,NR,no,none_stated,NR,"Two authors (W.A., C.A.) are PAICON GmbH employees; others none","A 100-model ABMIL ensemble with uncertainty-based abstention gave external AUCs 0.959-0.995 and, for MSS triage, sensitivity >97% with 59-78% of slides classified as MSS.",Resection specimens only (biopsy validation needed); QC relies on tumour-area segmentation and manual QA; slide-level (not patient-level) evaluation; no cohort-specific calibration,"Ablation variants and Wagner baseline AUCs in Table 2 (e.g., Wagner ATB 0.910, NIB 0.979)",no,REV-ALCIDES,ai_assisted_single_reviewer,2026-10-07,partial,"stage_context NR (no stage information), so status partial. Headline claim is triage sensitivity/coverage (abstract) but coded AUC as performance_metric to give a CI-bearing number; triage metrics in performance_value. Primary cohort ATB (largest, PCR-based labels, n=653). PAIP overlaps with other registry records using the same public challenge cohort (47 slides). Evaluation data cannot be shared; training data are public; web app SatSightDX available after registration (code not released); no funding statement. ATB, ING, TR labels details beyond ATB (PCR) not specified in main text.",no,batch-28
REC-AICRCTX-000812,Reddy2023,Can pre-treatment MRI and CT radiomics improve prediction of complete pathological response in locally advanced rectal cancer following neoadjuvant treatment?,2023,Research Square (preprint),10.21203/rs.3.rs-3756695/v1,preprint,neoadj_pcr_ww,rectum,Locally advanced rectal cancer (LARC),locally_advanced_rectal,"cT2 6.7%, T3 68.7%, T4 24.7%; N+ 89.3%; nCRT (80) or TNT (70) then TME",retrospective_cohort,single_center,India,own_cohort,"Christian Medical College Vellore; nCRT + TME, 2017-2019 (336 screened)",150,patients,"Results, Patient characteristics, p.7; Table 1",NR,NR,NR,neoadjuvant_response,"Predict pCR before treatment; potential to guide organ preservation / watch-and-wait or intensification (future use, validation needed)",Neoadjuvant chemoradiation (or TNT) followed by TME,multimodal,Baseline T2W-MRI radiomics (100 PyRadiomics features) and/or planning CT radiomics (103) plus 11 clinical features,classification,classical_ml,"Random Forest (best classifier for clinical + T2W-MR merged model); also SVM, LR, MLP; SMOTE, grid search, repeated stratified 3-fold CV","Clinical baseline features + 4 selected T2W-MR radiomic features (Boruta/SelectKBest/LASSO, 3-step selection)",ablation_or_baseline_model,"Clinical-only and radiomics-only models (T2W-MR, planning CT) and CT-merged models",pCR (Ryan TRG complete response) vs incomplete response,AUC,"Clinical+T2W-MR RF AUC: train 0.797, test 0.706, validation 0.718 (0.716-0.719); clinical 0.676 validation; T2W-MR 0.621; planning CT 0.618; clinical+CT SVM 0.658 (train 0.984, test 0.813); all three LR 0.664; Ryan TRG multiclass: clinical 0.581, T2W-MR 0.567, CT 0.524 validation",0.718,0.716,0.719,internal_test,"Table 3 (validation set column, Clinical + T2W-MR Radiomics row)",no,NA,internal_holdout,performance_metric,"Single-center; repeated stratified 3-fold CV with train/test, plus a held-out validation set (size and split not reported); bootstrap (n=1000) CIs; no external validation",no,no,research_only,NR,no,none_stated,CMC Major Research Grant (Christian Medical College Vellore),none_declared,"Combining clinical and baseline T2W-MR radiomics gave the best pCR prediction (validation AUC 0.72), above clinical (0.68) and radiomics-only (0.62) models; planning CT added little.","Single-institution retrospective, small sample, variable image acquisition and contrast use, non-high-resolution MR, no external validation; low pCR prevalence; poor TRG multiclass performance",Other models in Table 3 (clinical RF 0.676; T2W-MR RF 0.621; CT LR 0.618; clinical+CT SVM 0.658; clinical+MR+CT LR 0.664) and Table 4 (Ryan TRG 4-class).,yes,REV-ALCIDES,ai_assisted_single_reviewer,2026-10-07,complete,INCONSISTENT: Methods say TRG0 = pCR while Table 1 labels pCR as TRG 1 (58 pts); study period June 2017-Dec 2019 (abstract) vs Jan 2017-Dec 2019 (methods); text gives merged-model AUC 0.80 train vs Table 3 0.797 and states clinical-model train/test/val as 0.841/0.69/0.68 (consistent with Table 3). Values from Table 3 used. Split sizes of train/test/validation and n_performance not reported (possibly in supplement A3-A8). Very narrow CIs reflect bootstrap of fixed predictions. Main model = abstract-declared best (clinical + T2W-MR).,no,batch-29
REC-AICRCTX-000823,Yildiz2024,Gradient Boosting Machine based prediction of chemotherapy response and role of p53 mutational and smoking status for progression free survival in metastatic colorectal cancer,2024,Research Square (preprint),10.21203/rs.3.rs-4265594/v1,preprint,tox_surg,colorectal,"Metastatic CRC; right colon 21, left colon 80 (as reported)",metastatic,"Metastatic at diagnosis 59, not metastatic at diagnosis 42 (later metastatic); stage IV on first-line chemotherapy",retrospective_cohort,single_center,Turkey,own_cohort,"Necmettin Erbakan University Hospital, Jul 2017-Jul 2023; patients screened for p53",101,patients,"Results, Baseline characteristics; Table 1",NR,NR,NR,systemic_therapy_selection_response,Predict response to first-line chemotherapy; identify responders and suggest alternative chemotherapy for non-responders,First-line chemotherapy for metastatic CRC,clinical_tabular,"Clinical features plus MMR, RAS and p53 status as tabular covariates",classification,classical_ml,LightGBM (tuned); 15 models compared (pycaret-style),"Age, sex, ECOG, comorbidity, smoking pack-years, metastatic status/dimension/organ systems, liver-only mets, tumor location, RAS, p53, MMR",other_ai_model,14 other ML algorithms compared on baseline accuracy,Best response to first-line chemotherapy (PR/CR vs SD/PD),accuracy,"Baseline LightGBM accuracy 0.71 (AUC 0.686); tuned accuracy 0.79; macro-average AUC 0.82, micro 0.81, class AUCs 0.79",0.79,NR,NR,NR,Abstract/Results text; Table 2 (baseline) and Table 3 ROC figure (AUC 0.82),prognostic_association,Cox PFS: p53 mutant HR 0.52 (P=0.008) and smoking pack-years HR 0.99 (P=0.039) in multivariable analysis; mPFS 11.6 mo overall (not by predicted class),internal_cv,performance_metric,Evaluation scheme (CV vs hold-out split) not described; baseline comparison table looks like cross-validated model comparison; no external validation,yes,yes,research_only,NR,NR,none_stated,NR,none_declared,"Tuned LightGBM predicted first-line chemotherapy response with accuracy 0.79 and macro AUC 0.82; age, max metastatic dimension and metastatic status were top features; p53 mutation and smoking pack-years associated with PFS.",NR (none explicitly stated; prospective trials called for),"14 other algorithms, baseline accuracy 0.50-0.67 (Table 2); Cox PFS analysis (Tables 5-8).",no,REV-ALCIDES,ai_assisted_single_reviewer,2026-10-07,complete,"Validation scheme is not described, so validation_level internal_cv is a conservative coding and performance_cohort=NR; accuracy 0.79 (abstract headline) chosen as primary metric, AUC 0.82 in performance_value. Tables are embedded images read from the PDF. Data availability statement contains only ethics text (NR). Genetic variables (MMR/RAS/p53) are model inputs but treated as tabular covariates (clinical_tabular). Centre listed 21 right vs 80 left colon (includes rectum presumably, not stated); coded colorectal. Univariate p53 HR 1.78 (P=0.019) vs multivariable Exp(B) 0.52 as reported. patient_outcomes coded prognostic_association based on Cox PFS of covariates, not predicted class.",yes,batch-29
REC-AICRCTX-000830,Ozawa2022,Endoscopic Image-based Radiomics Classifiers for the Prediction of Neoadjuvant Chemoradiotherapy Response in Rectal Cancer Patients,2022,Research Square (preprint),10.21203/rs.3.rs-1717256/v1,preprint,tox_surg,rectum,Middle and low locally advanced rectal cancer (<5 cm from AV in 66%),locally_advanced_rectal,"cStage II 32%, III 68%; NA-CRT then TME",retrospective_cohort,single_center,Japan,own_cohort,"Teikyo University Hospital, Oct 2007-Dec 2019 (140 reviewed, 90 included)",90,patients,"Methods Patients; Fig.1; Table 2 (88 pts/2,474 pre-CRT images; 90 pts/2,781 post-CRT images)",88,NR,NR,neoadjuvant_response,"Predict pCR / good response to NA-CRT; pre-CRT prediction to avoid unnecessary NA-CRT, post-CRT pCR prediction for watch-and-wait","Neoadjuvant chemoradiotherapy (fluoropyrimidine, S-1+OX or S-1+IRI) with 45-50.4 Gy",endoscopy,"White-light colonoscopy images, manual ROI, 860 texture features per image (MATLAB, Vallieres toolbox)",classification,classical_ml,"Cubic SVM (pre-CRT pCR); 12 classical models compared (SVM variants, KNN, LDA, QDA, LR, trees); 10-fold double CV","43 texture features x 20 parameters = 860 per image (histogram, GLCM, GLRLM, GLSZM, NGTDM)",other_ai_model,12 classical ML classifiers compared,pCR (CRT grade 3) from pre-CRT endoscopic images,AUC,"pCR pre-CRT cubic SVM AUROC 0.816 per image (acc 84%) and 0.904 per patient (sens 70%, spec 100%, acc 97%); pCR post-CRT quadratic SVM 0.839 per image, 0.958 per patient (acc 96%); CRT-response Gaussian SVM pre-CRT 0.792 per image, 0.857 per patient (acc 80-81%); post-CRT 0.841 per image, 0.950 per patient (acc 89%)",0.904,NR,NR,cross_validation,"Abstract; Results patient-basis section; Table 3 (pCR, pre-CRT, per patient)",no,NA; classifier scores unassociated with pre-CRT T stage; post-CRT score associated with pathological T stage,internal_cv,performance_metric,"10-fold double (nested) cross-validation, image-level with patient-level averaging; fold assignment by patient vs image not stated; single center; no external validation",no,no,research_only,NR,NR,none_stated,JSPS KAKENHI Grant-in-Aid for Young Scientists JP19K16810,none_declared,"Endoscopic texture-radiomics SVM classifiers predicted pCR from pre-CRT images (patient-basis AUROC 0.904) and post-CRT images (0.958), and good response (0.857/0.950), within single-center double CV.",Retrospective single-center; double CV used because of small numbers of patients/images; external validation and prospective study needed,Post-CRT pCR quadratic SVM (AUROC 0.839 image / 0.958 patient); CRT-response Gaussian SVM pre-CRT (0.792/0.857) and post-CRT (0.841/0.950).,yes,REV-ALCIDES,ai_assisted_single_reviewer,2026-10-07,complete,"Four co-primary tasks (pCR/response x pre/post-CRT) with no declared winner; per rule 2 chose the abstract-first pre-CRT pCR model (treatment-relevant timing), per-patient AUROC 0.904 (per-image 0.816 in performance_value). Only 10 pCR patients (CRT grade 3). Text states 80% per-patient accuracy for pre-CRT response, Table 3 shows 81%. Several images per patient: leakage across folds cannot be excluded as fold assignment not described. Table 3 layout garbled in text extraction; values read from Results text and table. Journal field empty in input; preprint.",yes,batch-29
